order_id,customer_id,order_date,payment_method
O00001,C0409,2025-05-30,Credit Card
O00002,C0420,2025-07-29,Net Banking
O00003,C0072,2025-11-21,UPI
O00004,C0124,2025-05-10,Debit Card
O00005,C0367,2025-08-05,Net Banking
O00006,C0038,2025-08-18,Cash
O00007,C0246,2025-10-26,Net Banking
O00008,C0274,2025-09-17,Net Banking
O00009,C0279,2025-01-19,UPI
O00010,C0360,2025-10-02,Cash
O00011,C0327,2025-02-13,Credit Card
O00012,C0394,2025-05-08,UPI
O00013,C0086,2025-11-28,Cash
O00014,C0023,2025-10-16,Net Banking
O00015,C0496,2025-06-19,Net Banking
O00016,C0055,2025-01-06,Credit Card
O00017,C0133,2025-04-24,Cash
O00018,C0383,2025-09-23,Cash
O00019,C0298,2025-12-19,Cash
O00020,C0114,2025-08-17,UPI
O00021,C0201,2025-08-26,Cash
O00022,C0354,2025-09-14,Debit Card
O00023,C0177,2025-01-13,Net Banking
O00024,C0054,2025-06-01,Net Banking
O00025,C0472,2025-02-13,Credit Card
O00026,C0426,2025-03-14,UPI
O00027,C0160,2025-06-25,Net Banking
O00028,C0402,2025-04-16,Cash
O00029,C0248,2025-06-28,Net Banking
O00030,C0050,2025-08-13,Net Banking
O00031,C0164,2025-02-04,UPI
O00032,C0023,2025-12-30,Credit Card
O00033,C0012,2025-06-25,Credit Card
O00034,C0347,2025-03-26,Debit Card
O00035,C0265,2025-03-31,Cash
O00036,C0082,2025-06-19,Cash
O00037,C0219,2025-08-25,Debit Card
O00038,C0409,2025-07-27,Debit Card
O00039,C0096,2025-11-24,Net Banking
O00040,C0203,2025-01-15,Cash
O00041,C0453,2025-04-12,Net Banking
O00042,C0304,2025-08-08,Net Banking
O00043,C0003,2025-12-27,Debit Card
O00044,C0106,2025-05-23,Credit Card
O00045,C0296,2025-02-22,Cash
O00046,C0096,2025-07-07,UPI
O00047,C0101,2025-08-23,Credit Card
O00048,C0135,2025-12-10,Net Banking
O00049,C0271,2025-11-24,UPI
O00050,C0306,2025-07-18,Cash
O00051,C0201,2025-10-28,Credit Card
O00052,C0179,2025-06-30,Net Banking
O00053,C0317,2025-03-30,UPI
O00054,C0471,2025-11-11,Cash
O00055,C0044,2025-12-11,Debit Card
O00056,C0161,2025-03-02,Debit Card
O00057,C0157,2025-03-01,Debit Card
O00058,C0192,2025-12-22,Debit Card
O00059,C0262,2025-07-18,Net Banking
O00060,C0306,2025-03-12,Cash
O00061,C0197,2025-08-05,Debit Card
O00062,C0250,2025-11-22,Cash
O00063,C0356,2025-11-27,Debit Card
O00064,C0285,2025-03-27,Net Banking
O00065,C0148,2025-03-13,Debit Card
O00066,C0162,2025-08-19,Cash
O00067,C0028,2025-07-03,Credit Card
O00068,C0249,2025-03-11,Debit Card
O00069,C0418,2025-07-16,Cash
O00070,C0259,2025-12-01,Net Banking
O00071,C0210,2025-12-17,Net Banking
O00072,C0213,2025-12-30,Net Banking
O00073,C0251,2025-03-27,Credit Card
O00074,C0290,2025-01-16,Debit Card
O00075,C0150,2025-01-17,UPI
O00076,C0116,2025-10-03,UPI
O00077,C0087,2025-08-23,Cash
O00078,C0381,2025-09-11,Cash
O00079,C0262,2025-02-27,Cash
O00080,C0059,2025-05-18,Cash
O00081,C0422,2025-07-07,Cash
O00082,C0422,2025-01-22,Net Banking
O00083,C0280,2025-04-22,Net Banking
O00084,C0053,2025-12-01,Debit Card
O00085,C0153,2025-01-17,Net Banking
O00086,C0135,2025-06-28,Credit Card
O00087,C0225,2025-03-02,Debit Card
O00088,C0108,2025-10-29,UPI
O00089,C0441,2025-12-30,Cash
O00090,C0324,2025-08-08,Debit Card
O00091,C0316,2025-03-13,Debit Card
O00092,C0417,2025-04-16,Credit Card
O00093,C0292,2025-06-29,Cash
O00094,C0144,2025-11-02,Cash
O00095,C0087,2025-06-15,UPI
O00096,C0149,2025-10-21,UPI
O00097,C0488,2025-09-21,Credit Card
O00098,C0070,2025-07-30,Credit Card
O00099,C0142,2025-12-02,Debit Card
O00100,C0360,2025-03-09,Debit Card
O00101,C0075,2025-12-31,UPI
O00102,C0425,2025-05-07,Net Banking
O00103,C0251,2025-03-14,Cash
O00104,C0324,2025-05-18,Net Banking
O00105,C0193,2025-08-20,Credit Card
O00106,C0325,2025-02-17,Net Banking
O00107,C0264,2025-05-23,UPI
O00108,C0233,2025-09-07,UPI
O00109,C0298,2025-01-02,Credit Card
O00110,C0375,2025-08-23,UPI
O00111,C0436,2025-02-02,Cash
O00112,C0204,2025-04-22,Net Banking
O00113,C0423,2025-04-19,Net Banking
O00114,C0138,2025-06-15,UPI
O00115,C0173,2025-10-08,Cash
O00116,C0067,2025-10-17,Net Banking
O00117,C0404,2025-06-25,Credit Card
O00118,C0024,2025-02-20,Net Banking
O00119,C0009,2025-03-05,Debit Card
O00120,C0226,2025-08-22,Credit Card
O00121,C0491,2025-08-08,Debit Card
O00122,C0353,2025-03-09,UPI
O00123,C0082,2025-05-21,Credit Card
O00124,C0336,2025-07-04,UPI
O00125,C0043,2025-07-10,Debit Card
O00126,C0027,2025-07-22,UPI
O00127,C0372,2025-12-25,Debit Card
O00128,C0220,2025-12-02,Credit Card
O00129,C0361,2025-02-18,Credit Card
O00130,C0110,2025-09-02,Credit Card
O00131,C0068,2025-10-31,Debit Card
O00132,C0266,2025-12-15,Net Banking
O00133,C0005,2025-01-05,UPI
O00134,C0419,2025-03-03,Net Banking
O00135,C0356,2025-03-09,Net Banking
O00136,C0037,2025-04-28,Net Banking
O00137,C0046,2025-02-22,Credit Card
O00138,C0161,2025-07-08,UPI
O00139,C0071,2025-07-15,Debit Card
O00140,C0329,2025-12-13,Debit Card
O00141,C0036,2025-09-29,Cash
O00142,C0005,2025-11-09,Debit Card
O00143,C0226,2025-06-29,Debit Card
O00144,C0322,2025-03-19,Net Banking
O00145,C0316,2025-12-18,Net Banking
O00146,C0441,2025-04-22,Credit Card
O00147,C0460,2025-02-21,Debit Card
O00148,C0386,2025-03-05,Cash
O00149,C0374,2025-07-16,UPI
O00150,C0494,2025-08-08,UPI
O00151,C0406,2025-03-13,Debit Card
O00152,C0142,2025-11-27,Credit Card
O00153,C0128,2025-10-11,Cash
O00154,C0308,2025-11-08,UPI
O00155,C0399,2025-12-20,Credit Card
O00156,C0435,2025-12-04,UPI
O00157,C0106,2025-09-23,Cash
O00158,C0261,2025-04-07,Net Banking
O00159,C0152,2025-11-27,Credit Card
O00160,C0402,2025-05-03,Net Banking
O00161,C0198,2025-02-27,Debit Card
O00162,C0256,2025-11-23,Cash
O00163,C0037,2025-09-28,Credit Card
O00164,C0185,2025-06-12,Debit Card
O00165,C0199,2025-10-19,Net Banking
O00166,C0188,2025-10-07,Debit Card
O00167,C0391,2025-08-30,Credit Card
O00168,C0009,2025-10-28,Credit Card
O00169,C0008,2025-05-15,Debit Card
O00170,C0021,2025-01-31,Net Banking
O00171,C0260,2025-05-27,Cash
O00172,C0393,2025-08-01,Net Banking
O00173,C0360,2025-07-25,Credit Card
O00174,C0328,2025-10-02,Cash
O00175,C0316,2025-03-20,UPI
O00176,C0043,2025-06-08,Credit Card
O00177,C0262,2025-04-15,Debit Card
O00178,C0275,2025-06-17,Net Banking
O00179,C0301,2025-11-21,Credit Card
O00180,C0159,2025-12-24,Net Banking
O00181,C0374,2025-05-03,Credit Card
O00182,C0126,2025-02-14,Net Banking
O00183,C0060,2025-08-21,Cash
O00184,C0312,2025-01-29,UPI
O00185,C0342,2025-12-03,Debit Card
O00186,C0062,2025-01-07,Debit Card
O00187,C0360,2025-01-06,Debit Card
O00188,C0255,2025-06-27,Cash
O00189,C0265,2025-05-13,Debit Card
O00190,C0191,2025-03-06,UPI
O00191,C0376,2025-03-02,Credit Card
O00192,C0172,2025-08-08,UPI
O00193,C0269,2025-02-02,UPI
O00194,C0365,2025-10-23,Credit Card
O00195,C0255,2025-08-22,Cash
O00196,C0185,2025-01-29,Net Banking
O00197,C0440,2025-10-18,Debit Card
O00198,C0189,2025-03-22,UPI
O00199,C0396,2025-02-22,Cash
O00200,C0346,2025-03-01,Debit Card
O00201,C0380,2025-09-18,Credit Card
O00202,C0023,2025-01-07,Debit Card
O00203,C0024,2025-08-30,UPI
O00204,C0197,2025-03-18,Debit Card
O00205,C0477,2025-01-19,Cash
O00206,C0412,2025-12-02,Net Banking
O00207,C0115,2025-06-14,Debit Card
O00208,C0214,2025-06-13,UPI
O00209,C0423,2025-02-09,Cash
O00210,C0191,2025-03-03,Cash
O00211,C0345,2025-01-27,Debit Card
O00212,C0115,2025-09-22,Credit Card
O00213,C0489,2025-07-25,Credit Card
O00214,C0450,2025-08-27,UPI
O00215,C0397,2025-06-09,UPI
O00216,C0045,2025-10-11,Net Banking
O00217,C0005,2025-07-08,Debit Card
O00218,C0150,2025-10-16,UPI
O00219,C0379,2025-11-15,Debit Card
O00220,C0238,2025-07-08,Cash
O00221,C0498,2025-09-10,Debit Card
O00222,C0376,2025-10-07,Debit Card
O00223,C0078,2025-01-04,Net Banking
O00224,C0013,2025-04-30,Cash
O00225,C0178,2025-11-22,Credit Card
O00226,C0487,2025-06-21,Credit Card
O00227,C0389,2025-12-03,Net Banking
O00228,C0435,2025-06-07,Credit Card
O00229,C0106,2025-09-29,Debit Card
O00230,C0215,2025-09-09,Credit Card
O00231,C0498,2025-03-14,UPI
O00232,C0048,2025-01-23,Debit Card
O00233,C0460,2025-09-24,Net Banking
O00234,C0359,2025-07-10,Net Banking
O00235,C0499,2025-02-13,Cash
O00236,C0049,2025-09-16,Debit Card
O00237,C0327,2025-07-21,Credit Card
O00238,C0304,2025-10-18,Credit Card
O00239,C0223,2025-12-06,Debit Card
O00240,C0122,2025-05-30,UPI
O00241,C0436,2025-06-11,Net Banking
O00242,C0359,2025-06-17,UPI
O00243,C0232,2025-05-20,Debit Card
O00244,C0039,2025-04-14,Debit Card
O00245,C0400,2025-10-27,Credit Card
O00246,C0080,2025-02-24,Debit Card
O00247,C0231,2025-08-27,UPI
O00248,C0209,2025-03-03,Cash
O00249,C0184,2025-04-17,Net Banking
O00250,C0158,2025-08-26,UPI
O00251,C0437,2025-03-03,Credit Card
O00252,C0081,2025-12-18,UPI
O00253,C0424,2025-12-27,Cash
O00254,C0021,2025-04-21,UPI
O00255,C0076,2025-02-16,Debit Card
O00256,C0496,2025-07-02,Net Banking
O00257,C0263,2025-01-26,UPI
O00258,C0134,2025-03-31,Credit Card
O00259,C0488,2025-07-27,Net Banking
O00260,C0285,2025-10-09,Debit Card
O00261,C0049,2025-08-25,Credit Card
O00262,C0412,2025-03-13,Credit Card
O00263,C0007,2025-02-01,Debit Card
O00264,C0067,2025-04-12,Net Banking
O00265,C0191,2025-12-18,Credit Card
O00266,C0299,2025-10-28,UPI
O00267,C0470,2025-02-08,Credit Card
O00268,C0034,2025-04-12,Net Banking
O00269,C0415,2025-03-07,Credit Card
O00270,C0464,2025-06-19,Credit Card
O00271,C0022,2025-08-25,Credit Card
O00272,C0087,2025-10-21,Net Banking
O00273,C0421,2025-07-22,Net Banking
O00274,C0016,2025-07-15,Net Banking
O00275,C0089,2025-07-01,Debit Card
O00276,C0466,2025-04-06,UPI
O00277,C0144,2025-08-17,Debit Card
O00278,C0018,2025-11-11,Cash
O00279,C0316,2025-05-06,UPI
O00280,C0256,2025-07-30,Cash
O00281,C0246,2025-02-01,Credit Card
O00282,C0144,2025-07-16,Debit Card
O00283,C0215,2025-04-13,Cash
O00284,C0128,2025-11-19,Cash
O00285,C0407,2025-01-10,Net Banking
O00286,C0401,2025-07-03,Net Banking
O00287,C0279,2025-09-06,UPI
O00288,C0468,2025-10-17,Cash
O00289,C0165,2025-07-18,UPI
O00290,C0093,2025-01-14,UPI
O00291,C0306,2025-04-23,Credit Card
O00292,C0459,2025-05-24,Credit Card
O00293,C0415,2025-08-30,Cash
O00294,C0184,2025-10-27,Debit Card
O00295,C0499,2025-03-23,Credit Card
O00296,C0127,2025-12-03,Debit Card
O00297,C0137,2025-10-01,Credit Card
O00298,C0392,2025-04-23,Cash
O00299,C0434,2025-07-18,UPI
O00300,C0479,2025-03-30,Debit Card
O00301,C0122,2025-10-31,UPI
O00302,C0413,2025-12-24,UPI
O00303,C0468,2025-10-30,Credit Card
O00304,C0361,2025-12-25,UPI
O00305,C0486,2025-10-18,Cash
O00306,C0073,2025-10-16,Debit Card
O00307,C0429,2025-09-10,Cash
O00308,C0159,2025-03-31,Net Banking
O00309,C0020,2025-02-16,Credit Card
O00310,C0120,2025-11-05,Debit Card
O00311,C0011,2025-09-27,Net Banking
O00312,C0001,2025-06-19,Cash
O00313,C0104,2025-03-08,UPI
O00314,C0368,2025-04-01,UPI
O00315,C0031,2025-01-12,Debit Card
O00316,C0301,2025-12-27,Debit Card
O00317,C0397,2025-02-26,Cash
O00318,C0441,2025-07-06,Credit Card
O00319,C0192,2025-12-27,Net Banking
O00320,C0301,2025-02-21,UPI
O00321,C0155,2025-06-15,Debit Card
O00322,C0500,2025-03-22,Net Banking
O00323,C0406,2025-11-24,Net Banking
O00324,C0333,2025-06-12,Debit Card
O00325,C0363,2025-10-15,Cash
O00326,C0403,2025-07-02,Debit Card
O00327,C0341,2025-10-29,Debit Card
O00328,C0194,2025-06-07,UPI
O00329,C0066,2025-04-01,Credit Card
O00330,C0486,2025-12-26,Cash
O00331,C0201,2025-10-18,Credit Card
O00332,C0094,2025-11-05,UPI
O00333,C0472,2025-11-10,Debit Card
O00334,C0328,2025-10-17,Credit Card
O00335,C0480,2025-09-12,Debit Card
O00336,C0170,2025-02-09,Debit Card
O00337,C0178,2025-06-13,Debit Card
O00338,C0326,2025-02-15,UPI
O00339,C0229,2025-01-06,UPI
O00340,C0108,2025-05-08,Credit Card
O00341,C0180,2025-05-12,Credit Card
O00342,C0369,2025-01-01,Credit Card
O00343,C0198,2025-08-13,Net Banking
O00344,C0497,2025-03-27,Net Banking
O00345,C0253,2025-07-13,UPI
O00346,C0280,2025-07-12,Credit Card
O00347,C0425,2025-09-03,Cash
O00348,C0334,2025-12-18,Debit Card
O00349,C0084,2025-08-20,Credit Card
O00350,C0410,2025-01-18,UPI
O00351,C0011,2025-06-13,UPI
O00352,C0488,2025-02-23,Credit Card
O00353,C0176,2025-03-29,Net Banking
O00354,C0083,2025-02-08,Cash
O00355,C0483,2025-02-17,UPI
O00356,C0305,2025-11-11,Net Banking
O00357,C0361,2025-01-16,Net Banking
O00358,C0483,2025-12-01,Debit Card
O00359,C0311,2025-08-11,Debit Card
O00360,C0028,2025-02-21,UPI
O00361,C0106,2025-04-08,Net Banking
O00362,C0357,2025-10-11,Cash
O00363,C0136,2025-12-05,UPI
O00364,C0153,2025-05-02,Credit Card
O00365,C0026,2025-07-21,Cash
O00366,C0282,2025-09-09,Debit Card
O00367,C0028,2025-07-04,Credit Card
O00368,C0219,2025-02-14,UPI
O00369,C0422,2025-12-05,Cash
O00370,C0246,2025-04-13,Credit Card
O00371,C0014,2025-04-16,Debit Card
O00372,C0327,2025-05-30,Credit Card
O00373,C0243,2025-03-01,UPI
O00374,C0402,2025-07-23,Net Banking
O00375,C0251,2025-12-05,UPI
O00376,C0047,2025-11-25,Cash
O00377,C0199,2025-04-05,UPI
O00378,C0454,2025-07-15,UPI
O00379,C0096,2025-08-17,Credit Card
O00380,C0135,2025-08-14,Net Banking
O00381,C0135,2025-04-26,UPI
O00382,C0289,2025-02-01,Debit Card
O00383,C0386,2025-12-23,Credit Card
O00384,C0044,2025-12-09,UPI
O00385,C0414,2025-10-05,Net Banking
O00386,C0498,2025-10-29,Debit Card
O00387,C0284,2025-02-01,Net Banking
O00388,C0420,2025-09-25,Net Banking
O00389,C0495,2025-10-02,Net Banking
O00390,C0294,2025-05-01,Net Banking
O00391,C0154,2025-02-10,Net Banking
O00392,C0463,2025-01-18,Cash
O00393,C0293,2025-09-22,Cash
O00394,C0347,2025-11-14,Debit Card
O00395,C0062,2025-08-18,Debit Card
O00396,C0486,2025-03-27,Debit Card
O00397,C0414,2025-04-09,Debit Card
O00398,C0022,2025-08-05,Credit Card
O00399,C0350,2025-08-11,Debit Card
O00400,C0422,2025-11-18,Debit Card
O00401,C0428,2025-11-01,UPI
O00402,C0164,2025-02-04,Credit Card
O00403,C0199,2025-10-12,Net Banking
O00404,C0283,2025-06-16,UPI
O00405,C0267,2025-08-23,Credit Card
O00406,C0403,2025-12-25,Cash
O00407,C0301,2025-09-25,Net Banking
O00408,C0058,2025-08-01,Debit Card
O00409,C0076,2025-10-18,Cash
O00410,C0299,2025-02-21,Credit Card
O00411,C0289,2025-02-21,UPI
O00412,C0445,2025-10-02,UPI
O00413,C0450,2025-07-30,UPI
O00414,C0197,2025-12-02,Net Banking
O00415,C0293,2025-11-08,Net Banking
O00416,C0020,2025-03-30,UPI
O00417,C0207,2025-03-15,Cash
O00418,C0312,2025-12-15,Net Banking
O00419,C0020,2025-07-22,UPI
O00420,C0354,2025-05-02,Credit Card
O00421,C0382,2025-09-01,UPI
O00422,C0460,2025-07-10,Credit Card
O00423,C0173,2025-06-05,UPI
O00424,C0144,2025-09-09,Credit Card
O00425,C0498,2025-04-27,Debit Card
O00426,C0154,2025-08-15,UPI
O00427,C0138,2025-08-02,Cash
O00428,C0331,2025-02-15,Debit Card
O00429,C0227,2025-04-19,Net Banking
O00430,C0380,2025-09-06,Cash
O00431,C0445,2025-07-11,Credit Card
O00432,C0264,2025-03-23,Credit Card
O00433,C0160,2025-12-30,Cash
O00434,C0207,2025-03-11,Cash
O00435,C0451,2025-10-19,Credit Card
O00436,C0089,2025-04-09,Debit Card
O00437,C0429,2025-01-30,Debit Card
O00438,C0017,2025-08-22,Credit Card
O00439,C0471,2025-07-04,Debit Card
O00440,C0141,2025-07-08,Net Banking
O00441,C0259,2025-07-23,Credit Card
O00442,C0349,2025-01-16,Debit Card
O00443,C0191,2025-09-08,Cash
O00444,C0229,2025-04-01,Net Banking
O00445,C0301,2025-10-10,UPI
O00446,C0177,2025-03-25,UPI
O00447,C0384,2025-12-19,Credit Card
O00448,C0146,2025-01-15,Net Banking
O00449,C0026,2025-03-25,Cash
O00450,C0400,2025-04-20,Debit Card
O00451,C0332,2025-04-26,Debit Card
O00452,C0138,2025-11-30,Net Banking
O00453,C0263,2025-01-11,Credit Card
O00454,C0243,2025-03-09,Debit Card
O00455,C0308,2025-01-05,Debit Card
O00456,C0130,2025-11-08,UPI
O00457,C0365,2025-12-30,UPI
O00458,C0217,2025-07-12,UPI
O00459,C0236,2025-05-10,Debit Card
O00460,C0239,2025-06-04,Cash
O00461,C0423,2025-11-16,Net Banking
O00462,C0300,2025-02-22,Credit Card
O00463,C0262,2025-12-06,UPI
O00464,C0288,2025-11-28,Cash
O00465,C0312,2025-05-25,UPI
O00466,C0351,2025-02-25,Net Banking
O00467,C0033,2025-06-22,UPI
O00468,C0328,2025-06-16,UPI
O00469,C0134,2025-12-02,UPI
O00470,C0097,2025-03-18,Cash
O00471,C0392,2025-05-04,Credit Card
O00472,C0413,2025-11-04,Net Banking
O00473,C0339,2025-06-13,Debit Card
O00474,C0370,2025-01-14,Net Banking
O00475,C0152,2025-05-13,Net Banking
O00476,C0208,2025-07-18,Credit Card
O00477,C0299,2025-12-29,Cash
O00478,C0418,2025-04-08,UPI
O00479,C0372,2025-04-24,Cash
O00480,C0327,2025-09-01,UPI
O00481,C0260,2025-06-03,Debit Card
O00482,C0431,2025-12-03,Cash
O00483,C0093,2025-05-31,Credit Card
O00484,C0242,2025-03-07,UPI
O00485,C0372,2025-10-14,Debit Card
O00486,C0485,2025-12-15,UPI
O00487,C0336,2025-02-15,Debit Card
O00488,C0182,2025-04-25,UPI
O00489,C0216,2025-06-19,UPI
O00490,C0134,2025-10-27,UPI
O00491,C0238,2025-03-02,Net Banking
O00492,C0028,2025-11-21,Cash
O00493,C0298,2025-11-14,Credit Card
O00494,C0242,2025-04-10,Cash
O00495,C0062,2025-12-15,Net Banking
O00496,C0272,2025-06-02,Net Banking
O00497,C0028,2025-03-19,Debit Card
O00498,C0103,2025-06-25,Net Banking
O00499,C0292,2025-08-23,Debit Card
O00500,C0162,2025-04-03,Credit Card
O00501,C0250,2025-06-20,Debit Card
O00502,C0161,2025-11-21,Credit Card
O00503,C0003,2025-08-20,UPI
O00504,C0108,2025-03-28,Cash
O00505,C0392,2025-03-23,Net Banking
O00506,C0403,2025-02-15,Debit Card
O00507,C0315,2025-08-11,Net Banking
O00508,C0207,2025-08-08,Net Banking
O00509,C0197,2025-01-03,Credit Card
O00510,C0274,2025-04-13,UPI
O00511,C0487,2025-01-08,UPI
O00512,C0388,2025-09-29,Debit Card
O00513,C0010,2025-12-13,Credit Card
O00514,C0321,2025-05-08,Debit Card
O00515,C0356,2025-06-26,UPI
O00516,C0067,2025-02-22,Net Banking
O00517,C0258,2025-10-29,UPI
O00518,C0086,2025-02-03,Credit Card
O00519,C0153,2025-05-29,Net Banking
O00520,C0373,2025-09-24,Cash
O00521,C0269,2025-06-22,Net Banking
O00522,C0455,2025-12-18,Debit Card
O00523,C0176,2025-09-08,UPI
O00524,C0385,2025-04-07,Debit Card
O00525,C0486,2025-07-26,Credit Card
O00526,C0117,2025-04-25,Debit Card
O00527,C0109,2025-01-12,Cash
O00528,C0259,2025-03-28,Credit Card
O00529,C0188,2025-12-31,Credit Card
O00530,C0193,2025-11-24,UPI
O00531,C0395,2025-10-01,Cash
O00532,C0025,2025-11-01,Credit Card
O00533,C0339,2025-02-25,Credit Card
O00534,C0025,2025-12-20,Credit Card
O00535,C0214,2025-08-16,Net Banking
O00536,C0064,2025-10-08,UPI
O00537,C0243,2025-12-26,Debit Card
O00538,C0106,2025-12-22,Credit Card
O00539,C0155,2025-08-04,Credit Card
O00540,C0340,2025-09-24,UPI
O00541,C0319,2025-11-07,Debit Card
O00542,C0215,2025-02-23,Cash
O00543,C0369,2025-11-13,Credit Card
O00544,C0145,2025-02-28,Credit Card
O00545,C0255,2025-04-12,Cash
O00546,C0103,2025-05-15,Cash
O00547,C0499,2025-04-14,UPI
O00548,C0361,2025-07-29,UPI
O00549,C0083,2025-01-21,Cash
O00550,C0255,2025-04-17,Net Banking
O00551,C0170,2025-05-01,Credit Card
O00552,C0007,2025-12-10,Credit Card
O00553,C0465,2025-02-26,Cash
O00554,C0343,2025-09-10,Debit Card
O00555,C0487,2025-02-16,Cash
O00556,C0039,2025-02-21,UPI
O00557,C0330,2025-04-29,Net Banking
O00558,C0152,2025-05-16,Net Banking
O00559,C0026,2025-02-21,Debit Card
O00560,C0448,2025-01-21,UPI
O00561,C0185,2025-12-13,UPI
O00562,C0219,2025-03-01,Credit Card
O00563,C0436,2025-01-24,Credit Card
O00564,C0437,2025-03-12,Debit Card
O00565,C0169,2025-07-03,Net Banking
O00566,C0490,2025-11-15,UPI
O00567,C0450,2025-02-17,UPI
O00568,C0418,2025-06-25,Debit Card
O00569,C0059,2025-07-25,Net Banking
O00570,C0493,2025-08-22,UPI
O00571,C0428,2025-07-17,Net Banking
O00572,C0410,2025-08-04,Debit Card
O00573,C0058,2025-03-09,Credit Card
O00574,C0483,2025-03-23,Credit Card
O00575,C0214,2025-10-30,Net Banking
O00576,C0411,2025-10-19,Net Banking
O00577,C0093,2025-11-09,Net Banking
O00578,C0399,2025-07-03,Cash
O00579,C0015,2025-12-17,Debit Card
O00580,C0248,2025-09-07,Credit Card
O00581,C0455,2025-07-30,Net Banking
O00582,C0024,2025-02-02,UPI
O00583,C0336,2025-06-10,Credit Card
O00584,C0361,2025-12-14,Cash
O00585,C0393,2025-10-23,Cash
O00586,C0115,2025-12-09,UPI
O00587,C0266,2025-09-25,Cash
O00588,C0049,2025-08-10,Debit Card
O00589,C0247,2025-06-27,Net Banking
O00590,C0077,2025-10-13,Cash
O00591,C0028,2025-01-06,Debit Card
O00592,C0259,2025-08-29,Net Banking
O00593,C0446,2025-03-26,Credit Card
O00594,C0385,2025-09-09,UPI
O00595,C0124,2025-06-19,UPI
O00596,C0026,2025-09-17,Debit Card
O00597,C0282,2025-11-26,Net Banking
O00598,C0207,2025-05-01,Credit Card
O00599,C0236,2025-08-16,Cash
O00600,C0230,2025-02-15,Net Banking
O00601,C0229,2025-06-11,Credit Card
O00602,C0255,2025-12-01,Credit Card
O00603,C0053,2025-07-26,Net Banking
O00604,C0019,2025-10-13,Cash
O00605,C0001,2025-02-16,Cash
O00606,C0494,2025-11-13,UPI
O00607,C0456,2025-09-18,Cash
O00608,C0106,2025-12-02,Net Banking
O00609,C0487,2025-06-24,UPI
O00610,C0423,2025-01-28,Debit Card
O00611,C0433,2025-08-21,UPI
O00612,C0287,2025-11-14,Cash
O00613,C0243,2025-12-03,UPI
O00614,C0367,2025-08-20,Credit Card
O00615,C0050,2025-12-04,Debit Card
O00616,C0002,2025-06-24,UPI
O00617,C0425,2025-11-21,UPI
O00618,C0281,2025-09-25,UPI
O00619,C0360,2025-02-24,Credit Card
O00620,C0460,2025-03-26,Net Banking
O00621,C0072,2025-07-29,Credit Card
O00622,C0131,2025-11-09,Debit Card
O00623,C0097,2025-03-03,Net Banking
O00624,C0111,2025-08-23,Debit Card
O00625,C0367,2025-06-23,Credit Card
O00626,C0388,2025-08-01,Credit Card
O00627,C0475,2025-11-21,Cash
O00628,C0064,2025-08-19,Net Banking
O00629,C0338,2025-10-29,Cash
O00630,C0069,2025-09-13,Credit Card
O00631,C0272,2025-01-25,Cash
O00632,C0479,2025-08-10,Cash
O00633,C0248,2025-09-18,Debit Card
O00634,C0355,2025-10-24,Debit Card
O00635,C0375,2025-03-07,Credit Card
O00636,C0199,2025-12-03,Cash
O00637,C0311,2025-06-14,Cash
O00638,C0452,2025-07-16,Net Banking
O00639,C0312,2025-12-21,Debit Card
O00640,C0141,2025-07-23,UPI
O00641,C0497,2025-05-31,Net Banking
O00642,C0413,2025-03-10,Debit Card
O00643,C0212,2025-11-05,Cash
O00644,C0154,2025-12-26,Cash
O00645,C0441,2025-06-10,Cash
O00646,C0324,2025-04-22,Debit Card
O00647,C0108,2025-11-16,UPI
O00648,C0352,2025-06-26,Debit Card
O00649,C0364,2025-11-29,Debit Card
O00650,C0258,2025-10-05,UPI
O00651,C0364,2025-03-01,UPI
O00652,C0288,2025-09-03,Cash
O00653,C0293,2025-12-08,Net Banking
O00654,C0346,2025-10-01,UPI
O00655,C0450,2025-08-05,Credit Card
O00656,C0268,2025-02-24,Credit Card
O00657,C0196,2025-03-16,Credit Card
O00658,C0344,2025-01-29,Debit Card
O00659,C0137,2025-03-24,UPI
O00660,C0350,2025-05-09,Debit Card
O00661,C0430,2025-02-01,UPI
O00662,C0105,2025-10-05,Credit Card
O00663,C0184,2025-08-20,Credit Card
O00664,C0316,2025-12-12,Cash
O00665,C0443,2025-04-25,Cash
O00666,C0200,2025-05-02,Cash
O00667,C0402,2025-12-23,UPI
O00668,C0355,2025-12-07,Credit Card
O00669,C0475,2025-07-15,Net Banking
O00670,C0214,2025-12-17,UPI
O00671,C0495,2025-10-10,Credit Card
O00672,C0007,2025-05-09,Debit Card
O00673,C0318,2025-08-15,Debit Card
O00674,C0467,2025-11-21,UPI
O00675,C0387,2025-10-29,Cash
O00676,C0379,2025-11-05,Debit Card
O00677,C0398,2025-04-10,UPI
O00678,C0230,2025-04-01,Credit Card
O00679,C0096,2025-03-30,Cash
O00680,C0062,2025-07-13,Credit Card
O00681,C0220,2025-05-23,Cash
O00682,C0136,2025-03-08,Debit Card
O00683,C0300,2025-05-11,Credit Card
O00684,C0170,2025-08-27,Debit Card
O00685,C0021,2025-03-20,UPI
O00686,C0306,2025-01-27,Cash
O00687,C0432,2025-12-05,UPI
O00688,C0252,2025-10-21,Cash
O00689,C0184,2025-02-07,UPI
O00690,C0270,2025-04-23,Debit Card
O00691,C0267,2025-02-04,Cash
O00692,C0082,2025-08-01,Cash
O00693,C0275,2025-07-26,Credit Card
O00694,C0179,2025-04-24,Debit Card
O00695,C0340,2025-06-19,UPI
O00696,C0185,2025-05-31,Debit Card
O00697,C0487,2025-11-13,Cash
O00698,C0244,2025-10-15,Credit Card
O00699,C0059,2025-12-09,UPI
O00700,C0229,2025-05-04,Cash
O00701,C0471,2025-11-15,Debit Card
O00702,C0491,2025-01-21,UPI
O00703,C0196,2025-02-28,Net Banking
O00704,C0132,2025-10-04,UPI
O00705,C0013,2025-09-22,UPI
O00706,C0264,2025-09-18,Net Banking
O00707,C0250,2025-01-23,UPI
O00708,C0460,2025-11-30,Debit Card
O00709,C0165,2025-09-21,Credit Card
O00710,C0486,2025-02-19,Debit Card
O00711,C0498,2025-10-03,Cash
O00712,C0004,2025-11-17,Credit Card
O00713,C0108,2025-12-10,Debit Card
O00714,C0443,2025-12-17,Net Banking
O00715,C0428,2025-02-23,Debit Card
O00716,C0276,2025-12-26,Net Banking
O00717,C0332,2025-02-06,Debit Card
O00718,C0013,2025-08-24,UPI
O00719,C0020,2025-02-14,Credit Card
O00720,C0028,2025-04-02,UPI
O00721,C0286,2025-02-06,Cash
O00722,C0421,2025-04-27,UPI
O00723,C0209,2025-07-18,Net Banking
O00724,C0323,2025-07-27,Net Banking
O00725,C0162,2025-01-09,Net Banking
O00726,C0345,2025-03-02,Cash
O00727,C0004,2025-11-25,Cash
O00728,C0033,2025-10-27,Credit Card
O00729,C0359,2025-02-07,UPI
O00730,C0476,2025-09-15,Credit Card
O00731,C0149,2025-12-18,UPI
O00732,C0311,2025-02-14,UPI
O00733,C0392,2025-08-13,Net Banking
O00734,C0203,2025-12-05,Credit Card
O00735,C0243,2025-03-22,Cash
O00736,C0113,2025-03-11,Net Banking
O00737,C0408,2025-10-07,UPI
O00738,C0492,2025-11-21,Debit Card
O00739,C0153,2025-12-13,UPI
O00740,C0491,2025-01-06,Cash
O00741,C0448,2025-10-12,Debit Card
O00742,C0064,2025-01-22,Credit Card
O00743,C0294,2025-11-02,Net Banking
O00744,C0276,2025-10-08,Credit Card
O00745,C0157,2025-04-18,UPI
O00746,C0109,2025-07-31,Cash
O00747,C0073,2025-03-24,Debit Card
O00748,C0114,2025-11-12,UPI
O00749,C0100,2025-02-28,Debit Card
O00750,C0344,2025-10-18,Credit Card
O00751,C0436,2025-10-09,Net Banking
O00752,C0331,2025-10-09,Credit Card
O00753,C0149,2025-12-10,Credit Card
O00754,C0129,2025-02-20,Debit Card
O00755,C0372,2025-10-25,Net Banking
O00756,C0488,2025-06-19,UPI
O00757,C0066,2025-12-10,Debit Card
O00758,C0052,2025-05-26,Cash
O00759,C0036,2025-04-10,UPI
O00760,C0249,2025-08-19,UPI
O00761,C0316,2025-12-04,UPI
O00762,C0356,2025-10-27,Debit Card
O00763,C0290,2025-10-18,UPI
O00764,C0414,2025-06-11,Net Banking
O00765,C0087,2025-01-03,UPI
O00766,C0127,2025-04-24,Net Banking
O00767,C0142,2025-07-04,Debit Card
O00768,C0348,2025-06-19,Net Banking
O00769,C0237,2025-08-17,UPI
O00770,C0397,2025-06-06,Net Banking
O00771,C0283,2025-02-25,Debit Card
O00772,C0331,2025-11-07,Credit Card
O00773,C0431,2025-05-24,Debit Card
O00774,C0457,2025-10-03,Debit Card
O00775,C0135,2025-11-17,Credit Card
O00776,C0373,2025-02-08,Credit Card
O00777,C0435,2025-09-17,Credit Card
O00778,C0417,2025-10-25,Cash
O00779,C0208,2025-10-30,Debit Card
O00780,C0465,2025-01-19,Cash
O00781,C0134,2025-10-06,Cash
O00782,C0242,2025-12-01,Debit Card
O00783,C0188,2025-07-20,Debit Card
O00784,C0457,2025-10-29,UPI
O00785,C0069,2025-08-26,Cash
O00786,C0262,2025-02-16,Net Banking
O00787,C0187,2025-09-15,Credit Card
O00788,C0340,2025-05-03,Cash
O00789,C0351,2025-03-26,Cash
O00790,C0072,2025-08-17,Debit Card
O00791,C0092,2025-10-17,Cash
O00792,C0338,2025-03-16,Net Banking
O00793,C0481,2025-07-03,Credit Card
O00794,C0113,2025-09-07,Debit Card
O00795,C0033,2025-05-16,UPI
O00796,C0120,2025-01-22,Debit Card
O00797,C0266,2025-07-04,Net Banking
O00798,C0241,2025-08-21,Credit Card
O00799,C0021,2025-11-29,UPI
O00800,C0053,2025-12-27,Cash
O00801,C0325,2025-05-21,UPI
O00802,C0297,2025-10-06,Cash
O00803,C0090,2025-07-12,Net Banking
O00804,C0188,2025-10-28,Credit Card
O00805,C0265,2025-05-09,Net Banking
O00806,C0499,2025-04-25,Cash
O00807,C0208,2025-06-30,UPI
O00808,C0250,2025-09-04,Cash
O00809,C0004,2025-09-14,Debit Card
O00810,C0226,2025-03-26,Debit Card
O00811,C0040,2025-09-21,UPI
O00812,C0109,2025-03-18,Debit Card
O00813,C0081,2025-07-05,Cash
O00814,C0368,2025-03-02,Debit Card
O00815,C0213,2025-06-19,Credit Card
O00816,C0247,2025-12-12,Net Banking
O00817,C0246,2025-04-18,Cash
O00818,C0083,2025-11-28,Net Banking
O00819,C0012,2025-05-05,Credit Card
O00820,C0066,2025-10-21,Cash
O00821,C0083,2025-03-10,Cash
O00822,C0021,2025-10-21,Debit Card
O00823,C0029,2025-03-27,UPI
O00824,C0473,2025-04-03,Cash
O00825,C0491,2025-07-27,Cash
O00826,C0497,2025-10-16,Credit Card
O00827,C0450,2025-12-05,UPI
O00828,C0485,2025-02-13,Debit Card
O00829,C0230,2025-11-07,Net Banking
O00830,C0445,2025-09-04,Debit Card
O00831,C0113,2025-07-30,Cash
O00832,C0074,2025-10-26,Debit Card
O00833,C0320,2025-12-04,Cash
O00834,C0136,2025-03-27,UPI
O00835,C0473,2025-08-21,Cash
O00836,C0303,2025-02-05,Debit Card
O00837,C0194,2025-07-17,Debit Card
O00838,C0056,2025-01-09,Debit Card
O00839,C0268,2025-09-16,Net Banking
O00840,C0424,2025-03-18,Cash
O00841,C0050,2025-04-01,Net Banking
O00842,C0462,2025-11-11,Cash
O00843,C0020,2025-09-30,Cash
O00844,C0386,2025-03-02,Credit Card
O00845,C0247,2025-12-04,Debit Card
O00846,C0462,2025-11-05,Cash
O00847,C0424,2025-01-01,Net Banking
O00848,C0268,2025-08-04,UPI
O00849,C0448,2025-01-23,Cash
O00850,C0220,2025-04-28,Net Banking
O00851,C0405,2025-07-15,UPI
O00852,C0302,2025-12-23,Cash
O00853,C0051,2025-08-06,Debit Card
O00854,C0131,2025-09-02,Debit Card
O00855,C0466,2025-02-12,UPI
O00856,C0307,2025-10-06,Net Banking
O00857,C0132,2025-04-07,Credit Card
O00858,C0364,2025-01-04,Cash
O00859,C0268,2025-03-02,Cash
O00860,C0004,2025-07-12,Debit Card
O00861,C0353,2025-06-11,Net Banking
O00862,C0186,2025-02-24,Debit Card
O00863,C0219,2025-11-30,Cash
O00864,C0130,2025-05-14,Cash
O00865,C0217,2025-10-17,UPI
O00866,C0314,2025-05-22,Net Banking
O00867,C0387,2025-04-15,Net Banking
O00868,C0283,2025-10-13,Net Banking
O00869,C0092,2025-07-09,Cash
O00870,C0285,2025-09-05,UPI
O00871,C0158,2025-10-23,UPI
O00872,C0397,2025-12-28,Net Banking
O00873,C0377,2025-03-12,Credit Card
O00874,C0383,2025-04-28,Net Banking
O00875,C0401,2025-12-25,Debit Card
O00876,C0052,2025-04-20,Cash
O00877,C0206,2025-06-23,Cash
O00878,C0315,2025-12-23,Credit Card
O00879,C0083,2025-07-19,Credit Card
O00880,C0412,2025-02-16,Debit Card
O00881,C0242,2025-11-04,Net Banking
O00882,C0046,2025-02-02,UPI
O00883,C0114,2025-07-09,Credit Card
O00884,C0312,2025-01-20,Net Banking
O00885,C0477,2025-07-25,Cash
O00886,C0336,2025-09-24,UPI
O00887,C0365,2025-11-02,Credit Card
O00888,C0485,2025-03-31,Net Banking
O00889,C0225,2025-01-06,Debit Card
O00890,C0436,2025-12-03,Cash
O00891,C0147,2025-04-10,Credit Card
O00892,C0402,2025-11-03,Cash
O00893,C0265,2025-12-24,Debit Card
O00894,C0315,2025-03-28,Credit Card
O00895,C0185,2025-05-03,Credit Card
O00896,C0500,2025-03-22,Credit Card
O00897,C0142,2025-07-24,UPI
O00898,C0343,2025-07-22,Net Banking
O00899,C0301,2025-04-13,Cash
O00900,C0008,2025-12-27,Credit Card
O00901,C0471,2025-02-16,Cash
O00902,C0146,2025-10-14,Cash
O00903,C0179,2025-06-27,UPI
O00904,C0116,2025-11-07,Debit Card
O00905,C0233,2025-07-26,Cash
O00906,C0003,2025-05-14,Debit Card
O00907,C0209,2025-09-17,Credit Card
O00908,C0287,2025-02-07,Cash
O00909,C0151,2025-06-24,Credit Card
O00910,C0412,2025-09-20,UPI
O00911,C0449,2025-10-03,Cash
O00912,C0129,2025-12-22,Net Banking
O00913,C0495,2025-07-13,Cash
O00914,C0248,2025-05-05,UPI
O00915,C0493,2025-08-23,Net Banking
O00916,C0460,2025-10-28,Credit Card
O00917,C0247,2025-03-01,UPI
O00918,C0035,2025-07-15,Debit Card
O00919,C0347,2025-12-26,Debit Card
O00920,C0410,2025-06-11,Net Banking
O00921,C0490,2025-06-30,Cash
O00922,C0275,2025-01-05,UPI
O00923,C0128,2025-05-28,Credit Card
O00924,C0205,2025-12-11,UPI
O00925,C0039,2025-10-11,Debit Card
O00926,C0244,2025-06-10,UPI
O00927,C0112,2025-10-21,UPI
O00928,C0094,2025-12-16,Debit Card
O00929,C0256,2025-04-13,Debit Card
O00930,C0377,2025-05-04,UPI
O00931,C0106,2025-04-28,Debit Card
O00932,C0428,2025-05-08,Cash
O00933,C0183,2025-03-21,Credit Card
O00934,C0062,2025-02-10,Net Banking
O00935,C0315,2025-01-04,Cash
O00936,C0491,2025-01-22,Net Banking
O00937,C0191,2025-11-14,UPI
O00938,C0253,2025-10-22,UPI
O00939,C0252,2025-04-04,Cash
O00940,C0144,2025-07-23,Debit Card
O00941,C0385,2025-10-23,Debit Card
O00942,C0028,2025-09-27,Net Banking
O00943,C0245,2025-10-04,Credit Card
O00944,C0258,2025-06-27,Net Banking
O00945,C0441,2025-12-18,Debit Card
O00946,C0235,2025-03-03,Cash
O00947,C0236,2025-06-11,Credit Card
O00948,C0007,2025-12-12,Debit Card
O00949,C0195,2025-10-25,Credit Card
O00950,C0167,2025-07-05,Cash
O00951,C0442,2025-05-13,Debit Card
O00952,C0281,2025-05-15,Debit Card
O00953,C0138,2025-08-30,Cash
O00954,C0176,2025-07-07,Debit Card
O00955,C0256,2025-08-06,Debit Card
O00956,C0215,2025-12-25,UPI
O00957,C0187,2025-07-25,UPI
O00958,C0231,2025-04-03,Cash
O00959,C0068,2025-10-22,Debit Card
O00960,C0417,2025-02-21,UPI
O00961,C0412,2025-05-01,Cash
O00962,C0222,2025-07-15,Debit Card
O00963,C0075,2025-03-18,Net Banking
O00964,C0413,2025-01-05,Debit Card
O00965,C0216,2025-09-13,Debit Card
O00966,C0458,2025-11-19,Cash
O00967,C0274,2025-06-11,Net Banking
O00968,C0154,2025-05-09,Cash
O00969,C0440,2025-10-18,Credit Card
O00970,C0204,2025-02-20,Debit Card
O00971,C0031,2025-04-21,UPI
O00972,C0244,2025-11-19,Credit Card
O00973,C0231,2025-06-21,UPI
O00974,C0185,2025-07-04,Cash
O00975,C0286,2025-05-12,UPI
O00976,C0011,2025-07-30,Credit Card
O00977,C0180,2025-12-14,Cash
O00978,C0102,2025-10-23,Cash
O00979,C0333,2025-11-29,Cash
O00980,C0090,2025-05-26,UPI
O00981,C0167,2025-12-11,Cash
O00982,C0250,2025-08-17,Credit Card
O00983,C0196,2025-11-11,UPI
O00984,C0238,2025-11-20,Debit Card
O00985,C0445,2025-03-27,UPI
O00986,C0216,2025-11-20,Cash
O00987,C0293,2025-07-27,Credit Card
O00988,C0041,2025-03-24,UPI
O00989,C0117,2025-06-10,UPI
O00990,C0335,2025-05-30,UPI
O00991,C0310,2025-11-27,Net Banking
O00992,C0139,2025-08-16,UPI
O00993,C0383,2025-10-28,Cash
O00994,C0495,2025-08-19,Net Banking
O00995,C0086,2025-04-05,Credit Card
O00996,C0065,2025-05-01,UPI
O00997,C0482,2025-12-25,Credit Card
O00998,C0108,2025-03-27,Net Banking
O00999,C0053,2025-02-18,Credit Card
O01000,C0480,2025-08-31,Cash
O01001,C0028,2025-01-14,Net Banking
O01002,C0269,2025-02-12,Credit Card
O01003,C0135,2025-11-13,Debit Card
O01004,C0044,2025-12-02,Net Banking
O01005,C0159,2025-04-28,Debit Card
O01006,C0378,2025-05-26,Net Banking
O01007,C0321,2025-03-06,Debit Card
O01008,C0270,2025-03-29,Credit Card
O01009,C0018,2025-12-06,UPI
O01010,C0441,2025-06-16,Net Banking
O01011,C0240,2025-10-04,UPI
O01012,C0281,2025-08-16,Debit Card
O01013,C0497,2025-12-24,Cash
O01014,C0091,2025-10-30,Cash
O01015,C0234,2025-11-20,Cash
O01016,C0223,2025-09-26,Cash
O01017,C0159,2025-06-27,Net Banking
O01018,C0277,2025-04-27,Credit Card
O01019,C0227,2025-06-07,UPI
O01020,C0212,2025-05-14,Debit Card
O01021,C0156,2025-01-06,Credit Card
O01022,C0268,2025-03-11,UPI
O01023,C0147,2025-08-29,Cash
O01024,C0005,2025-12-19,Net Banking
O01025,C0485,2025-09-02,UPI
O01026,C0005,2025-08-09,UPI
O01027,C0306,2025-04-29,Credit Card
O01028,C0281,2025-07-11,Debit Card
O01029,C0211,2025-10-15,Net Banking
O01030,C0203,2025-05-08,Debit Card
O01031,C0367,2025-11-27,Net Banking
O01032,C0425,2025-07-13,Debit Card
O01033,C0135,2025-02-10,Net Banking
O01034,C0321,2025-05-03,Cash
O01035,C0392,2025-11-10,UPI
O01036,C0146,2025-11-29,Cash
O01037,C0415,2025-05-18,Net Banking
O01038,C0097,2025-02-05,Debit Card
O01039,C0070,2025-05-29,Credit Card
O01040,C0327,2025-08-22,Cash
O01041,C0232,2025-05-20,Cash
O01042,C0252,2025-04-07,UPI
O01043,C0010,2025-03-19,Credit Card
O01044,C0497,2025-10-01,Credit Card
O01045,C0096,2025-02-22,UPI
O01046,C0138,2025-03-06,Net Banking
O01047,C0373,2025-01-05,Debit Card
O01048,C0047,2025-03-19,Credit Card
O01049,C0253,2025-04-22,UPI
O01050,C0216,2025-06-09,Net Banking
O01051,C0191,2025-08-26,Credit Card
O01052,C0170,2025-02-11,Debit Card
O01053,C0029,2025-05-17,Net Banking
O01054,C0037,2025-10-06,Net Banking
O01055,C0093,2025-04-09,UPI
O01056,C0419,2025-07-15,Credit Card
O01057,C0063,2025-05-08,Net Banking
O01058,C0395,2025-08-15,Debit Card
O01059,C0378,2025-01-18,Debit Card
O01060,C0236,2025-02-18,Cash
O01061,C0341,2025-04-17,Net Banking
O01062,C0200,2025-12-15,UPI
O01063,C0480,2025-06-15,Debit Card
O01064,C0323,2025-01-22,Cash
O01065,C0267,2025-03-04,UPI
O01066,C0247,2025-11-23,UPI
O01067,C0102,2025-07-04,Credit Card
O01068,C0443,2025-12-08,Debit Card
O01069,C0499,2025-02-27,Debit Card
O01070,C0325,2025-08-11,UPI
O01071,C0008,2025-03-27,UPI
O01072,C0300,2025-03-03,Net Banking
O01073,C0405,2025-05-05,Credit Card
O01074,C0497,2025-01-22,Cash
O01075,C0402,2025-12-20,Net Banking
O01076,C0353,2025-11-02,Debit Card
O01077,C0191,2025-02-15,Debit Card
O01078,C0081,2025-09-13,Credit Card
O01079,C0352,2025-11-13,UPI
O01080,C0477,2025-11-17,Credit Card
O01081,C0031,2025-07-02,Debit Card
O01082,C0360,2025-10-02,Credit Card
O01083,C0065,2025-09-07,Debit Card
O01084,C0163,2025-10-13,UPI
O01085,C0413,2025-08-13,Debit Card
O01086,C0011,2025-12-19,Net Banking
O01087,C0184,2025-03-10,UPI
O01088,C0461,2025-01-21,Net Banking
O01089,C0362,2025-08-13,Cash
O01090,C0151,2025-10-05,Net Banking
O01091,C0098,2025-10-18,Debit Card
O01092,C0279,2025-06-28,UPI
O01093,C0375,2025-08-28,UPI
O01094,C0445,2025-11-03,Cash
O01095,C0083,2025-02-05,Cash
O01096,C0080,2025-08-19,UPI
O01097,C0420,2025-05-15,Cash
O01098,C0188,2025-08-21,Credit Card
O01099,C0398,2025-11-23,Cash
O01100,C0195,2025-04-05,Credit Card
O01101,C0318,2025-07-06,Cash
O01102,C0123,2025-06-14,Credit Card
O01103,C0338,2025-10-03,Net Banking
O01104,C0098,2025-09-26,Net Banking
O01105,C0393,2025-10-10,Debit Card
O01106,C0314,2025-05-25,UPI
O01107,C0210,2025-11-25,UPI
O01108,C0057,2025-02-19,Cash
O01109,C0338,2025-02-04,Credit Card
O01110,C0428,2025-03-08,Debit Card
O01111,C0448,2025-01-17,Debit Card
O01112,C0055,2025-09-06,Debit Card
O01113,C0051,2025-01-17,Cash
O01114,C0329,2025-07-18,Net Banking
O01115,C0270,2025-11-16,Cash
O01116,C0132,2025-01-26,UPI
O01117,C0114,2025-11-07,Credit Card
O01118,C0007,2025-04-17,Net Banking
O01119,C0476,2025-02-10,Net Banking
O01120,C0411,2025-11-24,Credit Card
O01121,C0185,2025-10-13,Net Banking
O01122,C0421,2025-07-08,Credit Card
O01123,C0422,2025-11-12,UPI
O01124,C0271,2025-01-21,Credit Card
O01125,C0428,2025-06-05,Credit Card
O01126,C0484,2025-04-21,Cash
O01127,C0050,2025-02-21,Debit Card
O01128,C0273,2025-07-17,Debit Card
O01129,C0099,2025-09-27,Debit Card
O01130,C0292,2025-11-17,Debit Card
O01131,C0286,2025-10-13,Net Banking
O01132,C0383,2025-02-24,Cash
O01133,C0184,2025-12-12,Net Banking
O01134,C0360,2025-12-07,Net Banking
O01135,C0453,2025-02-23,Debit Card
O01136,C0406,2025-04-03,Cash
O01137,C0206,2025-09-16,UPI
O01138,C0337,2025-03-22,Cash
O01139,C0308,2025-08-15,UPI
O01140,C0463,2025-06-11,Cash
O01141,C0167,2025-07-10,Net Banking
O01142,C0392,2025-11-21,Net Banking
O01143,C0423,2025-06-15,Cash
O01144,C0124,2025-10-16,Cash
O01145,C0110,2025-07-12,Cash
O01146,C0475,2025-05-11,UPI
O01147,C0493,2025-08-20,Net Banking
O01148,C0492,2025-07-23,Credit Card
O01149,C0372,2025-01-18,UPI
O01150,C0306,2025-01-09,Cash
O01151,C0070,2025-06-04,Credit Card
O01152,C0154,2025-04-24,Debit Card
O01153,C0439,2025-06-11,Credit Card
O01154,C0396,2025-12-20,UPI
O01155,C0471,2025-10-11,Cash
O01156,C0285,2025-10-20,Cash
O01157,C0080,2025-02-18,Credit Card
O01158,C0236,2025-07-02,Debit Card
O01159,C0071,2025-05-16,UPI
O01160,C0456,2025-10-26,Debit Card
O01161,C0120,2025-05-12,UPI
O01162,C0048,2025-10-20,Net Banking
O01163,C0292,2025-04-22,Credit Card
O01164,C0371,2025-06-16,Net Banking
O01165,C0089,2025-09-07,Cash
O01166,C0420,2025-02-18,Cash
O01167,C0329,2025-06-03,Credit Card
O01168,C0375,2025-10-23,Net Banking
O01169,C0041,2025-01-29,UPI
O01170,C0179,2025-08-11,Net Banking
O01171,C0477,2025-03-03,Debit Card
O01172,C0383,2025-12-01,Cash
O01173,C0476,2025-01-06,Net Banking
O01174,C0028,2025-06-06,Cash
O01175,C0022,2025-06-13,Cash
O01176,C0290,2025-03-18,UPI
O01177,C0258,2025-12-24,Debit Card
O01178,C0079,2025-01-26,Net Banking
O01179,C0498,2025-08-17,Cash
O01180,C0295,2025-09-16,Credit Card
O01181,C0114,2025-08-10,UPI
O01182,C0403,2025-07-21,Debit Card
O01183,C0068,2025-06-22,Credit Card
O01184,C0244,2025-10-20,Credit Card
O01185,C0281,2025-07-24,UPI
O01186,C0044,2025-07-24,Cash
O01187,C0223,2025-12-24,Debit Card
O01188,C0391,2025-03-11,Net Banking
O01189,C0287,2025-04-12,Net Banking
O01190,C0203,2025-11-30,Cash
O01191,C0101,2025-10-15,Cash
O01192,C0377,2025-09-26,Debit Card
O01193,C0125,2025-02-06,UPI
O01194,C0398,2025-08-09,UPI
O01195,C0351,2025-10-22,Credit Card
O01196,C0058,2025-12-10,Net Banking
O01197,C0217,2025-07-07,UPI
O01198,C0098,2025-06-14,UPI
O01199,C0305,2025-12-02,Credit Card
O01200,C0395,2025-06-06,Debit Card
O01201,C0180,2025-11-12,Net Banking
O01202,C0320,2025-03-16,Net Banking
O01203,C0023,2025-04-30,Debit Card
O01204,C0351,2025-07-11,Debit Card
O01205,C0388,2025-02-13,Credit Card
O01206,C0379,2025-01-28,Debit Card
O01207,C0486,2025-11-14,Debit Card
O01208,C0445,2025-05-28,Credit Card
O01209,C0176,2025-12-22,Credit Card
O01210,C0157,2025-08-19,Net Banking
O01211,C0012,2025-06-19,Debit Card
O01212,C0379,2025-10-03,Debit Card
O01213,C0105,2025-10-07,Cash
O01214,C0385,2025-05-13,Cash
O01215,C0248,2025-11-15,Debit Card
O01216,C0356,2025-12-24,Credit Card
O01217,C0193,2025-10-26,Cash
O01218,C0023,2025-05-11,Debit Card
O01219,C0031,2025-05-26,Debit Card
O01220,C0405,2025-12-23,Cash
O01221,C0139,2025-01-28,Net Banking
O01222,C0336,2025-01-05,Credit Card
O01223,C0199,2025-12-05,UPI
O01224,C0340,2025-12-04,UPI
O01225,C0443,2025-02-25,Credit Card
O01226,C0150,2025-11-29,Net Banking
O01227,C0119,2025-07-14,Cash
O01228,C0364,2025-02-20,UPI
O01229,C0249,2025-11-02,Cash
O01230,C0046,2025-04-06,Debit Card
O01231,C0257,2025-08-23,Cash
O01232,C0475,2025-12-31,Credit Card
O01233,C0021,2025-05-07,Cash
O01234,C0157,2025-06-20,Net Banking
O01235,C0202,2025-03-22,Credit Card
O01236,C0178,2025-12-17,UPI
O01237,C0182,2025-11-17,UPI
O01238,C0121,2025-09-14,UPI
O01239,C0416,2025-02-01,UPI
O01240,C0450,2025-07-18,Credit Card
O01241,C0484,2025-10-12,UPI
O01242,C0116,2025-03-19,UPI
O01243,C0460,2025-07-21,Debit Card
O01244,C0045,2025-07-15,Cash
O01245,C0492,2025-12-14,Cash
O01246,C0447,2025-11-17,Debit Card
O01247,C0214,2025-05-04,Cash
O01248,C0079,2025-08-07,UPI
O01249,C0466,2025-11-06,UPI
O01250,C0230,2025-10-05,Debit Card
O01251,C0106,2025-12-01,Debit Card
O01252,C0298,2025-10-05,Debit Card
O01253,C0442,2025-03-12,UPI
O01254,C0353,2025-12-28,Cash
O01255,C0466,2025-03-11,Net Banking
O01256,C0466,2025-03-16,Cash
O01257,C0470,2025-03-22,UPI
O01258,C0035,2025-10-13,Cash
O01259,C0486,2025-03-02,Debit Card
O01260,C0163,2025-03-16,Credit Card
O01261,C0392,2025-06-13,Net Banking
O01262,C0493,2025-07-30,UPI
O01263,C0227,2025-11-23,UPI
O01264,C0078,2025-04-07,Credit Card
O01265,C0068,2025-04-05,Credit Card
O01266,C0391,2025-11-10,Cash
O01267,C0137,2025-11-07,Cash
O01268,C0314,2025-04-29,Cash
O01269,C0119,2025-04-29,Credit Card
O01270,C0184,2025-02-10,Net Banking
O01271,C0069,2025-09-15,Cash
O01272,C0241,2025-12-31,UPI
O01273,C0095,2025-07-18,Net Banking
O01274,C0243,2025-03-12,Debit Card
O01275,C0099,2025-04-26,Credit Card
O01276,C0210,2025-01-08,UPI
O01277,C0487,2025-07-31,Debit Card
O01278,C0381,2025-12-10,Debit Card
O01279,C0388,2025-04-15,Credit Card
O01280,C0091,2025-08-13,Cash
O01281,C0251,2025-12-19,UPI
O01282,C0444,2025-08-23,Debit Card
O01283,C0219,2025-07-27,Credit Card
O01284,C0312,2025-07-14,UPI
O01285,C0202,2025-11-10,Cash
O01286,C0305,2025-10-02,Cash
O01287,C0329,2025-12-27,Credit Card
O01288,C0267,2025-02-25,Net Banking
O01289,C0234,2025-01-22,Debit Card
O01290,C0266,2025-10-03,Net Banking
O01291,C0377,2025-01-21,Cash
O01292,C0199,2025-09-22,Credit Card
O01293,C0098,2025-05-30,Net Banking
O01294,C0204,2025-06-05,UPI
O01295,C0237,2025-03-27,Net Banking
O01296,C0151,2025-11-10,Credit Card
O01297,C0354,2025-09-22,Debit Card
O01298,C0238,2025-11-27,Net Banking
O01299,C0047,2025-09-14,Credit Card
O01300,C0093,2025-10-27,Cash
O01301,C0070,2025-07-21,Net Banking
O01302,C0166,2025-08-19,Credit Card
O01303,C0092,2025-08-21,Cash
O01304,C0460,2025-12-31,Debit Card
O01305,C0452,2025-08-21,Credit Card
O01306,C0129,2025-06-15,Debit Card
O01307,C0368,2025-03-05,Credit Card
O01308,C0059,2025-12-28,Net Banking
O01309,C0325,2025-07-05,Credit Card
O01310,C0269,2025-12-29,Net Banking
O01311,C0373,2025-09-19,Cash
O01312,C0487,2025-03-23,Net Banking
O01313,C0282,2025-07-14,Credit Card
O01314,C0394,2025-03-29,UPI
O01315,C0290,2025-12-04,Debit Card
O01316,C0084,2025-03-16,Debit Card
O01317,C0394,2025-12-31,Credit Card
O01318,C0215,2025-06-07,UPI
O01319,C0374,2025-08-17,UPI
O01320,C0321,2025-04-03,Credit Card
O01321,C0461,2025-03-09,Debit Card
O01322,C0002,2025-11-15,UPI
O01323,C0007,2025-08-23,Net Banking
O01324,C0438,2025-09-13,Cash
O01325,C0414,2025-01-03,Cash
O01326,C0452,2025-09-10,Debit Card
O01327,C0112,2025-10-29,Net Banking
O01328,C0233,2025-07-29,Net Banking
O01329,C0041,2025-11-04,Cash
O01330,C0004,2025-05-06,Cash
O01331,C0143,2025-11-14,Cash
O01332,C0420,2025-04-17,Credit Card
O01333,C0095,2025-03-17,Credit Card
O01334,C0335,2025-06-28,Credit Card
O01335,C0075,2025-01-17,Cash
O01336,C0430,2025-11-05,UPI
O01337,C0170,2025-02-14,Credit Card
O01338,C0056,2025-08-02,Debit Card
O01339,C0083,2025-12-11,UPI
O01340,C0313,2025-12-05,Cash
O01341,C0294,2025-10-15,Debit Card
O01342,C0495,2025-08-22,Cash
O01343,C0185,2025-01-19,Credit Card
O01344,C0394,2025-06-03,UPI
O01345,C0189,2025-07-14,Credit Card
O01346,C0389,2025-08-07,Cash
O01347,C0034,2025-05-30,Net Banking
O01348,C0069,2025-03-04,UPI
O01349,C0169,2025-09-27,Net Banking
O01350,C0269,2025-04-18,Debit Card
O01351,C0314,2025-01-30,Credit Card
O01352,C0293,2025-11-19,Cash
O01353,C0045,2025-09-05,Cash
O01354,C0479,2025-12-28,UPI
O01355,C0219,2025-11-08,UPI
O01356,C0133,2025-09-27,Cash
O01357,C0320,2025-07-01,Debit Card
O01358,C0315,2025-10-16,Net Banking
O01359,C0267,2025-11-20,Net Banking
O01360,C0253,2025-04-03,Cash
O01361,C0120,2025-12-29,UPI
O01362,C0100,2025-01-01,Credit Card
O01363,C0013,2025-08-27,Credit Card
O01364,C0378,2025-04-17,Cash
O01365,C0213,2025-07-31,Credit Card
O01366,C0171,2025-06-29,Cash
O01367,C0413,2025-11-23,Debit Card
O01368,C0006,2025-11-24,Debit Card
O01369,C0354,2025-05-25,UPI
O01370,C0405,2025-02-04,UPI
O01371,C0154,2025-09-17,Cash
O01372,C0166,2025-01-04,Credit Card
O01373,C0352,2025-06-20,UPI
O01374,C0203,2025-10-19,Cash
O01375,C0492,2025-01-15,Debit Card
O01376,C0100,2025-06-19,UPI
O01377,C0473,2025-12-11,Net Banking
O01378,C0470,2025-08-31,Credit Card
O01379,C0331,2025-03-11,Net Banking
O01380,C0080,2025-11-18,Net Banking
O01381,C0457,2025-10-02,UPI
O01382,C0237,2025-07-31,Credit Card
O01383,C0428,2025-09-24,UPI
O01384,C0290,2025-12-14,UPI
O01385,C0285,2025-10-02,Credit Card
O01386,C0107,2025-10-23,UPI
O01387,C0410,2025-07-01,Credit Card
O01388,C0497,2025-03-18,UPI
O01389,C0431,2025-01-16,UPI
O01390,C0193,2025-11-17,Cash
O01391,C0432,2025-03-26,Cash
O01392,C0311,2025-07-19,Debit Card
O01393,C0305,2025-03-01,UPI
O01394,C0362,2025-06-11,Credit Card
O01395,C0140,2025-07-31,Credit Card
O01396,C0255,2025-05-02,UPI
O01397,C0232,2025-06-04,Debit Card
O01398,C0269,2025-06-04,Debit Card
O01399,C0058,2025-07-11,Credit Card
O01400,C0399,2025-04-14,Credit Card
O01401,C0228,2025-09-17,Credit Card
O01402,C0410,2025-09-05,Cash
O01403,C0079,2025-04-08,UPI
O01404,C0473,2025-09-05,Cash
O01405,C0159,2025-06-17,Debit Card
O01406,C0394,2025-02-20,Cash
O01407,C0347,2025-03-09,Debit Card
O01408,C0371,2025-01-19,Net Banking
O01409,C0199,2025-09-25,Credit Card
O01410,C0003,2025-06-09,Credit Card
O01411,C0352,2025-11-01,Credit Card
O01412,C0171,2025-08-28,Credit Card
O01413,C0053,2025-09-24,UPI
O01414,C0012,2025-10-23,UPI
O01415,C0328,2025-04-18,UPI
O01416,C0103,2025-04-09,UPI
O01417,C0142,2025-09-30,UPI
O01418,C0396,2025-08-14,Credit Card
O01419,C0140,2025-03-18,Debit Card
O01420,C0141,2025-02-28,Credit Card
O01421,C0491,2025-11-15,Cash
O01422,C0264,2025-02-22,Debit Card
O01423,C0278,2025-06-29,Cash
O01424,C0164,2025-05-19,Debit Card
O01425,C0483,2025-12-27,UPI
O01426,C0294,2025-05-06,Debit Card
O01427,C0037,2025-06-09,Cash
O01428,C0457,2025-06-23,Cash
O01429,C0228,2025-01-26,Debit Card
O01430,C0015,2025-08-30,Credit Card
O01431,C0055,2025-07-16,Credit Card
O01432,C0045,2025-08-07,Net Banking
O01433,C0092,2025-12-27,Cash
O01434,C0457,2025-10-31,Net Banking
O01435,C0316,2025-07-02,UPI
O01436,C0171,2025-04-12,Cash
O01437,C0041,2025-08-27,Cash
O01438,C0068,2025-02-17,Net Banking
O01439,C0050,2025-08-22,UPI
O01440,C0351,2025-11-26,Net Banking
O01441,C0241,2025-04-29,Debit Card
O01442,C0074,2025-11-12,UPI
O01443,C0468,2025-07-06,Net Banking
O01444,C0094,2025-12-25,UPI
O01445,C0404,2025-06-16,Net Banking
O01446,C0250,2025-01-16,Credit Card
O01447,C0244,2025-02-27,UPI
O01448,C0246,2025-08-25,Debit Card
O01449,C0145,2025-06-28,Cash
O01450,C0295,2025-03-07,Cash
O01451,C0053,2025-07-27,Credit Card
O01452,C0167,2025-10-12,Credit Card
O01453,C0406,2025-06-04,Cash
O01454,C0237,2025-07-25,Cash
O01455,C0212,2025-05-03,Cash
O01456,C0125,2025-10-08,Debit Card
O01457,C0499,2025-09-04,Net Banking
O01458,C0034,2025-06-24,Debit Card
O01459,C0417,2025-12-22,Cash
O01460,C0221,2025-08-11,Cash
O01461,C0404,2025-06-25,Cash
O01462,C0356,2025-05-01,Debit Card
O01463,C0340,2025-12-09,Credit Card
O01464,C0379,2025-12-31,Cash
O01465,C0429,2025-09-07,Credit Card
O01466,C0304,2025-11-02,Net Banking
O01467,C0167,2025-10-12,Credit Card
O01468,C0421,2025-08-16,Debit Card
O01469,C0158,2025-07-27,Credit Card
O01470,C0307,2025-02-25,Cash
O01471,C0395,2025-07-14,UPI
O01472,C0254,2025-11-27,Credit Card
O01473,C0047,2025-04-22,Debit Card
O01474,C0455,2025-10-25,Credit Card
O01475,C0388,2025-03-17,Debit Card
O01476,C0232,2025-09-30,UPI
O01477,C0200,2025-11-12,Cash
O01478,C0229,2025-04-11,Debit Card
O01479,C0349,2025-06-12,UPI
O01480,C0292,2025-12-14,UPI
O01481,C0471,2025-08-11,UPI
O01482,C0046,2025-10-26,Credit Card
O01483,C0314,2025-09-19,Net Banking
O01484,C0434,2025-03-07,UPI
O01485,C0032,2025-07-09,Cash
O01486,C0496,2025-01-28,Credit Card
O01487,C0361,2025-10-14,UPI
O01488,C0057,2025-05-25,Credit Card
O01489,C0121,2025-08-10,Cash
O01490,C0202,2025-11-17,UPI
O01491,C0365,2025-07-15,Net Banking
O01492,C0196,2025-08-11,Cash
O01493,C0109,2025-12-06,Debit Card
O01494,C0244,2025-03-13,Debit Card
O01495,C0285,2025-07-16,UPI
O01496,C0431,2025-08-02,Debit Card
O01497,C0148,2025-12-10,Debit Card
O01498,C0069,2025-01-06,Credit Card
O01499,C0332,2025-01-09,Debit Card
O01500,C0370,2025-09-07,Net Banking
O01501,C0500,2025-03-11,Credit Card
O01502,C0071,2025-11-25,Net Banking
O01503,C0441,2025-08-22,Cash
O01504,C0477,2025-08-06,Cash
O01505,C0093,2025-08-21,Cash
O01506,C0218,2025-10-10,Net Banking
O01507,C0197,2025-07-01,Debit Card
O01508,C0096,2025-08-06,Cash
O01509,C0004,2025-10-23,Net Banking
O01510,C0434,2025-05-02,Cash
O01511,C0138,2025-07-30,Cash
O01512,C0296,2025-07-07,Credit Card
O01513,C0020,2025-10-18,Net Banking
O01514,C0361,2025-07-08,Credit Card
O01515,C0298,2025-09-04,Credit Card
O01516,C0073,2025-09-27,UPI
O01517,C0239,2025-09-22,Credit Card
O01518,C0268,2025-11-09,Credit Card
O01519,C0126,2025-08-30,Credit Card
O01520,C0351,2025-11-21,Cash
O01521,C0409,2025-10-24,UPI
O01522,C0314,2025-01-28,UPI
O01523,C0274,2025-01-06,Net Banking
O01524,C0233,2025-09-20,Net Banking
O01525,C0294,2025-06-19,Net Banking
O01526,C0181,2025-05-31,UPI
O01527,C0086,2025-01-19,Cash
O01528,C0384,2025-06-05,Cash
O01529,C0134,2025-02-01,Net Banking
O01530,C0297,2025-03-28,Cash
O01531,C0027,2025-12-03,UPI
O01532,C0415,2025-11-16,Credit Card
O01533,C0147,2025-09-06,Credit Card
O01534,C0065,2025-09-16,Credit Card
O01535,C0436,2025-05-23,UPI
O01536,C0068,2025-11-12,UPI
O01537,C0141,2025-05-12,Credit Card
O01538,C0380,2025-02-27,Cash
O01539,C0090,2025-10-30,Debit Card
O01540,C0338,2025-08-17,UPI
O01541,C0414,2025-03-31,UPI
O01542,C0401,2025-12-25,Debit Card
O01543,C0249,2025-04-03,Cash
O01544,C0442,2025-01-17,UPI
O01545,C0044,2025-03-16,Cash
O01546,C0479,2025-03-20,Net Banking
O01547,C0386,2025-07-31,Net Banking
O01548,C0122,2025-12-05,Net Banking
O01549,C0372,2025-11-23,Debit Card
O01550,C0108,2025-10-23,UPI
O01551,C0028,2025-11-25,UPI
O01552,C0387,2025-03-01,Credit Card
O01553,C0086,2025-08-26,Net Banking
O01554,C0244,2025-06-04,Net Banking
O01555,C0383,2025-09-30,Debit Card
O01556,C0195,2025-12-16,Net Banking
O01557,C0243,2025-05-15,Debit Card
O01558,C0272,2025-08-11,Credit Card
O01559,C0148,2025-08-18,Net Banking
O01560,C0348,2025-06-11,Cash
O01561,C0350,2025-01-22,Credit Card
O01562,C0470,2025-09-30,UPI
O01563,C0490,2025-08-10,Cash
O01564,C0471,2025-11-30,UPI
O01565,C0172,2025-05-19,UPI
O01566,C0411,2025-02-20,UPI
O01567,C0336,2025-10-27,Net Banking
O01568,C0237,2025-12-12,Debit Card
O01569,C0376,2025-12-11,Cash
O01570,C0395,2025-04-10,Cash
O01571,C0173,2025-12-13,Debit Card
O01572,C0161,2025-10-08,Credit Card
O01573,C0345,2025-01-05,Credit Card
O01574,C0007,2025-07-30,Credit Card
O01575,C0269,2025-02-23,Net Banking
O01576,C0180,2025-04-23,UPI
O01577,C0129,2025-04-09,Credit Card
O01578,C0013,2025-11-14,Credit Card
O01579,C0030,2025-11-01,Debit Card
O01580,C0487,2025-11-03,Credit Card
O01581,C0363,2025-03-03,Credit Card
O01582,C0439,2025-11-06,Debit Card
O01583,C0193,2025-12-03,Cash
O01584,C0412,2025-04-05,Credit Card
O01585,C0357,2025-04-05,UPI
O01586,C0151,2025-08-28,Credit Card
O01587,C0328,2025-08-21,UPI
O01588,C0394,2025-08-07,UPI
O01589,C0132,2025-03-24,Credit Card
O01590,C0142,2025-02-01,Net Banking
O01591,C0199,2025-06-20,Credit Card
O01592,C0133,2025-05-16,Debit Card
O01593,C0226,2025-02-05,Net Banking
O01594,C0476,2025-04-13,Cash
O01595,C0202,2025-04-02,Net Banking
O01596,C0056,2025-03-15,Cash
O01597,C0394,2025-08-09,Debit Card
O01598,C0315,2025-11-26,Credit Card
O01599,C0468,2025-08-15,UPI
O01600,C0053,2025-01-18,Credit Card
O01601,C0037,2025-10-20,UPI
O01602,C0398,2025-08-17,Credit Card
O01603,C0460,2025-09-12,Debit Card
O01604,C0335,2025-11-24,Credit Card
O01605,C0478,2025-01-20,Net Banking
O01606,C0137,2025-03-19,UPI
O01607,C0464,2025-07-20,Cash
O01608,C0002,2025-09-21,Net Banking
O01609,C0245,2025-08-12,Net Banking
O01610,C0433,2025-02-05,Cash
O01611,C0116,2025-01-02,Net Banking
O01612,C0489,2025-12-19,Net Banking
O01613,C0063,2025-10-18,Cash
O01614,C0479,2025-07-03,UPI
O01615,C0350,2025-06-05,Net Banking
O01616,C0029,2025-11-20,Credit Card
O01617,C0188,2025-10-01,UPI
O01618,C0042,2025-08-24,UPI
O01619,C0332,2025-04-14,Debit Card
O01620,C0284,2025-01-21,Net Banking
O01621,C0339,2025-04-08,UPI
O01622,C0357,2025-07-19,Credit Card
O01623,C0323,2025-12-19,UPI
O01624,C0250,2025-02-13,Net Banking
O01625,C0377,2025-04-08,Debit Card
O01626,C0019,2025-04-09,Credit Card
O01627,C0369,2025-10-31,Debit Card
O01628,C0251,2025-07-19,Credit Card
O01629,C0406,2025-10-04,UPI
O01630,C0256,2025-10-01,Net Banking
O01631,C0495,2025-01-09,Credit Card
O01632,C0174,2025-01-29,UPI
O01633,C0404,2025-01-22,Net Banking
O01634,C0061,2025-04-19,Cash
O01635,C0235,2025-12-14,Cash
O01636,C0077,2025-10-24,Debit Card
O01637,C0474,2025-02-06,Credit Card
O01638,C0377,2025-03-14,Net Banking
O01639,C0335,2025-01-10,Net Banking
O01640,C0465,2025-11-13,Credit Card
O01641,C0125,2025-12-26,Debit Card
O01642,C0008,2025-03-30,Credit Card
O01643,C0464,2025-06-07,Credit Card
O01644,C0234,2025-11-09,Debit Card
O01645,C0428,2025-10-30,Credit Card
O01646,C0419,2025-02-24,Credit Card
O01647,C0255,2025-11-01,Cash
O01648,C0113,2025-02-02,Debit Card
O01649,C0219,2025-06-22,Net Banking
O01650,C0167,2025-03-03,Cash
O01651,C0280,2025-03-12,UPI
O01652,C0429,2025-04-20,Credit Card
O01653,C0304,2025-03-30,UPI
O01654,C0033,2025-03-03,UPI
O01655,C0073,2025-08-01,Debit Card
O01656,C0357,2025-07-09,Cash
O01657,C0085,2025-08-13,Debit Card
O01658,C0474,2025-10-25,Credit Card
O01659,C0069,2025-02-21,Cash
O01660,C0193,2025-03-22,Credit Card
O01661,C0451,2025-09-07,Credit Card
O01662,C0004,2025-01-04,Debit Card
O01663,C0475,2025-02-15,Cash
O01664,C0455,2025-05-26,Net Banking
O01665,C0356,2025-09-01,Debit Card
O01666,C0106,2025-03-15,UPI
O01667,C0268,2025-08-19,Net Banking
O01668,C0123,2025-03-31,Cash
O01669,C0355,2025-01-20,Cash
O01670,C0093,2025-09-13,Cash
O01671,C0487,2025-02-15,UPI
O01672,C0179,2025-08-03,Credit Card
O01673,C0286,2025-05-01,Debit Card
O01674,C0061,2025-09-29,Credit Card
O01675,C0317,2025-07-05,Cash
O01676,C0260,2025-04-23,Net Banking
O01677,C0395,2025-11-17,Debit Card
O01678,C0142,2025-01-28,Debit Card
O01679,C0058,2025-03-18,Net Banking
O01680,C0255,2025-04-01,Debit Card
O01681,C0344,2025-01-23,Credit Card
O01682,C0331,2025-07-06,UPI
O01683,C0108,2025-08-11,UPI
O01684,C0172,2025-11-12,Net Banking
O01685,C0023,2025-02-23,Credit Card
O01686,C0474,2025-10-03,Debit Card
O01687,C0081,2025-01-15,Net Banking
O01688,C0264,2025-03-01,Credit Card
O01689,C0459,2025-05-01,Net Banking
O01690,C0304,2025-10-24,UPI
O01691,C0215,2025-04-12,UPI
O01692,C0118,2025-02-26,UPI
O01693,C0117,2025-02-20,Debit Card
O01694,C0378,2025-07-31,Debit Card
O01695,C0193,2025-04-23,Credit Card
O01696,C0242,2025-10-27,Net Banking
O01697,C0028,2025-08-12,Debit Card
O01698,C0111,2025-11-09,Net Banking
O01699,C0092,2025-07-18,UPI
O01700,C0070,2025-08-23,Debit Card
O01701,C0324,2025-07-03,UPI
O01702,C0104,2025-06-21,Debit Card
O01703,C0017,2025-12-21,Cash
O01704,C0031,2025-05-24,Debit Card
O01705,C0057,2025-08-27,Net Banking
O01706,C0215,2025-03-29,UPI
O01707,C0113,2025-06-01,Cash
O01708,C0081,2025-11-23,Cash
O01709,C0464,2025-03-29,Cash
O01710,C0497,2025-10-11,Debit Card
O01711,C0045,2025-07-30,Cash
O01712,C0251,2025-04-21,Cash
O01713,C0243,2025-08-25,UPI
O01714,C0008,2025-08-08,Debit Card
O01715,C0127,2025-06-17,Net Banking
O01716,C0297,2025-04-24,Cash
O01717,C0485,2025-03-18,Cash
O01718,C0460,2025-01-03,Net Banking
O01719,C0023,2025-01-21,Net Banking
O01720,C0376,2025-09-16,Credit Card
O01721,C0218,2025-09-29,Net Banking
O01722,C0246,2025-12-23,Credit Card
O01723,C0232,2025-09-11,Debit Card
O01724,C0043,2025-10-13,Credit Card
O01725,C0355,2025-07-28,Debit Card
O01726,C0068,2025-07-03,UPI
O01727,C0123,2025-11-28,Credit Card
O01728,C0009,2025-09-03,UPI
O01729,C0083,2025-12-27,Net Banking
O01730,C0440,2025-10-20,Cash
O01731,C0013,2025-08-21,Net Banking
O01732,C0396,2025-03-12,Net Banking
O01733,C0095,2025-07-09,Net Banking
O01734,C0361,2025-11-21,Credit Card
O01735,C0441,2025-11-18,Credit Card
O01736,C0198,2025-12-20,UPI
O01737,C0272,2025-01-17,UPI
O01738,C0219,2025-05-19,Cash
O01739,C0278,2025-10-22,Debit Card
O01740,C0404,2025-12-17,Credit Card
O01741,C0318,2025-06-21,Credit Card
O01742,C0264,2025-12-12,UPI
O01743,C0455,2025-01-27,Credit Card
O01744,C0197,2025-07-07,Net Banking
O01745,C0317,2025-01-21,UPI
O01746,C0188,2025-03-31,Cash
O01747,C0361,2025-02-04,Cash
O01748,C0364,2025-04-15,Debit Card
O01749,C0172,2025-05-03,Cash
O01750,C0059,2025-11-29,Net Banking
O01751,C0378,2025-10-25,Debit Card
O01752,C0386,2025-04-26,UPI
O01753,C0181,2025-05-17,Cash
O01754,C0349,2025-08-05,UPI
O01755,C0028,2025-02-02,UPI
O01756,C0177,2025-08-20,Net Banking
O01757,C0257,2025-09-27,Credit Card
O01758,C0241,2025-12-30,Cash
O01759,C0348,2025-09-30,UPI
O01760,C0232,2025-11-14,UPI
O01761,C0410,2025-12-11,Credit Card
O01762,C0097,2025-08-23,Credit Card
O01763,C0042,2025-07-20,Debit Card
O01764,C0148,2025-02-09,Credit Card
O01765,C0085,2025-05-22,Credit Card
O01766,C0357,2025-03-17,Net Banking
O01767,C0078,2025-04-15,Cash
O01768,C0488,2025-11-18,Credit Card
O01769,C0151,2025-08-02,Cash
O01770,C0478,2025-03-09,Net Banking
O01771,C0178,2025-08-04,Net Banking
O01772,C0378,2025-11-27,Credit Card
O01773,C0150,2025-04-07,Credit Card
O01774,C0012,2025-04-29,Cash
O01775,C0331,2025-06-21,Net Banking
O01776,C0297,2025-06-25,UPI
O01777,C0249,2025-10-31,Cash
O01778,C0432,2025-10-08,Net Banking
O01779,C0235,2025-06-05,Cash
O01780,C0068,2025-06-06,Debit Card
O01781,C0405,2025-05-14,Debit Card
O01782,C0248,2025-07-10,UPI
O01783,C0395,2025-01-25,Debit Card
O01784,C0181,2025-05-26,Net Banking
O01785,C0490,2025-03-27,Cash
O01786,C0474,2025-03-24,Cash
O01787,C0147,2025-04-04,Debit Card
O01788,C0430,2025-12-29,Debit Card
O01789,C0083,2025-05-02,Credit Card
O01790,C0022,2025-06-12,Cash
O01791,C0065,2025-08-14,UPI
O01792,C0190,2025-04-05,Debit Card
O01793,C0288,2025-12-29,Credit Card
O01794,C0341,2025-06-12,UPI
O01795,C0076,2025-07-10,Net Banking
O01796,C0277,2025-03-25,Cash
O01797,C0155,2025-03-04,Credit Card
O01798,C0208,2025-09-13,Debit Card
O01799,C0486,2025-08-23,UPI
O01800,C0080,2025-01-03,Cash
O01801,C0500,2025-09-17,UPI
O01802,C0332,2025-12-28,UPI
O01803,C0243,2025-05-29,Cash
O01804,C0342,2025-03-17,Cash
O01805,C0374,2025-08-15,UPI
O01806,C0353,2025-02-27,Net Banking
O01807,C0461,2025-01-21,Debit Card
O01808,C0348,2025-10-10,Credit Card
O01809,C0158,2025-01-13,Net Banking
O01810,C0317,2025-04-23,Net Banking
O01811,C0183,2025-02-17,UPI
O01812,C0029,2025-11-08,Debit Card
O01813,C0299,2025-09-27,Debit Card
O01814,C0401,2025-05-23,Debit Card
O01815,C0012,2025-02-12,Cash
O01816,C0435,2025-08-17,Credit Card
O01817,C0500,2025-09-20,Net Banking
O01818,C0100,2025-09-09,UPI
O01819,C0309,2025-11-06,Cash
O01820,C0484,2025-01-29,UPI
O01821,C0204,2025-03-17,Net Banking
O01822,C0190,2025-07-17,UPI
O01823,C0007,2025-05-26,UPI
O01824,C0180,2025-06-07,Net Banking
O01825,C0448,2025-10-15,Credit Card
O01826,C0111,2025-08-16,Net Banking
O01827,C0412,2025-08-15,UPI
O01828,C0084,2025-08-06,Net Banking
O01829,C0072,2025-10-28,Cash
O01830,C0045,2025-03-15,Debit Card
O01831,C0156,2025-09-01,Cash
O01832,C0172,2025-02-03,Cash
O01833,C0388,2025-07-12,Credit Card
O01834,C0004,2025-07-29,UPI
O01835,C0213,2025-03-31,Cash
O01836,C0237,2025-12-30,Cash
O01837,C0387,2025-03-12,Debit Card
O01838,C0096,2025-07-15,UPI
O01839,C0284,2025-09-09,Credit Card
O01840,C0422,2025-06-04,Cash
O01841,C0156,2025-09-10,Cash
O01842,C0379,2025-08-26,Debit Card
O01843,C0014,2025-01-02,Debit Card
O01844,C0135,2025-06-03,Net Banking
O01845,C0064,2025-12-01,UPI
O01846,C0214,2025-04-02,Net Banking
O01847,C0465,2025-12-19,Debit Card
O01848,C0015,2025-03-03,UPI
O01849,C0253,2025-02-04,Cash
O01850,C0382,2025-07-05,Cash
O01851,C0247,2025-10-17,Net Banking
O01852,C0445,2025-05-13,Net Banking
O01853,C0499,2025-12-22,Credit Card
O01854,C0192,2025-09-20,Cash
O01855,C0009,2025-05-13,Debit Card
O01856,C0298,2025-01-30,Debit Card
O01857,C0164,2025-08-25,Debit Card
O01858,C0183,2025-03-25,Credit Card
O01859,C0140,2025-07-04,Net Banking
O01860,C0326,2025-07-02,Credit Card
O01861,C0149,2025-05-30,Cash
O01862,C0328,2025-02-09,Cash
O01863,C0100,2025-11-18,Debit Card
O01864,C0392,2025-02-18,Cash
O01865,C0386,2025-03-27,Cash
O01866,C0166,2025-06-11,UPI
O01867,C0139,2025-12-17,UPI
O01868,C0050,2025-10-01,Cash
O01869,C0181,2025-03-15,Credit Card
O01870,C0071,2025-09-23,UPI
O01871,C0191,2025-09-06,Net Banking
O01872,C0175,2025-03-25,Credit Card
O01873,C0112,2025-03-21,Cash
O01874,C0114,2025-04-07,Cash
O01875,C0315,2025-12-20,Cash
O01876,C0434,2025-09-30,Cash
O01877,C0360,2025-02-28,Net Banking
O01878,C0236,2025-02-09,Credit Card
O01879,C0420,2025-03-09,Credit Card
O01880,C0246,2025-06-28,UPI
O01881,C0354,2025-07-05,Debit Card
O01882,C0419,2025-08-15,Cash
O01883,C0268,2025-06-25,Debit Card
O01884,C0364,2025-06-05,Credit Card
O01885,C0382,2025-03-02,Debit Card
O01886,C0066,2025-12-22,Debit Card
O01887,C0353,2025-04-27,UPI
O01888,C0065,2025-04-18,Debit Card
O01889,C0041,2025-08-06,Credit Card
O01890,C0040,2025-01-10,Net Banking
O01891,C0388,2025-08-09,Credit Card
O01892,C0101,2025-02-25,Credit Card
O01893,C0407,2025-12-04,Cash
O01894,C0304,2025-01-31,Net Banking
O01895,C0061,2025-05-10,Credit Card
O01896,C0034,2025-06-04,Credit Card
O01897,C0387,2025-02-19,Credit Card
O01898,C0472,2025-11-05,Debit Card
O01899,C0301,2025-04-13,Debit Card
O01900,C0344,2025-06-29,Credit Card
O01901,C0047,2025-03-16,UPI
O01902,C0486,2025-10-24,UPI
O01903,C0181,2025-03-24,Cash
O01904,C0400,2025-11-10,Debit Card
O01905,C0259,2025-10-19,Credit Card
O01906,C0051,2025-10-24,Credit Card
O01907,C0271,2025-04-22,Debit Card
O01908,C0494,2025-05-25,Debit Card
O01909,C0462,2025-10-03,Credit Card
O01910,C0499,2025-02-20,Debit Card
O01911,C0472,2025-09-16,Net Banking
O01912,C0188,2025-12-24,Cash
O01913,C0095,2025-08-14,Credit Card
O01914,C0093,2025-07-01,Net Banking
O01915,C0218,2025-04-20,Cash
O01916,C0117,2025-07-28,Credit Card
O01917,C0390,2025-06-10,Credit Card
O01918,C0239,2025-02-26,Cash
O01919,C0070,2025-09-11,UPI
O01920,C0361,2025-05-28,Cash
O01921,C0370,2025-01-21,Credit Card
O01922,C0168,2025-09-10,Credit Card
O01923,C0198,2025-05-26,Net Banking
O01924,C0308,2025-06-09,Net Banking
O01925,C0116,2025-10-11,Net Banking
O01926,C0149,2025-08-08,Debit Card
O01927,C0439,2025-02-05,Net Banking
O01928,C0481,2025-12-14,UPI
O01929,C0092,2025-01-07,Net Banking
O01930,C0345,2025-02-23,Net Banking
O01931,C0225,2025-09-25,Credit Card
O01932,C0062,2025-03-15,Net Banking
O01933,C0206,2025-12-22,Cash
O01934,C0053,2025-03-28,Credit Card
O01935,C0187,2025-04-12,UPI
O01936,C0103,2025-11-01,Net Banking
O01937,C0063,2025-04-30,Net Banking
O01938,C0372,2025-09-13,UPI
O01939,C0392,2025-10-25,Cash
O01940,C0140,2025-11-26,Net Banking
O01941,C0183,2025-09-01,Cash
O01942,C0487,2025-07-27,Net Banking
O01943,C0262,2025-05-23,Debit Card
O01944,C0394,2025-08-21,Credit Card
O01945,C0063,2025-05-09,Net Banking
O01946,C0255,2025-04-29,Debit Card
O01947,C0016,2025-02-20,Credit Card
O01948,C0426,2025-02-04,Net Banking
O01949,C0348,2025-01-14,Debit Card
O01950,C0196,2025-11-06,UPI
O01951,C0079,2025-06-05,Cash
O01952,C0320,2025-02-19,Credit Card
O01953,C0339,2025-09-24,Net Banking
O01954,C0406,2025-08-27,Debit Card
O01955,C0151,2025-12-05,Net Banking
O01956,C0252,2025-09-16,UPI
O01957,C0278,2025-06-25,Cash
O01958,C0280,2025-01-10,Credit Card
O01959,C0221,2025-03-02,Net Banking
O01960,C0231,2025-06-11,Net Banking
O01961,C0227,2025-08-24,Credit Card
O01962,C0017,2025-04-01,Cash
O01963,C0338,2025-06-05,Debit Card
O01964,C0252,2025-08-09,Debit Card
O01965,C0160,2025-07-19,Net Banking
O01966,C0392,2025-02-26,Cash
O01967,C0346,2025-09-09,Cash
O01968,C0351,2025-10-04,Cash
O01969,C0241,2025-09-01,Cash
O01970,C0438,2025-03-22,Cash
O01971,C0029,2025-07-20,UPI
O01972,C0254,2025-10-30,Net Banking
O01973,C0316,2025-12-13,UPI
O01974,C0393,2025-05-26,UPI
O01975,C0032,2025-01-15,Cash
O01976,C0024,2025-03-07,UPI
O01977,C0179,2025-10-26,Credit Card
O01978,C0392,2025-11-17,UPI
O01979,C0195,2025-02-19,Net Banking
O01980,C0177,2025-07-02,Net Banking
O01981,C0180,2025-01-29,Debit Card
O01982,C0127,2025-05-01,UPI
O01983,C0304,2025-02-13,Credit Card
O01984,C0445,2025-06-06,Credit Card
O01985,C0173,2025-03-28,Credit Card
O01986,C0276,2025-06-16,Credit Card
O01987,C0236,2025-12-03,Net Banking
O01988,C0291,2025-09-21,Net Banking
O01989,C0137,2025-01-11,Net Banking
O01990,C0302,2025-01-12,UPI
O01991,C0194,2025-10-20,Net Banking
O01992,C0166,2025-10-21,Credit Card
O01993,C0414,2025-09-08,Credit Card
O01994,C0354,2025-12-12,Debit Card
O01995,C0173,2025-09-12,Cash
O01996,C0416,2025-12-08,UPI
O01997,C0086,2025-11-11,UPI
O01998,C0187,2025-08-12,Debit Card
O01999,C0255,2025-11-22,Credit Card
O02000,C0431,2025-10-02,Debit Card
O02001,C0148,2025-05-16,Credit Card
O02002,C0153,2025-10-21,Net Banking
O02003,C0412,2025-04-26,Cash
O02004,C0381,2025-02-17,Cash
O02005,C0049,2025-10-31,UPI
O02006,C0140,2025-02-04,Cash
O02007,C0411,2025-09-29,Net Banking
O02008,C0219,2025-04-18,UPI
O02009,C0408,2025-02-09,UPI
O02010,C0259,2025-06-03,Net Banking
O02011,C0340,2025-10-04,UPI
O02012,C0103,2025-08-01,Net Banking
O02013,C0129,2025-11-16,Cash
O02014,C0233,2025-12-10,Cash
O02015,C0093,2025-01-10,Cash
O02016,C0442,2025-04-06,Cash
O02017,C0256,2025-04-20,Net Banking
O02018,C0138,2025-11-23,Cash
O02019,C0415,2025-11-11,Net Banking
O02020,C0479,2025-10-17,Credit Card
O02021,C0268,2025-04-13,UPI
O02022,C0237,2025-03-17,Debit Card
O02023,C0078,2025-12-17,UPI
O02024,C0433,2025-08-11,Net Banking
O02025,C0164,2025-02-02,Debit Card
O02026,C0434,2025-07-31,UPI
O02027,C0422,2025-05-27,Debit Card
O02028,C0132,2025-12-18,Cash
O02029,C0121,2025-07-27,Debit Card
O02030,C0059,2025-03-18,Debit Card
O02031,C0015,2025-05-06,UPI
O02032,C0238,2025-09-06,Cash
O02033,C0224,2025-08-05,Credit Card
O02034,C0104,2025-03-23,UPI
O02035,C0070,2025-01-15,UPI
O02036,C0405,2025-05-23,Cash
O02037,C0091,2025-11-26,Credit Card
O02038,C0494,2025-09-06,Credit Card
O02039,C0029,2025-02-12,UPI
O02040,C0309,2025-06-02,Credit Card
O02041,C0462,2025-07-28,UPI
O02042,C0344,2025-12-03,Credit Card
O02043,C0204,2025-03-13,Debit Card
O02044,C0058,2025-10-20,Cash
O02045,C0478,2025-03-03,Cash
O02046,C0341,2025-10-25,Cash
O02047,C0129,2025-09-12,Credit Card
O02048,C0122,2025-11-04,Credit Card
O02049,C0396,2025-06-10,UPI
O02050,C0427,2025-10-27,Net Banking
O02051,C0413,2025-05-01,Net Banking
O02052,C0112,2025-03-15,Credit Card
O02053,C0090,2025-04-20,UPI
O02054,C0226,2025-07-29,UPI
O02055,C0442,2025-10-29,Credit Card
O02056,C0252,2025-10-01,UPI
O02057,C0359,2025-02-27,UPI
O02058,C0280,2025-08-05,Net Banking
O02059,C0350,2025-05-07,UPI
O02060,C0451,2025-03-16,UPI
O02061,C0244,2025-07-08,UPI
O02062,C0011,2025-11-27,Cash
O02063,C0018,2025-12-06,Credit Card
O02064,C0354,2025-12-10,Debit Card
O02065,C0130,2025-10-10,Net Banking
O02066,C0159,2025-11-24,UPI
O02067,C0463,2025-12-17,Credit Card
O02068,C0274,2025-05-02,Net Banking
O02069,C0199,2025-01-05,Net Banking
O02070,C0475,2025-05-11,UPI
O02071,C0047,2025-05-01,UPI
O02072,C0108,2025-03-24,Net Banking
O02073,C0324,2025-06-12,Net Banking
O02074,C0405,2025-01-18,UPI
O02075,C0444,2025-02-11,Net Banking
O02076,C0242,2025-07-31,UPI
O02077,C0368,2025-08-05,Credit Card
O02078,C0423,2025-03-24,UPI
O02079,C0260,2025-02-03,UPI
O02080,C0216,2025-11-05,Cash
O02081,C0378,2025-06-17,Net Banking
O02082,C0356,2025-01-15,Credit Card
O02083,C0329,2025-11-25,Debit Card
O02084,C0323,2025-08-16,Debit Card
O02085,C0002,2025-07-25,Debit Card
O02086,C0322,2025-06-06,UPI
O02087,C0295,2025-02-12,Credit Card
O02088,C0081,2025-05-08,Cash
O02089,C0366,2025-11-29,Debit Card
O02090,C0434,2025-11-01,Net Banking
O02091,C0406,2025-06-13,Net Banking
O02092,C0245,2025-03-10,UPI
O02093,C0089,2025-12-18,Cash
O02094,C0424,2025-06-17,UPI
O02095,C0102,2025-02-13,Net Banking
O02096,C0189,2025-04-04,Net Banking
O02097,C0449,2025-07-13,Cash
O02098,C0115,2025-01-11,Credit Card
O02099,C0473,2025-10-13,Cash
O02100,C0321,2025-04-28,Credit Card
O02101,C0499,2025-08-25,Debit Card
O02102,C0135,2025-12-26,Debit Card
O02103,C0026,2025-07-25,Cash
O02104,C0220,2025-11-04,UPI
O02105,C0077,2025-02-15,UPI
O02106,C0088,2025-10-18,Credit Card
O02107,C0008,2025-09-27,Net Banking
O02108,C0396,2025-08-21,Net Banking
O02109,C0061,2025-04-25,Debit Card
O02110,C0098,2025-05-17,UPI
O02111,C0383,2025-09-11,Net Banking
O02112,C0067,2025-08-09,Debit Card
O02113,C0308,2025-04-21,UPI
O02114,C0373,2025-12-13,Debit Card
O02115,C0215,2025-04-03,Net Banking
O02116,C0406,2025-03-16,Credit Card
O02117,C0149,2025-05-15,Debit Card
O02118,C0317,2025-08-19,Debit Card
O02119,C0190,2025-10-26,Net Banking
O02120,C0044,2025-01-06,Net Banking
O02121,C0069,2025-06-15,Net Banking
O02122,C0352,2025-04-19,Net Banking
O02123,C0363,2025-08-05,Cash
O02124,C0132,2025-02-07,Credit Card
O02125,C0286,2025-01-31,Credit Card
O02126,C0171,2025-05-01,Net Banking
O02127,C0466,2025-07-01,Cash
O02128,C0481,2025-12-10,Cash
O02129,C0364,2025-01-24,Credit Card
O02130,C0130,2025-09-16,Cash
O02131,C0196,2025-06-04,Net Banking
O02132,C0344,2025-07-09,Debit Card
O02133,C0496,2025-10-14,Credit Card
O02134,C0298,2025-04-02,UPI
O02135,C0087,2025-09-15,Net Banking
O02136,C0477,2025-06-23,Net Banking
O02137,C0068,2025-02-15,UPI
O02138,C0364,2025-09-29,Net Banking
O02139,C0073,2025-05-14,Credit Card
O02140,C0161,2025-01-23,Debit Card
O02141,C0256,2025-05-24,UPI
O02142,C0475,2025-08-09,UPI
O02143,C0463,2025-05-15,Cash
O02144,C0425,2025-05-16,Cash
O02145,C0161,2025-08-12,Debit Card
O02146,C0162,2025-09-09,Debit Card
O02147,C0285,2025-12-03,Net Banking
O02148,C0028,2025-04-07,Debit Card
O02149,C0028,2025-04-28,Debit Card
O02150,C0019,2025-08-29,UPI
O02151,C0084,2025-12-28,Net Banking
O02152,C0224,2025-03-01,Net Banking
O02153,C0021,2025-08-15,UPI
O02154,C0364,2025-10-15,Net Banking
O02155,C0235,2025-09-10,Credit Card
O02156,C0434,2025-03-17,Credit Card
O02157,C0179,2025-02-17,Debit Card
O02158,C0445,2025-05-26,Debit Card
O02159,C0428,2025-03-28,Cash
O02160,C0422,2025-05-20,Cash
O02161,C0457,2025-12-06,Cash
O02162,C0109,2025-10-26,Credit Card
O02163,C0270,2025-10-20,Debit Card
O02164,C0214,2025-02-09,Debit Card
O02165,C0394,2025-09-13,Credit Card
O02166,C0455,2025-06-18,Credit Card
O02167,C0146,2025-12-15,Credit Card
O02168,C0202,2025-07-11,Cash
O02169,C0476,2025-02-24,UPI
O02170,C0079,2025-01-15,Credit Card
O02171,C0236,2025-12-29,Net Banking
O02172,C0233,2025-11-18,UPI
O02173,C0305,2025-12-03,Credit Card
O02174,C0169,2025-01-23,Cash
O02175,C0487,2025-08-20,UPI
O02176,C0486,2025-10-19,Debit Card
O02177,C0109,2025-01-25,UPI
O02178,C0166,2025-01-29,Credit Card
O02179,C0281,2025-11-05,Net Banking
O02180,C0048,2025-07-24,UPI
O02181,C0092,2025-05-03,Net Banking
O02182,C0046,2025-01-11,Debit Card
O02183,C0084,2025-07-18,Net Banking
O02184,C0146,2025-11-28,Debit Card
O02185,C0062,2025-06-02,Net Banking
O02186,C0411,2025-08-10,UPI
O02187,C0463,2025-12-17,Cash
O02188,C0068,2025-07-03,Credit Card
O02189,C0427,2025-07-08,Cash
O02190,C0103,2025-09-08,Net Banking
O02191,C0454,2025-07-18,Net Banking
O02192,C0138,2025-10-16,Cash
O02193,C0217,2025-02-16,Net Banking
O02194,C0416,2025-07-08,Cash
O02195,C0096,2025-08-11,Net Banking
O02196,C0048,2025-01-21,Cash
O02197,C0175,2025-08-26,Debit Card
O02198,C0332,2025-12-18,Debit Card
O02199,C0477,2025-09-11,Cash
O02200,C0323,2025-11-28,Cash
O02201,C0043,2025-05-29,Net Banking
O02202,C0224,2025-02-10,Net Banking
O02203,C0154,2025-03-18,Debit Card
O02204,C0351,2025-06-03,Debit Card
O02205,C0268,2025-08-07,UPI
O02206,C0292,2025-01-25,Cash
O02207,C0040,2025-01-24,Cash
O02208,C0056,2025-09-19,Net Banking
O02209,C0212,2025-02-18,Net Banking
O02210,C0339,2025-10-19,UPI
O02211,C0182,2025-05-11,Cash
O02212,C0042,2025-09-15,Credit Card
O02213,C0059,2025-12-05,Net Banking
O02214,C0092,2025-04-04,Net Banking
O02215,C0024,2025-02-12,Net Banking
O02216,C0449,2025-12-27,UPI
O02217,C0161,2025-10-28,Net Banking
O02218,C0388,2025-12-10,Net Banking
O02219,C0320,2025-05-16,UPI
O02220,C0495,2025-04-06,Debit Card
O02221,C0095,2025-02-10,Cash
O02222,C0133,2025-12-11,Credit Card
O02223,C0223,2025-10-01,Credit Card
O02224,C0003,2025-07-22,Credit Card
O02225,C0007,2025-03-29,Net Banking
O02226,C0236,2025-12-21,Net Banking
O02227,C0445,2025-12-03,Cash
O02228,C0372,2025-09-07,UPI
O02229,C0317,2025-11-12,UPI
O02230,C0354,2025-12-11,Net Banking
O02231,C0412,2025-06-04,Credit Card
O02232,C0065,2025-03-11,Credit Card
O02233,C0098,2025-02-27,Credit Card
O02234,C0357,2025-04-07,Credit Card
O02235,C0108,2025-09-04,Debit Card
O02236,C0333,2025-05-04,Net Banking
O02237,C0432,2025-11-17,Cash
O02238,C0098,2025-02-14,UPI
O02239,C0395,2025-08-26,Debit Card
O02240,C0243,2025-08-05,Credit Card
O02241,C0060,2025-03-27,Debit Card
O02242,C0379,2025-12-26,Net Banking
O02243,C0494,2025-09-06,Net Banking
O02244,C0011,2025-08-19,Cash
O02245,C0125,2025-04-14,UPI
O02246,C0292,2025-07-20,Credit Card
O02247,C0171,2025-01-05,Credit Card
O02248,C0323,2025-08-10,Net Banking
O02249,C0435,2025-09-11,Cash
O02250,C0306,2025-10-11,UPI
O02251,C0019,2025-09-07,Net Banking
O02252,C0249,2025-09-20,Cash
O02253,C0372,2025-11-10,Net Banking
O02254,C0119,2025-02-01,Cash
O02255,C0010,2025-08-05,Cash
O02256,C0162,2025-10-11,Credit Card
O02257,C0138,2025-11-28,Net Banking
O02258,C0456,2025-08-31,Credit Card
O02259,C0254,2025-11-15,UPI
O02260,C0230,2025-12-24,Net Banking
O02261,C0011,2025-03-24,UPI
O02262,C0372,2025-04-09,Net Banking
O02263,C0177,2025-08-13,Debit Card
O02264,C0260,2025-04-23,Cash
O02265,C0466,2025-12-17,UPI
O02266,C0472,2025-11-05,Net Banking
O02267,C0068,2025-05-31,Net Banking
O02268,C0492,2025-08-02,UPI
O02269,C0408,2025-08-30,Debit Card
O02270,C0319,2025-04-17,UPI
O02271,C0354,2025-02-14,Net Banking
O02272,C0067,2025-03-30,Debit Card
O02273,C0081,2025-11-07,Net Banking
O02274,C0052,2025-08-01,Net Banking
O02275,C0156,2025-05-01,Debit Card
O02276,C0286,2025-01-25,Credit Card
O02277,C0184,2025-05-14,UPI
O02278,C0347,2025-03-23,Debit Card
O02279,C0424,2025-09-15,Credit Card
O02280,C0414,2025-02-02,UPI
O02281,C0221,2025-02-28,Cash
O02282,C0117,2025-03-03,Cash
O02283,C0115,2025-09-07,UPI
O02284,C0175,2025-07-01,Credit Card
O02285,C0395,2025-10-13,UPI
O02286,C0459,2025-03-19,Cash
O02287,C0310,2025-12-09,Credit Card
O02288,C0362,2025-01-26,Net Banking
O02289,C0410,2025-08-23,Credit Card
O02290,C0500,2025-02-24,Cash
O02291,C0313,2025-02-22,Cash
O02292,C0022,2025-09-17,Credit Card
O02293,C0086,2025-11-19,Credit Card
O02294,C0446,2025-04-16,UPI
O02295,C0081,2025-05-30,Net Banking
O02296,C0391,2025-09-17,Net Banking
O02297,C0376,2025-02-20,Debit Card
O02298,C0332,2025-07-06,UPI
O02299,C0420,2025-03-12,Credit Card
O02300,C0435,2025-04-14,Net Banking
O02301,C0497,2025-08-01,Credit Card
O02302,C0126,2025-08-31,UPI
O02303,C0147,2025-09-16,Debit Card
O02304,C0044,2025-05-17,UPI
O02305,C0367,2025-08-01,UPI
O02306,C0323,2025-12-07,Debit Card
O02307,C0078,2025-09-29,Net Banking
O02308,C0404,2025-04-27,Debit Card
O02309,C0411,2025-08-08,Net Banking
O02310,C0471,2025-07-29,Net Banking
O02311,C0488,2025-09-22,UPI
O02312,C0484,2025-01-16,Net Banking
O02313,C0075,2025-01-06,Cash
O02314,C0484,2025-02-05,Credit Card
O02315,C0174,2025-06-11,Net Banking
O02316,C0396,2025-03-26,Net Banking
O02317,C0032,2025-07-21,Credit Card
O02318,C0339,2025-11-25,Debit Card
O02319,C0463,2025-10-22,Credit Card
O02320,C0324,2025-12-05,Cash
O02321,C0499,2025-06-01,Net Banking
O02322,C0206,2025-12-15,Cash
O02323,C0448,2025-06-05,UPI
O02324,C0466,2025-06-26,Credit Card
O02325,C0424,2025-05-24,Cash
O02326,C0313,2025-03-17,Net Banking
O02327,C0229,2025-11-26,Debit Card
O02328,C0455,2025-10-06,Cash
O02329,C0404,2025-11-13,Net Banking
O02330,C0358,2025-06-26,Net Banking
O02331,C0398,2025-04-12,UPI
O02332,C0044,2025-01-19,Cash
O02333,C0172,2025-07-19,Debit Card
O02334,C0267,2025-10-04,UPI
O02335,C0110,2025-02-17,Cash
O02336,C0283,2025-06-09,Cash
O02337,C0175,2025-11-22,Debit Card
O02338,C0012,2025-01-15,Cash
O02339,C0304,2025-05-13,Debit Card
O02340,C0427,2025-06-05,Net Banking
O02341,C0259,2025-02-26,Credit Card
O02342,C0431,2025-07-10,UPI
O02343,C0322,2025-09-17,UPI
O02344,C0064,2025-01-25,Credit Card
O02345,C0230,2025-06-02,Cash
O02346,C0378,2025-01-03,Net Banking
O02347,C0174,2025-05-01,Cash
O02348,C0290,2025-11-18,Cash
O02349,C0433,2025-11-01,Debit Card
O02350,C0180,2025-06-03,UPI
O02351,C0342,2025-10-21,Debit Card
O02352,C0366,2025-07-13,Cash
O02353,C0378,2025-05-07,Credit Card
O02354,C0168,2025-09-22,Cash
O02355,C0099,2025-07-04,Net Banking
O02356,C0051,2025-03-17,Net Banking
O02357,C0425,2025-07-30,Credit Card
O02358,C0048,2025-02-01,Net Banking
O02359,C0455,2025-03-08,Net Banking
O02360,C0110,2025-08-17,Credit Card
O02361,C0190,2025-12-13,Cash
O02362,C0207,2025-10-29,Cash
O02363,C0266,2025-07-22,UPI
O02364,C0300,2025-09-13,Net Banking
O02365,C0226,2025-12-19,Net Banking
O02366,C0375,2025-08-02,Debit Card
O02367,C0074,2025-09-16,Debit Card
O02368,C0249,2025-12-31,Net Banking
O02369,C0067,2025-12-27,Cash
O02370,C0442,2025-09-28,Credit Card
O02371,C0356,2025-04-19,Net Banking
O02372,C0243,2025-01-17,Debit Card
O02373,C0484,2025-10-14,UPI
O02374,C0472,2025-03-02,Cash
O02375,C0437,2025-07-29,Credit Card
O02376,C0062,2025-07-09,Cash
O02377,C0149,2025-01-21,Cash
O02378,C0079,2025-03-02,UPI
O02379,C0157,2025-07-11,UPI
O02380,C0151,2025-09-06,Credit Card
O02381,C0406,2025-03-15,Debit Card
O02382,C0402,2025-10-29,Net Banking
O02383,C0025,2025-06-06,UPI
O02384,C0111,2025-04-04,Net Banking
O02385,C0002,2025-03-04,Cash
O02386,C0179,2025-02-04,Credit Card
O02387,C0214,2025-09-04,Cash
O02388,C0159,2025-10-17,Net Banking
O02389,C0461,2025-06-22,Net Banking
O02390,C0244,2025-11-07,Debit Card
O02391,C0391,2025-03-12,Cash
O02392,C0326,2025-08-24,Net Banking
O02393,C0342,2025-08-18,Debit Card
O02394,C0444,2025-06-16,Credit Card
O02395,C0410,2025-11-16,Cash
O02396,C0210,2025-07-18,Debit Card
O02397,C0461,2025-07-22,UPI
O02398,C0277,2025-01-24,Net Banking
O02399,C0377,2025-05-23,Credit Card
O02400,C0444,2025-03-26,Credit Card
O02401,C0293,2025-11-19,UPI
O02402,C0288,2025-11-27,Credit Card
O02403,C0330,2025-10-14,Credit Card
O02404,C0099,2025-11-13,Cash
O02405,C0296,2025-01-28,Cash
O02406,C0268,2025-04-07,Net Banking
O02407,C0258,2025-01-10,Credit Card
O02408,C0338,2025-09-30,Debit Card
O02409,C0493,2025-01-10,UPI
O02410,C0403,2025-04-16,Debit Card
O02411,C0425,2025-12-28,Cash
O02412,C0228,2025-02-13,Cash
O02413,C0311,2025-06-14,Net Banking
O02414,C0302,2025-01-24,Net Banking
O02415,C0442,2025-01-12,UPI
O02416,C0224,2025-04-03,Net Banking
O02417,C0013,2025-09-28,UPI
O02418,C0196,2025-05-12,Credit Card
O02419,C0059,2025-02-20,Cash
O02420,C0087,2025-05-27,Debit Card
O02421,C0094,2025-05-11,Credit Card
O02422,C0079,2025-06-07,Net Banking
O02423,C0348,2025-03-28,Credit Card
O02424,C0315,2025-06-16,Debit Card
O02425,C0014,2025-01-30,UPI
O02426,C0200,2025-02-20,UPI
O02427,C0073,2025-07-31,UPI
O02428,C0133,2025-07-12,Credit Card
O02429,C0027,2025-04-14,Debit Card
O02430,C0386,2025-11-02,Cash
O02431,C0122,2025-09-10,Cash
O02432,C0386,2025-09-16,Net Banking
O02433,C0487,2025-02-28,UPI
O02434,C0032,2025-06-12,Net Banking
O02435,C0284,2025-07-28,Credit Card
O02436,C0248,2025-01-15,Net Banking
O02437,C0325,2025-04-30,Credit Card
O02438,C0138,2025-10-11,Cash
O02439,C0346,2025-02-21,Debit Card
O02440,C0391,2025-10-12,Debit Card
O02441,C0156,2025-10-18,Net Banking
O02442,C0229,2025-02-12,Cash
O02443,C0105,2025-03-14,UPI
O02444,C0277,2025-03-28,Debit Card
O02445,C0276,2025-08-05,Cash
O02446,C0232,2025-01-22,Credit Card
O02447,C0417,2025-08-26,Cash
O02448,C0149,2025-12-01,Debit Card
O02449,C0001,2025-01-31,Net Banking
O02450,C0140,2025-11-03,UPI
O02451,C0430,2025-12-15,Net Banking
O02452,C0180,2025-11-20,Debit Card
O02453,C0300,2025-09-19,UPI
O02454,C0024,2025-03-24,Cash
O02455,C0289,2025-02-05,UPI
O02456,C0046,2025-07-22,Credit Card
O02457,C0426,2025-03-13,Cash
O02458,C0144,2025-08-10,Debit Card
O02459,C0313,2025-09-16,UPI
O02460,C0453,2025-12-16,UPI
O02461,C0326,2025-05-14,Net Banking
O02462,C0140,2025-05-06,UPI
O02463,C0175,2025-04-18,Net Banking
O02464,C0492,2025-11-03,UPI
O02465,C0009,2025-12-21,Debit Card
O02466,C0331,2025-01-02,Cash
O02467,C0244,2025-01-03,Credit Card
O02468,C0345,2025-03-30,Net Banking
O02469,C0285,2025-12-23,Net Banking
O02470,C0391,2025-07-21,Cash
O02471,C0042,2025-11-29,Credit Card
O02472,C0276,2025-01-16,Net Banking
O02473,C0345,2025-03-05,UPI
O02474,C0498,2025-07-12,Cash
O02475,C0184,2025-07-18,Debit Card
O02476,C0430,2025-12-23,Credit Card
O02477,C0064,2025-08-25,UPI
O02478,C0480,2025-04-09,Net Banking
O02479,C0005,2025-04-24,Credit Card
O02480,C0389,2025-05-24,UPI
O02481,C0099,2025-02-16,Cash
O02482,C0321,2025-06-05,Debit Card
O02483,C0120,2025-09-10,UPI
O02484,C0019,2025-05-24,Net Banking
O02485,C0464,2025-12-27,Cash
O02486,C0108,2025-01-04,Debit Card
O02487,C0421,2025-11-23,Net Banking
O02488,C0057,2025-05-23,Cash
O02489,C0257,2025-09-10,Debit Card
O02490,C0283,2025-04-10,Cash
O02491,C0345,2025-12-16,Cash
O02492,C0290,2025-03-31,Credit Card
O02493,C0302,2025-03-07,Credit Card
O02494,C0066,2025-05-13,Cash
O02495,C0439,2025-04-27,Cash
O02496,C0374,2025-05-21,Debit Card
O02497,C0435,2025-12-14,Credit Card
O02498,C0497,2025-12-21,Cash
O02499,C0315,2025-05-10,Cash
O02500,C0453,2025-08-21,Credit Card
O02501,C0481,2025-08-07,Credit Card
O02502,C0438,2025-06-15,Net Banking
O02503,C0433,2025-07-28,UPI
O02504,C0063,2025-12-15,Cash
O02505,C0239,2025-09-11,UPI
O02506,C0265,2025-01-23,Debit Card
O02507,C0025,2025-05-23,Net Banking
O02508,C0273,2025-08-18,UPI
O02509,C0003,2025-07-20,Debit Card
O02510,C0172,2025-02-11,Cash
O02511,C0414,2025-01-13,Debit Card
O02512,C0354,2025-08-05,Credit Card
O02513,C0470,2025-05-08,Debit Card
O02514,C0085,2025-06-18,UPI
O02515,C0033,2025-11-17,Credit Card
O02516,C0015,2025-09-03,Net Banking
O02517,C0414,2025-01-13,Cash
O02518,C0409,2025-11-17,UPI
O02519,C0431,2025-05-09,Debit Card
O02520,C0056,2025-08-31,Debit Card
O02521,C0491,2025-06-24,Credit Card
O02522,C0421,2025-06-20,Cash
O02523,C0407,2025-05-02,Credit Card
O02524,C0398,2025-11-04,Cash
O02525,C0225,2025-02-18,Net Banking
O02526,C0297,2025-03-05,Credit Card
O02527,C0499,2025-02-01,Credit Card
O02528,C0194,2025-06-10,Credit Card
O02529,C0401,2025-03-07,Credit Card
O02530,C0471,2025-08-15,Credit Card
O02531,C0155,2025-11-09,Net Banking
O02532,C0034,2025-02-22,Credit Card
O02533,C0287,2025-01-27,UPI
O02534,C0436,2025-07-15,Net Banking
O02535,C0050,2025-11-13,Net Banking
O02536,C0120,2025-11-03,Cash
O02537,C0006,2025-08-21,Net Banking
O02538,C0238,2025-08-08,Cash
O02539,C0318,2025-02-21,UPI
O02540,C0334,2025-12-12,Credit Card
O02541,C0233,2025-09-22,UPI
O02542,C0301,2025-04-09,Credit Card
O02543,C0053,2025-01-07,Cash
O02544,C0366,2025-02-04,Cash
O02545,C0405,2025-04-10,Cash
O02546,C0065,2025-11-23,Cash
O02547,C0132,2025-07-01,Net Banking
O02548,C0247,2025-11-14,Net Banking
O02549,C0096,2025-05-05,Debit Card
O02550,C0409,2025-01-23,Credit Card
O02551,C0066,2025-06-09,Cash
O02552,C0224,2025-09-20,UPI
O02553,C0160,2025-10-26,Cash
O02554,C0398,2025-03-16,Debit Card
O02555,C0241,2025-06-08,Cash
O02556,C0176,2025-05-30,UPI
O02557,C0497,2025-01-05,Cash
O02558,C0301,2025-12-03,Debit Card
O02559,C0030,2025-05-02,Cash
O02560,C0420,2025-10-14,Credit Card
O02561,C0217,2025-06-26,Debit Card
O02562,C0500,2025-04-13,Debit Card
O02563,C0403,2025-02-05,UPI
O02564,C0097,2025-12-08,Net Banking
O02565,C0356,2025-12-21,Net Banking
O02566,C0308,2025-12-21,UPI
O02567,C0437,2025-10-24,Cash
O02568,C0494,2025-06-21,Cash
O02569,C0154,2025-08-03,UPI
O02570,C0084,2025-02-23,Net Banking
O02571,C0449,2025-01-22,Net Banking
O02572,C0113,2025-01-02,Debit Card
O02573,C0355,2025-04-28,Net Banking
O02574,C0320,2025-04-20,Debit Card
O02575,C0247,2025-06-19,Net Banking
O02576,C0106,2025-07-24,Debit Card
O02577,C0423,2025-01-04,UPI
O02578,C0006,2025-02-07,UPI
O02579,C0016,2025-10-12,Credit Card
O02580,C0073,2025-05-29,Net Banking
O02581,C0100,2025-11-20,Cash
O02582,C0468,2025-07-04,Credit Card
O02583,C0500,2025-01-16,Debit Card
O02584,C0102,2025-05-26,Debit Card
O02585,C0113,2025-05-15,Debit Card
O02586,C0174,2025-10-11,Debit Card
O02587,C0092,2025-04-11,Credit Card
O02588,C0091,2025-05-15,Credit Card
O02589,C0011,2025-12-13,Debit Card
O02590,C0195,2025-12-02,Credit Card
O02591,C0174,2025-04-18,UPI
O02592,C0234,2025-05-03,UPI
O02593,C0415,2025-07-10,Debit Card
O02594,C0482,2025-09-27,Cash
O02595,C0452,2025-08-11,Credit Card
O02596,C0061,2025-03-15,Debit Card
O02597,C0407,2025-04-08,Debit Card
O02598,C0273,2025-07-13,UPI
O02599,C0163,2025-11-03,Net Banking
O02600,C0326,2025-05-06,Credit Card
O02601,C0391,2025-11-12,Cash
O02602,C0097,2025-10-02,UPI
O02603,C0405,2025-03-18,UPI
O02604,C0127,2025-01-28,UPI
O02605,C0447,2025-03-06,Cash
O02606,C0496,2025-10-27,Net Banking
O02607,C0108,2025-02-11,Net Banking
O02608,C0405,2025-12-06,Cash
O02609,C0034,2025-03-27,Cash
O02610,C0199,2025-11-27,Cash
O02611,C0192,2025-09-13,Cash
O02612,C0238,2025-04-02,UPI
O02613,C0365,2025-07-11,Cash
O02614,C0356,2025-09-05,Net Banking
O02615,C0243,2025-05-18,Cash
O02616,C0206,2025-11-23,Cash
O02617,C0333,2025-01-19,Debit Card
O02618,C0113,2025-04-14,Net Banking
O02619,C0442,2025-05-01,Net Banking
O02620,C0112,2025-06-06,Net Banking
O02621,C0456,2025-07-13,Cash
O02622,C0081,2025-07-11,UPI
O02623,C0282,2025-02-13,Debit Card
O02624,C0385,2025-02-13,UPI
O02625,C0228,2025-09-23,UPI
O02626,C0118,2025-10-26,Credit Card
O02627,C0239,2025-09-20,Cash
O02628,C0173,2025-08-07,Net Banking
O02629,C0240,2025-08-10,Net Banking
O02630,C0189,2025-09-12,UPI
O02631,C0140,2025-07-15,Credit Card
O02632,C0092,2025-08-15,Debit Card
O02633,C0136,2025-11-27,Credit Card
O02634,C0184,2025-02-12,UPI
O02635,C0432,2025-09-14,Cash
O02636,C0280,2025-11-26,Credit Card
O02637,C0403,2025-05-22,Debit Card
O02638,C0051,2025-03-02,Credit Card
O02639,C0185,2025-01-20,Cash
O02640,C0103,2025-06-20,Debit Card
O02641,C0346,2025-06-18,UPI
O02642,C0155,2025-12-16,UPI
O02643,C0098,2025-12-28,Cash
O02644,C0071,2025-10-06,UPI
O02645,C0005,2025-06-03,UPI
O02646,C0422,2025-06-27,Net Banking
O02647,C0485,2025-07-27,Cash
O02648,C0388,2025-12-02,Credit Card
O02649,C0242,2025-12-01,Cash
O02650,C0390,2025-03-18,Net Banking
O02651,C0117,2025-04-27,Debit Card
O02652,C0243,2025-04-30,Cash
O02653,C0301,2025-10-10,Net Banking
O02654,C0370,2025-08-25,UPI
O02655,C0406,2025-02-13,UPI
O02656,C0434,2025-04-07,Net Banking
O02657,C0395,2025-12-24,Net Banking
O02658,C0108,2025-08-13,Net Banking
O02659,C0437,2025-10-13,Credit Card
O02660,C0192,2025-03-13,Cash
O02661,C0448,2025-03-07,UPI
O02662,C0483,2025-01-05,Net Banking
O02663,C0415,2025-12-04,UPI
O02664,C0174,2025-04-26,Net Banking
O02665,C0218,2025-12-18,Net Banking
O02666,C0391,2025-12-20,Cash
O02667,C0154,2025-06-16,Cash
O02668,C0012,2025-10-18,Credit Card
O02669,C0473,2025-03-13,Debit Card
O02670,C0488,2025-06-19,Cash
O02671,C0323,2025-11-05,Cash
O02672,C0294,2025-07-20,Net Banking
O02673,C0105,2025-07-20,Credit Card
O02674,C0274,2025-07-17,Debit Card
O02675,C0244,2025-02-25,UPI
O02676,C0292,2025-08-20,UPI
O02677,C0048,2025-03-29,Credit Card
O02678,C0346,2025-10-11,Debit Card
O02679,C0017,2025-12-19,Cash
O02680,C0251,2025-01-14,Debit Card
O02681,C0102,2025-02-05,Net Banking
O02682,C0146,2025-04-16,Debit Card
O02683,C0150,2025-12-04,Cash
O02684,C0036,2025-08-21,Credit Card
O02685,C0189,2025-09-23,Credit Card
O02686,C0088,2025-06-17,Net Banking
O02687,C0201,2025-03-22,Credit Card
O02688,C0067,2025-10-02,Net Banking
O02689,C0245,2025-02-05,Net Banking
O02690,C0490,2025-04-16,Debit Card
O02691,C0446,2025-04-16,UPI
O02692,C0222,2025-12-30,Net Banking
O02693,C0082,2025-11-06,Cash
O02694,C0481,2025-06-08,Cash
O02695,C0104,2025-09-15,Net Banking
O02696,C0142,2025-04-14,Credit Card
O02697,C0074,2025-08-17,Credit Card
O02698,C0423,2025-07-24,Cash
O02699,C0414,2025-05-07,Cash
O02700,C0169,2025-10-19,Net Banking
O02701,C0236,2025-08-25,Cash
O02702,C0021,2025-02-16,UPI
O02703,C0331,2025-08-22,UPI
O02704,C0359,2025-12-31,UPI
O02705,C0201,2025-11-10,Debit Card
O02706,C0213,2025-05-08,Debit Card
O02707,C0461,2025-11-13,Net Banking
O02708,C0235,2025-07-16,Debit Card
O02709,C0358,2025-10-19,Credit Card
O02710,C0202,2025-12-24,Credit Card
O02711,C0123,2025-03-22,UPI
O02712,C0452,2025-11-18,Cash
O02713,C0150,2025-12-08,Credit Card
O02714,C0358,2025-04-22,Net Banking
O02715,C0211,2025-10-11,Credit Card
O02716,C0189,2025-02-09,Credit Card
O02717,C0259,2025-06-16,Net Banking
O02718,C0231,2025-03-26,UPI
O02719,C0107,2025-09-17,Credit Card
O02720,C0237,2025-01-14,Credit Card
O02721,C0328,2025-12-22,Net Banking
O02722,C0196,2025-06-25,Net Banking
O02723,C0439,2025-04-10,Net Banking
O02724,C0020,2025-01-06,UPI
O02725,C0059,2025-12-30,Debit Card
O02726,C0168,2025-12-10,Net Banking
O02727,C0249,2025-08-25,Credit Card
O02728,C0043,2025-10-08,Debit Card
O02729,C0366,2025-08-13,Debit Card
O02730,C0242,2025-05-23,Debit Card
O02731,C0088,2025-01-10,Cash
O02732,C0052,2025-04-01,UPI
O02733,C0064,2025-10-01,Net Banking
O02734,C0087,2025-02-09,Credit Card
O02735,C0347,2025-05-20,Debit Card
O02736,C0226,2025-07-03,Debit Card
O02737,C0111,2025-01-18,Cash
O02738,C0111,2025-08-15,Credit Card
O02739,C0429,2025-11-22,Cash
O02740,C0329,2025-12-06,Credit Card
O02741,C0200,2025-12-20,UPI
O02742,C0228,2025-01-27,Cash
O02743,C0003,2025-01-25,Net Banking
O02744,C0393,2025-04-14,Debit Card
O02745,C0192,2025-05-03,Debit Card
O02746,C0047,2025-01-09,Net Banking
O02747,C0015,2025-01-08,UPI
O02748,C0421,2025-04-09,Credit Card
O02749,C0113,2025-02-19,Debit Card
O02750,C0371,2025-03-27,Credit Card
O02751,C0213,2025-09-20,Credit Card
O02752,C0418,2025-06-17,UPI
O02753,C0288,2025-11-17,Debit Card
O02754,C0320,2025-04-17,Cash
O02755,C0203,2025-08-08,Credit Card
O02756,C0119,2025-04-20,Credit Card
O02757,C0183,2025-06-15,Debit Card
O02758,C0008,2025-07-25,UPI
O02759,C0007,2025-07-19,Debit Card
O02760,C0235,2025-04-23,Credit Card
O02761,C0337,2025-05-23,Cash
O02762,C0189,2025-01-23,Credit Card
O02763,C0454,2025-04-22,Net Banking
O02764,C0155,2025-11-03,Net Banking
O02765,C0053,2025-12-31,Cash
O02766,C0406,2025-10-19,Debit Card
O02767,C0129,2025-02-18,Cash
O02768,C0167,2025-11-20,Net Banking
O02769,C0348,2025-12-22,Debit Card
O02770,C0171,2025-03-31,UPI
O02771,C0436,2025-12-08,Net Banking
O02772,C0035,2025-06-21,Credit Card
O02773,C0312,2025-10-27,Net Banking
O02774,C0196,2025-09-19,Debit Card
O02775,C0258,2025-10-28,Credit Card
O02776,C0120,2025-01-11,Cash
O02777,C0389,2025-03-05,UPI
O02778,C0122,2025-08-08,Debit Card
O02779,C0318,2025-02-10,Credit Card
O02780,C0071,2025-07-11,Net Banking
O02781,C0152,2025-04-14,Debit Card
O02782,C0193,2025-04-15,Credit Card
O02783,C0122,2025-11-03,Net Banking
O02784,C0379,2025-06-18,Debit Card
O02785,C0143,2025-06-12,Credit Card
O02786,C0267,2025-08-01,UPI
O02787,C0385,2025-01-13,Debit Card
O02788,C0434,2025-06-19,UPI
O02789,C0125,2025-04-16,Cash
O02790,C0028,2025-12-07,Debit Card
O02791,C0411,2025-12-18,Debit Card
O02792,C0312,2025-07-15,Cash
O02793,C0165,2025-04-04,Net Banking
O02794,C0323,2025-01-04,Credit Card
O02795,C0446,2025-09-09,Credit Card
O02796,C0489,2025-04-09,Credit Card
O02797,C0325,2025-03-14,Debit Card
O02798,C0065,2025-02-16,Debit Card
O02799,C0304,2025-10-09,Debit Card
O02800,C0121,2025-09-17,Credit Card
O02801,C0219,2025-08-28,UPI
O02802,C0085,2025-04-12,Debit Card
O02803,C0218,2025-04-01,Cash
O02804,C0128,2025-06-05,UPI
O02805,C0296,2025-08-18,Debit Card
O02806,C0140,2025-09-04,Credit Card
O02807,C0487,2025-07-04,Net Banking
O02808,C0194,2025-03-27,Net Banking
O02809,C0226,2025-08-05,Cash
O02810,C0313,2025-08-10,Debit Card
O02811,C0420,2025-09-04,Credit Card
O02812,C0391,2025-07-15,Net Banking
O02813,C0438,2025-02-12,UPI
O02814,C0305,2025-10-03,Debit Card
O02815,C0284,2025-03-31,UPI
O02816,C0195,2025-08-26,UPI
O02817,C0233,2025-05-26,Net Banking
O02818,C0288,2025-11-07,Net Banking
O02819,C0037,2025-06-20,Debit Card
O02820,C0367,2025-08-29,Debit Card
O02821,C0080,2025-04-08,Credit Card
O02822,C0007,2025-09-14,UPI
O02823,C0252,2025-07-27,Net Banking
O02824,C0482,2025-07-22,UPI
O02825,C0197,2025-09-08,UPI
O02826,C0329,2025-10-29,Credit Card
O02827,C0210,2025-01-20,Credit Card
O02828,C0198,2025-10-17,Debit Card
O02829,C0100,2025-08-12,UPI
O02830,C0395,2025-06-28,Cash
O02831,C0364,2025-09-08,UPI
O02832,C0357,2025-01-30,Net Banking
O02833,C0475,2025-08-06,Debit Card
O02834,C0125,2025-09-02,Credit Card
O02835,C0472,2025-07-05,Credit Card
O02836,C0358,2025-12-07,Debit Card
O02837,C0134,2025-11-06,Net Banking
O02838,C0484,2025-12-15,Debit Card
O02839,C0131,2025-05-07,Cash
O02840,C0297,2025-12-06,Debit Card
O02841,C0007,2025-03-01,Credit Card
O02842,C0330,2025-12-31,Net Banking
O02843,C0204,2025-12-28,Cash
O02844,C0499,2025-02-11,Cash
O02845,C0466,2025-04-07,Net Banking
O02846,C0085,2025-08-07,UPI
O02847,C0355,2025-06-04,Cash
O02848,C0496,2025-09-30,Net Banking
O02849,C0301,2025-06-07,Net Banking
O02850,C0386,2025-02-15,Credit Card
O02851,C0326,2025-10-21,UPI
O02852,C0417,2025-03-15,UPI
O02853,C0384,2025-04-18,Net Banking
O02854,C0358,2025-06-07,Credit Card
O02855,C0087,2025-09-09,Credit Card
O02856,C0050,2025-02-05,Net Banking
O02857,C0269,2025-08-02,UPI
O02858,C0376,2025-08-09,Debit Card
O02859,C0091,2025-07-11,Debit Card
O02860,C0361,2025-03-10,Debit Card
O02861,C0250,2025-04-04,Cash
O02862,C0486,2025-02-26,Net Banking
O02863,C0291,2025-04-19,Debit Card
O02864,C0103,2025-01-31,Debit Card
O02865,C0415,2025-04-09,UPI
O02866,C0462,2025-07-29,Net Banking
O02867,C0321,2025-11-16,Credit Card
O02868,C0445,2025-11-22,Debit Card
O02869,C0041,2025-05-31,Credit Card
O02870,C0194,2025-03-05,UPI
O02871,C0033,2025-06-25,Credit Card
O02872,C0300,2025-05-01,Net Banking
O02873,C0249,2025-12-11,Credit Card
O02874,C0005,2025-02-01,UPI
O02875,C0385,2025-01-04,Cash
O02876,C0405,2025-01-22,Credit Card
O02877,C0109,2025-09-25,Credit Card
O02878,C0193,2025-11-05,Cash
O02879,C0493,2025-05-17,Net Banking
O02880,C0243,2025-06-22,Cash
O02881,C0220,2025-06-22,UPI
O02882,C0350,2025-06-25,UPI
O02883,C0419,2025-05-03,UPI
O02884,C0341,2025-07-24,Net Banking
O02885,C0313,2025-01-30,UPI
O02886,C0448,2025-06-19,Credit Card
O02887,C0002,2025-08-22,Net Banking
O02888,C0372,2025-03-13,Credit Card
O02889,C0309,2025-03-04,Cash
O02890,C0144,2025-12-25,Debit Card
O02891,C0189,2025-08-20,Cash
O02892,C0352,2025-12-04,Net Banking
O02893,C0264,2025-07-31,Debit Card
O02894,C0002,2025-11-23,UPI
O02895,C0009,2025-11-21,UPI
O02896,C0448,2025-01-24,UPI
O02897,C0348,2025-08-16,Debit Card
O02898,C0311,2025-09-06,Net Banking
O02899,C0379,2025-11-10,Credit Card
O02900,C0179,2025-08-08,Net Banking
O02901,C0338,2025-12-25,Credit Card
O02902,C0376,2025-07-17,UPI
O02903,C0311,2025-04-10,Debit Card
O02904,C0446,2025-09-24,Cash
O02905,C0402,2025-09-16,Credit Card
O02906,C0066,2025-09-12,Credit Card
O02907,C0155,2025-12-11,Cash
O02908,C0448,2025-08-28,Debit Card
O02909,C0459,2025-08-17,Credit Card
O02910,C0247,2025-12-06,Cash
O02911,C0124,2025-05-05,Debit Card
O02912,C0088,2025-12-04,Credit Card
O02913,C0055,2025-08-11,Credit Card
O02914,C0083,2025-06-17,Net Banking
O02915,C0393,2025-05-24,Debit Card
O02916,C0369,2025-05-12,Net Banking
O02917,C0488,2025-12-10,Credit Card
O02918,C0341,2025-03-11,Cash
O02919,C0325,2025-09-09,Credit Card
O02920,C0408,2025-12-21,UPI
O02921,C0447,2025-04-25,Cash
O02922,C0393,2025-11-04,Credit Card
O02923,C0330,2025-06-25,Net Banking
O02924,C0467,2025-07-15,Cash
O02925,C0495,2025-08-12,Debit Card
O02926,C0115,2025-05-13,Credit Card
O02927,C0149,2025-02-14,Credit Card
O02928,C0046,2025-06-24,Cash
O02929,C0480,2025-04-07,Credit Card
O02930,C0294,2025-07-08,Debit Card
O02931,C0437,2025-06-10,Net Banking
O02932,C0296,2025-01-01,UPI
O02933,C0032,2025-10-30,Cash
O02934,C0098,2025-07-18,Net Banking
O02935,C0164,2025-07-06,Debit Card
O02936,C0267,2025-12-06,Cash
O02937,C0303,2025-04-24,Credit Card
O02938,C0203,2025-01-05,Cash
O02939,C0437,2025-08-24,UPI
O02940,C0075,2025-06-01,Debit Card
O02941,C0256,2025-12-15,Net Banking
O02942,C0076,2025-11-04,UPI
O02943,C0075,2025-12-07,Credit Card
O02944,C0307,2025-06-13,UPI
O02945,C0258,2025-12-19,Credit Card
O02946,C0141,2025-12-28,Cash
O02947,C0245,2025-11-20,Debit Card
O02948,C0254,2025-05-30,Net Banking
O02949,C0031,2025-06-20,Debit Card
O02950,C0424,2025-04-18,Debit Card
O02951,C0359,2025-01-27,Debit Card
O02952,C0439,2025-09-07,Net Banking
O02953,C0154,2025-12-04,Debit Card
O02954,C0012,2025-10-08,Net Banking
O02955,C0173,2025-08-05,Net Banking
O02956,C0179,2025-07-20,Net Banking
O02957,C0037,2025-09-28,UPI
O02958,C0145,2025-12-23,Debit Card
O02959,C0359,2025-10-08,Net Banking
O02960,C0050,2025-03-09,UPI
O02961,C0386,2025-10-25,Credit Card
O02962,C0436,2025-12-30,UPI
O02963,C0235,2025-12-02,Debit Card
O02964,C0296,2025-03-12,Net Banking
O02965,C0357,2025-09-05,UPI
O02966,C0460,2025-03-16,Debit Card
O02967,C0112,2025-04-11,Credit Card
O02968,C0186,2025-10-22,Credit Card
O02969,C0348,2025-03-17,Net Banking
O02970,C0487,2025-08-07,Debit Card
O02971,C0475,2025-01-29,Credit Card
O02972,C0183,2025-08-31,Debit Card
O02973,C0484,2025-01-27,Credit Card
O02974,C0264,2025-11-29,UPI
O02975,C0304,2025-08-11,Debit Card
O02976,C0322,2025-07-26,Debit Card
O02977,C0018,2025-03-02,Debit Card
O02978,C0204,2025-09-08,UPI
O02979,C0353,2025-11-02,Debit Card
O02980,C0335,2025-07-12,Credit Card
O02981,C0399,2025-08-26,Net Banking
O02982,C0141,2025-11-20,Net Banking
O02983,C0189,2025-01-06,Credit Card
O02984,C0060,2025-02-12,Credit Card
O02985,C0251,2025-11-25,Cash
O02986,C0116,2025-01-12,Cash
O02987,C0294,2025-10-21,Net Banking
O02988,C0141,2025-12-22,Credit Card
O02989,C0407,2025-10-31,Debit Card
O02990,C0197,2025-09-05,Net Banking
O02991,C0153,2025-10-20,Debit Card
O02992,C0051,2025-06-16,Credit Card
O02993,C0366,2025-10-03,Debit Card
O02994,C0208,2025-12-25,Credit Card
O02995,C0202,2025-10-12,Cash
O02996,C0402,2025-09-29,Net Banking
O02997,C0033,2025-09-23,Cash
O02998,C0276,2025-11-30,Credit Card
O02999,C0386,2025-04-17,Credit Card
O03000,C0093,2025-11-03,Debit Card
O03001,C0003,2025-10-12,Net Banking
O03002,C0410,2025-06-10,Credit Card
O03003,C0021,2025-03-07,Cash
O03004,C0106,2025-12-01,Debit Card
O03005,C0045,2025-10-15,UPI
O03006,C0436,2025-01-18,Credit Card
O03007,C0064,2025-09-17,UPI
O03008,C0187,2025-10-06,Debit Card
O03009,C0217,2025-12-03,Credit Card
O03010,C0128,2025-06-03,Credit Card
O03011,C0485,2025-09-23,UPI
O03012,C0338,2025-10-01,Net Banking
O03013,C0072,2025-10-23,Net Banking
O03014,C0356,2025-06-10,Cash
O03015,C0467,2025-06-30,Cash
O03016,C0276,2025-09-19,Debit Card
O03017,C0353,2025-02-20,Credit Card
O03018,C0122,2025-01-19,Debit Card
O03019,C0073,2025-06-03,Debit Card
O03020,C0491,2025-03-10,Cash
O03021,C0283,2025-04-21,Cash
O03022,C0184,2025-05-23,Debit Card
O03023,C0374,2025-11-15,Net Banking
O03024,C0039,2025-10-09,UPI
O03025,C0134,2025-07-15,Debit Card
O03026,C0205,2025-08-22,Credit Card
O03027,C0484,2025-05-11,Net Banking
O03028,C0482,2025-12-22,Debit Card
O03029,C0275,2025-04-15,Credit Card
O03030,C0323,2025-05-18,Debit Card
O03031,C0366,2025-07-10,Cash
O03032,C0337,2025-11-28,Cash
O03033,C0310,2025-03-25,Net Banking
O03034,C0421,2025-03-20,UPI
O03035,C0404,2025-08-11,Net Banking
O03036,C0014,2025-11-06,Debit Card
O03037,C0040,2025-05-19,Credit Card
O03038,C0273,2025-02-26,Cash
O03039,C0209,2025-02-03,UPI
O03040,C0328,2025-02-15,UPI
O03041,C0466,2025-06-20,UPI
O03042,C0075,2025-04-26,UPI
O03043,C0006,2025-02-20,Net Banking
O03044,C0497,2025-04-24,Net Banking
O03045,C0488,2025-02-23,Credit Card
O03046,C0090,2025-09-27,UPI
O03047,C0302,2025-09-08,Credit Card
O03048,C0271,2025-06-28,Cash
O03049,C0444,2025-05-25,Cash
O03050,C0139,2025-11-08,Credit Card
O03051,C0460,2025-01-25,Debit Card
O03052,C0163,2025-07-19,Debit Card
O03053,C0177,2025-12-14,Cash
O03054,C0283,2025-11-01,Net Banking
O03055,C0245,2025-10-31,Debit Card
O03056,C0133,2025-01-05,Cash
O03057,C0366,2025-03-21,Debit Card
O03058,C0074,2025-07-13,Cash
O03059,C0377,2025-05-17,Credit Card
O03060,C0471,2025-11-24,UPI
O03061,C0363,2025-05-08,Cash
O03062,C0215,2025-12-28,Net Banking
O03063,C0094,2025-08-13,UPI
O03064,C0409,2025-08-28,Cash
O03065,C0147,2025-05-22,Net Banking
O03066,C0267,2025-04-28,UPI
O03067,C0326,2025-02-14,UPI
O03068,C0209,2025-06-10,Credit Card
O03069,C0325,2025-02-10,Credit Card
O03070,C0374,2025-05-03,Credit Card
O03071,C0085,2025-10-22,Credit Card
O03072,C0044,2025-05-27,Cash
O03073,C0476,2025-09-10,Credit Card
O03074,C0493,2025-08-06,Cash
O03075,C0478,2025-03-11,Net Banking
O03076,C0255,2025-09-21,Cash
O03077,C0358,2025-03-05,Net Banking
O03078,C0008,2025-11-12,Debit Card
O03079,C0467,2025-01-04,Net Banking
O03080,C0360,2025-10-01,UPI
O03081,C0126,2025-12-05,Cash
O03082,C0351,2025-11-08,Credit Card
O03083,C0311,2025-08-18,Debit Card
O03084,C0346,2025-09-26,Debit Card
O03085,C0090,2025-02-08,UPI
O03086,C0430,2025-03-10,Cash
O03087,C0181,2025-01-27,Net Banking
O03088,C0254,2025-07-14,Debit Card
O03089,C0192,2025-02-27,UPI
O03090,C0468,2025-12-14,Debit Card
O03091,C0426,2025-10-04,Credit Card
O03092,C0149,2025-06-03,Net Banking
O03093,C0151,2025-05-16,Debit Card
O03094,C0002,2025-11-20,Cash
O03095,C0202,2025-04-22,UPI
O03096,C0476,2025-11-26,Cash
O03097,C0423,2025-01-19,Net Banking
O03098,C0457,2025-11-13,Net Banking
O03099,C0030,2025-07-02,Credit Card
O03100,C0316,2025-08-24,UPI
O03101,C0153,2025-07-01,Credit Card
O03102,C0003,2025-06-29,Debit Card
O03103,C0206,2025-07-01,Credit Card
O03104,C0052,2025-08-09,Net Banking
O03105,C0102,2025-02-13,Cash
O03106,C0264,2025-03-20,Net Banking
O03107,C0064,2025-09-07,Credit Card
O03108,C0080,2025-12-03,UPI
O03109,C0116,2025-08-29,Net Banking
O03110,C0192,2025-06-03,UPI
O03111,C0220,2025-04-04,Cash
O03112,C0416,2025-05-18,Credit Card
O03113,C0225,2025-12-03,Net Banking
O03114,C0083,2025-03-13,UPI
O03115,C0383,2025-08-11,Credit Card
O03116,C0184,2025-12-30,Debit Card
O03117,C0057,2025-04-08,UPI
O03118,C0021,2025-03-10,Net Banking
O03119,C0216,2025-06-19,Credit Card
O03120,C0083,2025-12-08,Debit Card
O03121,C0486,2025-09-03,UPI
O03122,C0061,2025-08-04,Net Banking
O03123,C0282,2025-09-11,Debit Card
O03124,C0167,2025-07-24,Cash
O03125,C0372,2025-07-19,Debit Card
O03126,C0057,2025-02-25,Credit Card
O03127,C0065,2025-03-21,UPI
O03128,C0257,2025-01-07,Debit Card
O03129,C0027,2025-12-14,UPI
O03130,C0220,2025-11-02,Credit Card
O03131,C0223,2025-09-03,UPI
O03132,C0145,2025-09-06,Credit Card
O03133,C0390,2025-08-08,Debit Card
O03134,C0317,2025-03-20,Cash
O03135,C0096,2025-05-08,UPI
O03136,C0393,2025-02-28,UPI
O03137,C0359,2025-05-07,Net Banking
O03138,C0102,2025-08-31,Credit Card
O03139,C0359,2025-09-15,Cash
O03140,C0093,2025-04-07,Cash
O03141,C0323,2025-11-21,Debit Card
O03142,C0118,2025-03-03,Debit Card
O03143,C0206,2025-01-20,UPI
O03144,C0099,2025-03-16,Net Banking
O03145,C0010,2025-11-12,Debit Card
O03146,C0047,2025-01-27,Net Banking
O03147,C0209,2025-09-26,UPI
O03148,C0359,2025-11-21,Debit Card
O03149,C0114,2025-06-22,Net Banking
O03150,C0246,2025-02-01,Cash
O03151,C0219,2025-11-26,Credit Card
O03152,C0156,2025-02-26,UPI
O03153,C0187,2025-05-24,UPI
O03154,C0365,2025-08-03,Debit Card
O03155,C0164,2025-01-25,Debit Card
O03156,C0021,2025-01-01,Credit Card
O03157,C0339,2025-06-14,Debit Card
O03158,C0147,2025-08-30,UPI
O03159,C0466,2025-11-07,Credit Card
O03160,C0221,2025-04-05,UPI
O03161,C0486,2025-09-09,UPI
O03162,C0172,2025-06-05,Credit Card
O03163,C0050,2025-12-09,Credit Card
O03164,C0350,2025-10-10,Debit Card
O03165,C0170,2025-07-04,UPI
O03166,C0381,2025-10-29,Cash
O03167,C0310,2025-07-10,Debit Card
O03168,C0333,2025-05-22,Debit Card
O03169,C0300,2025-07-16,Credit Card
O03170,C0455,2025-02-24,Debit Card
O03171,C0323,2025-11-05,Credit Card
O03172,C0022,2025-10-28,Debit Card
O03173,C0099,2025-12-27,Net Banking
O03174,C0474,2025-02-20,Credit Card
O03175,C0483,2025-10-07,Cash
O03176,C0176,2025-06-04,Net Banking
O03177,C0390,2025-04-14,Cash
O03178,C0370,2025-03-20,Credit Card
O03179,C0066,2025-04-09,Net Banking
O03180,C0282,2025-12-31,UPI
O03181,C0457,2025-10-14,UPI
O03182,C0459,2025-07-07,Net Banking
O03183,C0323,2025-03-02,Net Banking
O03184,C0035,2025-09-05,Net Banking
O03185,C0269,2025-09-15,Credit Card
O03186,C0086,2025-11-03,UPI
O03187,C0357,2025-03-08,UPI
O03188,C0024,2025-10-17,Credit Card
O03189,C0407,2025-12-22,Debit Card
O03190,C0380,2025-07-23,Net Banking
O03191,C0351,2025-09-30,Cash
O03192,C0498,2025-02-08,Debit Card
O03193,C0225,2025-09-18,Net Banking
O03194,C0288,2025-07-19,Net Banking
O03195,C0311,2025-05-20,Debit Card
O03196,C0095,2025-01-02,Debit Card
O03197,C0293,2025-04-22,Cash
O03198,C0357,2025-01-05,Cash
O03199,C0234,2025-09-15,Cash
O03200,C0133,2025-06-05,Debit Card
O03201,C0152,2025-12-29,UPI
O03202,C0283,2025-03-02,Debit Card
O03203,C0115,2025-01-24,Cash
O03204,C0122,2025-05-30,Credit Card
O03205,C0328,2025-03-17,UPI
O03206,C0475,2025-03-10,UPI
O03207,C0448,2025-01-27,Debit Card
O03208,C0422,2025-04-18,Cash
O03209,C0060,2025-01-01,UPI
O03210,C0324,2025-11-06,UPI
O03211,C0167,2025-02-12,Cash
O03212,C0136,2025-03-10,Net Banking
O03213,C0460,2025-11-10,UPI
O03214,C0167,2025-01-30,Credit Card
O03215,C0422,2025-07-02,Debit Card
O03216,C0375,2025-05-24,Debit Card
O03217,C0132,2025-01-09,Cash
O03218,C0337,2025-10-26,Credit Card
O03219,C0370,2025-12-19,Net Banking
O03220,C0485,2025-12-01,UPI
O03221,C0446,2025-11-17,Cash
O03222,C0283,2025-04-16,Net Banking
O03223,C0113,2025-06-16,UPI
O03224,C0105,2025-10-25,Net Banking
O03225,C0080,2025-08-17,Debit Card
O03226,C0374,2025-08-11,UPI
O03227,C0076,2025-09-03,Credit Card
O03228,C0254,2025-04-03,Net Banking
O03229,C0095,2025-04-01,Debit Card
O03230,C0292,2025-09-09,Debit Card
O03231,C0332,2025-05-25,Credit Card
O03232,C0159,2025-03-25,Debit Card
O03233,C0419,2025-07-21,Cash
O03234,C0097,2025-02-05,Debit Card
O03235,C0037,2025-08-07,Debit Card
O03236,C0233,2025-11-27,Net Banking
O03237,C0052,2025-09-27,Debit Card
O03238,C0373,2025-01-07,Cash
O03239,C0052,2025-07-13,Net Banking
O03240,C0011,2025-02-26,Credit Card
O03241,C0391,2025-11-26,Credit Card
O03242,C0068,2025-05-08,Credit Card
O03243,C0138,2025-03-15,Cash
O03244,C0007,2025-01-05,Credit Card
O03245,C0278,2025-06-23,Credit Card
O03246,C0104,2025-03-13,Net Banking
O03247,C0389,2025-10-16,Net Banking
O03248,C0418,2025-03-25,UPI
O03249,C0170,2025-09-03,Debit Card
O03250,C0125,2025-01-29,Cash
O03251,C0355,2025-05-17,Cash
O03252,C0064,2025-01-11,Credit Card
O03253,C0053,2025-10-06,UPI
O03254,C0053,2025-09-19,Net Banking
O03255,C0073,2025-01-01,Debit Card
O03256,C0013,2025-04-27,Net Banking
O03257,C0198,2025-03-17,UPI
O03258,C0336,2025-05-27,Debit Card
O03259,C0472,2025-12-17,Net Banking
O03260,C0352,2025-02-27,Net Banking
O03261,C0087,2025-02-26,Debit Card
O03262,C0053,2025-05-25,UPI
O03263,C0040,2025-11-12,UPI
O03264,C0061,2025-07-04,Credit Card
O03265,C0459,2025-01-23,Cash
O03266,C0078,2025-04-02,Net Banking
O03267,C0272,2025-06-21,Cash
O03268,C0093,2025-12-14,Net Banking
O03269,C0077,2025-12-08,UPI
O03270,C0320,2025-05-27,UPI
O03271,C0449,2025-02-23,UPI
O03272,C0470,2025-09-13,UPI
O03273,C0478,2025-05-16,Credit Card
O03274,C0404,2025-01-02,Debit Card
O03275,C0399,2025-12-02,Debit Card
O03276,C0164,2025-03-17,Net Banking
O03277,C0229,2025-09-02,Credit Card
O03278,C0058,2025-10-23,Net Banking
O03279,C0492,2025-05-23,Debit Card
O03280,C0047,2025-06-15,Debit Card
O03281,C0094,2025-07-17,UPI
O03282,C0164,2025-09-11,Net Banking
O03283,C0247,2025-12-22,Net Banking
O03284,C0309,2025-11-22,UPI
O03285,C0071,2025-12-01,Debit Card
O03286,C0197,2025-08-03,Cash
O03287,C0255,2025-10-03,Cash
O03288,C0253,2025-09-30,Cash
O03289,C0421,2025-04-28,Net Banking
O03290,C0043,2025-10-25,Net Banking
O03291,C0270,2025-10-23,Debit Card
O03292,C0360,2025-02-14,Debit Card
O03293,C0186,2025-01-02,Debit Card
O03294,C0436,2025-01-09,UPI
O03295,C0286,2025-08-31,Debit Card
O03296,C0472,2025-02-26,Credit Card
O03297,C0467,2025-06-28,UPI
O03298,C0435,2025-03-13,UPI
O03299,C0236,2025-03-15,Cash
O03300,C0498,2025-08-04,Debit Card
O03301,C0108,2025-04-25,Credit Card
O03302,C0383,2025-03-12,Credit Card
O03303,C0493,2025-12-23,Debit Card
O03304,C0194,2025-01-14,Net Banking
O03305,C0191,2025-01-28,Credit Card
O03306,C0340,2025-10-25,Credit Card
O03307,C0245,2025-11-01,Debit Card
O03308,C0016,2025-03-17,UPI
O03309,C0073,2025-02-10,Debit Card
O03310,C0040,2025-01-07,Cash
O03311,C0426,2025-08-02,Debit Card
O03312,C0392,2025-04-04,Net Banking
O03313,C0381,2025-03-13,Cash
O03314,C0358,2025-06-03,Net Banking
O03315,C0211,2025-06-22,Net Banking
O03316,C0401,2025-11-27,Credit Card
O03317,C0147,2025-02-26,Debit Card
O03318,C0031,2025-11-25,Credit Card
O03319,C0310,2025-03-30,Cash
O03320,C0083,2025-01-06,Net Banking
O03321,C0427,2025-08-05,Net Banking
O03322,C0284,2025-12-31,UPI
O03323,C0471,2025-10-20,Cash
O03324,C0157,2025-12-30,Debit Card
O03325,C0217,2025-03-22,UPI
O03326,C0499,2025-02-17,Cash
O03327,C0194,2025-03-06,Debit Card
O03328,C0206,2025-11-13,Credit Card
O03329,C0113,2025-07-20,Debit Card
O03330,C0422,2025-10-14,Cash
O03331,C0431,2025-02-09,Net Banking
O03332,C0245,2025-06-10,Net Banking
O03333,C0424,2025-07-14,Debit Card
O03334,C0028,2025-07-10,Net Banking
O03335,C0100,2025-05-19,Credit Card
O03336,C0054,2025-02-09,UPI
O03337,C0309,2025-06-21,Credit Card
O03338,C0123,2025-05-25,Debit Card
O03339,C0278,2025-02-24,Credit Card
O03340,C0109,2025-11-02,Credit Card
O03341,C0388,2025-06-08,Debit Card
O03342,C0283,2025-04-14,Credit Card
O03343,C0124,2025-05-18,Credit Card
O03344,C0292,2025-10-17,Credit Card
O03345,C0289,2025-09-05,Credit Card
O03346,C0025,2025-06-11,Credit Card
O03347,C0484,2025-06-08,Credit Card
O03348,C0183,2025-05-25,Net Banking
O03349,C0257,2025-04-10,UPI
O03350,C0385,2025-07-20,UPI
O03351,C0499,2025-03-08,Credit Card
O03352,C0170,2025-07-28,Cash
O03353,C0052,2025-09-15,Debit Card
O03354,C0013,2025-10-28,Net Banking
O03355,C0245,2025-10-28,Credit Card
O03356,C0149,2025-03-24,Debit Card
O03357,C0350,2025-08-26,Credit Card
O03358,C0454,2025-11-17,Credit Card
O03359,C0488,2025-04-29,Debit Card
O03360,C0414,2025-12-15,Debit Card
O03361,C0394,2025-03-24,Cash
O03362,C0265,2025-11-08,Cash
O03363,C0477,2025-06-24,Net Banking
O03364,C0403,2025-03-09,UPI
O03365,C0149,2025-07-04,Cash
O03366,C0439,2025-08-09,Credit Card
O03367,C0457,2025-12-31,Net Banking
O03368,C0123,2025-04-17,Cash
O03369,C0311,2025-02-08,Debit Card
O03370,C0291,2025-11-18,Net Banking
O03371,C0050,2025-01-08,Debit Card
O03372,C0393,2025-06-08,Cash
O03373,C0445,2025-02-14,Net Banking
O03374,C0049,2025-08-21,UPI
O03375,C0087,2025-06-01,Debit Card
O03376,C0035,2025-05-24,Cash
O03377,C0187,2025-06-30,Credit Card
O03378,C0037,2025-04-02,Net Banking
O03379,C0133,2025-08-31,UPI
O03380,C0391,2025-08-15,Debit Card
O03381,C0482,2025-03-05,Cash
O03382,C0250,2025-01-21,UPI
O03383,C0440,2025-05-27,Net Banking
O03384,C0210,2025-11-14,Debit Card
O03385,C0226,2025-07-07,Cash
O03386,C0433,2025-11-16,UPI
O03387,C0192,2025-02-12,Net Banking
O03388,C0260,2025-08-19,UPI
O03389,C0450,2025-12-16,Credit Card
O03390,C0318,2025-11-26,Credit Card
O03391,C0380,2025-05-06,Cash
O03392,C0005,2025-03-21,Credit Card
O03393,C0149,2025-07-12,Debit Card
O03394,C0292,2025-07-24,Credit Card
O03395,C0115,2025-07-18,Net Banking
O03396,C0343,2025-02-17,UPI
O03397,C0239,2025-08-28,Cash
O03398,C0461,2025-08-27,Credit Card
O03399,C0044,2025-04-03,Credit Card
O03400,C0470,2025-07-23,Net Banking
O03401,C0103,2025-07-25,UPI
O03402,C0034,2025-06-12,UPI
O03403,C0310,2025-09-06,Debit Card
O03404,C0360,2025-09-01,Credit Card
O03405,C0143,2025-08-21,Credit Card
O03406,C0280,2025-03-21,Net Banking
O03407,C0075,2025-11-24,Debit Card
O03408,C0164,2025-10-18,Credit Card
O03409,C0308,2025-07-14,Credit Card
O03410,C0480,2025-07-05,Net Banking
O03411,C0243,2025-04-20,Credit Card
O03412,C0109,2025-01-12,Net Banking
O03413,C0139,2025-05-10,Debit Card
O03414,C0043,2025-03-14,Credit Card
O03415,C0141,2025-07-27,Credit Card
O03416,C0153,2025-12-31,Net Banking
O03417,C0447,2025-08-03,Cash
O03418,C0110,2025-12-09,UPI
O03419,C0095,2025-01-28,Credit Card
O03420,C0459,2025-08-08,UPI
O03421,C0494,2025-06-02,Debit Card
O03422,C0102,2025-06-28,Net Banking
O03423,C0247,2025-09-01,Cash
O03424,C0353,2025-03-24,Net Banking
O03425,C0182,2025-12-21,Cash
O03426,C0200,2025-01-06,Cash
O03427,C0401,2025-11-02,Debit Card
O03428,C0040,2025-12-08,Cash
O03429,C0316,2025-03-16,UPI
O03430,C0341,2025-06-12,Credit Card
O03431,C0078,2025-08-23,Debit Card
O03432,C0256,2025-06-12,Credit Card
O03433,C0406,2025-12-12,Net Banking
O03434,C0135,2025-09-24,Credit Card
O03435,C0231,2025-03-06,Net Banking
O03436,C0328,2025-10-24,Credit Card
O03437,C0019,2025-04-22,Debit Card
O03438,C0216,2025-12-23,Cash
O03439,C0397,2025-03-27,Cash
O03440,C0194,2025-04-21,UPI
O03441,C0108,2025-04-08,Cash
O03442,C0490,2025-01-08,UPI
O03443,C0417,2025-07-06,Credit Card
O03444,C0155,2025-06-07,Cash
O03445,C0420,2025-03-05,Net Banking
O03446,C0333,2025-08-22,Net Banking
O03447,C0211,2025-06-30,UPI
O03448,C0425,2025-10-05,Net Banking
O03449,C0268,2025-06-21,Credit Card
O03450,C0475,2025-04-01,Net Banking
O03451,C0220,2025-07-11,Debit Card
O03452,C0284,2025-11-01,Debit Card
O03453,C0278,2025-08-12,Net Banking
O03454,C0146,2025-12-04,Net Banking
O03455,C0325,2025-05-26,Cash
O03456,C0481,2025-02-20,Credit Card
O03457,C0413,2025-02-23,Credit Card
O03458,C0333,2025-01-09,Cash
O03459,C0478,2025-07-30,Credit Card
O03460,C0255,2025-11-16,Cash
O03461,C0052,2025-11-21,Net Banking
O03462,C0258,2025-10-25,Credit Card
O03463,C0342,2025-05-29,Net Banking
O03464,C0109,2025-04-25,Net Banking
O03465,C0283,2025-07-15,Credit Card
O03466,C0101,2025-08-29,Credit Card
O03467,C0180,2025-08-26,Net Banking
O03468,C0465,2025-11-27,Net Banking
O03469,C0004,2025-07-11,Debit Card
O03470,C0260,2025-05-26,UPI
O03471,C0451,2025-12-04,UPI
O03472,C0158,2025-08-01,Debit Card
O03473,C0003,2025-08-01,Credit Card
O03474,C0008,2025-01-14,Debit Card
O03475,C0405,2025-07-11,Cash
O03476,C0420,2025-11-04,UPI
O03477,C0172,2025-03-29,Cash
O03478,C0221,2025-05-04,Cash
O03479,C0499,2025-07-20,Debit Card
O03480,C0316,2025-11-26,Net Banking
O03481,C0425,2025-01-27,Cash
O03482,C0220,2025-03-07,Net Banking
O03483,C0373,2025-03-30,Net Banking
O03484,C0463,2025-06-12,Cash
O03485,C0082,2025-08-12,Debit Card
O03486,C0051,2025-12-30,Debit Card
O03487,C0259,2025-03-02,Cash
O03488,C0402,2025-07-20,UPI
O03489,C0429,2025-10-11,Debit Card
O03490,C0486,2025-06-15,Debit Card
O03491,C0048,2025-02-17,Credit Card
O03492,C0224,2025-01-06,Cash
O03493,C0079,2025-01-15,Cash
O03494,C0363,2025-10-06,Credit Card
O03495,C0293,2025-07-15,Credit Card
O03496,C0381,2025-03-08,Net Banking
O03497,C0325,2025-11-20,UPI
O03498,C0096,2025-05-03,Debit Card
O03499,C0153,2025-04-10,Cash
O03500,C0431,2025-05-06,Net Banking
O03501,C0395,2025-05-14,Credit Card
O03502,C0141,2025-02-12,Debit Card
O03503,C0322,2025-01-12,Cash
O03504,C0444,2025-02-22,Credit Card
O03505,C0236,2025-11-02,Credit Card
O03506,C0055,2025-03-14,UPI
O03507,C0135,2025-04-03,Credit Card
O03508,C0040,2025-09-11,UPI
O03509,C0468,2025-04-17,Net Banking
O03510,C0052,2025-09-09,Credit Card
O03511,C0212,2025-02-07,Net Banking
O03512,C0492,2025-11-17,Credit Card
O03513,C0108,2025-12-18,Net Banking
O03514,C0193,2025-06-10,Net Banking
O03515,C0414,2025-03-24,Debit Card
O03516,C0153,2025-01-06,Debit Card
O03517,C0338,2025-10-18,Cash
O03518,C0438,2025-01-17,Credit Card
O03519,C0500,2025-06-25,UPI
O03520,C0248,2025-11-11,Cash
O03521,C0280,2025-01-03,Debit Card
O03522,C0268,2025-05-11,Credit Card
O03523,C0099,2025-11-07,Credit Card
O03524,C0275,2025-01-12,Cash
O03525,C0263,2025-03-20,Debit Card
O03526,C0444,2025-07-06,Credit Card
O03527,C0461,2025-04-22,Credit Card
O03528,C0168,2025-03-12,Debit Card
O03529,C0043,2025-12-21,Debit Card
O03530,C0138,2025-05-21,Net Banking
O03531,C0103,2025-02-17,UPI
O03532,C0363,2025-10-10,UPI
O03533,C0240,2025-09-11,Net Banking
O03534,C0263,2025-07-24,Debit Card
O03535,C0129,2025-03-30,Debit Card
O03536,C0352,2025-05-24,Net Banking
O03537,C0053,2025-10-26,Cash
O03538,C0160,2025-03-26,Debit Card
O03539,C0489,2025-09-07,Net Banking
O03540,C0453,2025-08-17,Net Banking
O03541,C0306,2025-05-20,UPI
O03542,C0319,2025-02-25,Cash
O03543,C0197,2025-08-08,Debit Card
O03544,C0291,2025-06-30,UPI
O03545,C0460,2025-11-20,Credit Card
O03546,C0231,2025-03-27,Credit Card
O03547,C0491,2025-09-19,UPI
O03548,C0301,2025-07-29,UPI
O03549,C0310,2025-11-27,Cash
O03550,C0181,2025-07-23,Credit Card
O03551,C0059,2025-04-03,UPI
O03552,C0220,2025-04-06,UPI
O03553,C0126,2025-02-07,Debit Card
O03554,C0337,2025-07-10,UPI
O03555,C0075,2025-06-10,Credit Card
O03556,C0005,2025-06-13,Credit Card
O03557,C0368,2025-06-18,Debit Card
O03558,C0239,2025-10-18,UPI
O03559,C0461,2025-04-30,Cash
O03560,C0034,2025-07-17,UPI
O03561,C0309,2025-04-19,Cash
O03562,C0112,2025-02-22,Cash
O03563,C0143,2025-11-08,Credit Card
O03564,C0294,2025-11-27,Net Banking
O03565,C0350,2025-08-11,UPI
O03566,C0417,2025-06-13,Debit Card
O03567,C0101,2025-01-26,Net Banking
O03568,C0256,2025-01-24,UPI
O03569,C0216,2025-03-03,Credit Card
O03570,C0232,2025-03-29,Cash
O03571,C0168,2025-10-30,Net Banking
O03572,C0122,2025-10-23,Credit Card
O03573,C0146,2025-01-10,Cash
O03574,C0003,2025-08-25,UPI
O03575,C0068,2025-07-26,Credit Card
O03576,C0459,2025-10-01,Cash
O03577,C0021,2025-06-22,Credit Card
O03578,C0036,2025-08-29,Credit Card
O03579,C0425,2025-08-01,UPI
O03580,C0141,2025-06-12,UPI
O03581,C0205,2025-02-10,Cash
O03582,C0397,2025-06-10,Net Banking
O03583,C0314,2025-01-25,Net Banking
O03584,C0153,2025-12-23,Net Banking
O03585,C0253,2025-11-25,Credit Card
O03586,C0432,2025-07-11,Cash
O03587,C0053,2025-01-15,Debit Card
O03588,C0025,2025-01-06,Debit Card
O03589,C0054,2025-06-15,Net Banking
O03590,C0116,2025-03-29,Credit Card
O03591,C0098,2025-07-08,Cash
O03592,C0003,2025-12-19,Credit Card
O03593,C0133,2025-01-23,Credit Card
O03594,C0025,2025-06-05,Credit Card
O03595,C0136,2025-06-18,Cash
O03596,C0406,2025-07-14,UPI
O03597,C0358,2025-03-29,Debit Card
O03598,C0299,2025-08-24,Credit Card
O03599,C0065,2025-06-13,Debit Card
O03600,C0386,2025-10-27,Net Banking
O03601,C0327,2025-08-17,Credit Card
O03602,C0268,2025-09-28,Debit Card
O03603,C0296,2025-09-02,Net Banking
O03604,C0500,2025-05-24,UPI
O03605,C0396,2025-09-05,Debit Card
O03606,C0048,2025-05-16,UPI
O03607,C0365,2025-02-12,UPI
O03608,C0286,2025-05-05,Debit Card
O03609,C0356,2025-02-09,Credit Card
O03610,C0498,2025-09-11,Credit Card
O03611,C0109,2025-01-07,Debit Card
O03612,C0240,2025-07-17,Debit Card
O03613,C0250,2025-02-23,UPI
O03614,C0107,2025-10-30,Cash
O03615,C0264,2025-06-10,UPI
O03616,C0363,2025-08-21,Debit Card
O03617,C0435,2025-09-16,Credit Card
O03618,C0469,2025-03-08,Debit Card
O03619,C0470,2025-07-06,Net Banking
O03620,C0500,2025-08-20,Cash
O03621,C0263,2025-04-14,Net Banking
O03622,C0097,2025-02-05,UPI
O03623,C0217,2025-03-26,UPI
O03624,C0488,2025-10-23,Credit Card
O03625,C0076,2025-08-25,Credit Card
O03626,C0382,2025-02-26,Debit Card
O03627,C0009,2025-08-24,Debit Card
O03628,C0137,2025-01-15,Net Banking
O03629,C0339,2025-09-29,Net Banking
O03630,C0181,2025-05-16,Credit Card
O03631,C0475,2025-10-09,Credit Card
O03632,C0182,2025-08-09,Debit Card
O03633,C0078,2025-07-23,Cash
O03634,C0221,2025-09-18,UPI
O03635,C0028,2025-08-14,UPI
O03636,C0190,2025-02-20,Credit Card
O03637,C0333,2025-07-15,Net Banking
O03638,C0100,2025-05-31,Debit Card
O03639,C0207,2025-04-01,Cash
O03640,C0142,2025-09-29,Cash
O03641,C0253,2025-09-23,Net Banking
O03642,C0056,2025-12-15,Credit Card
O03643,C0331,2025-05-08,Credit Card
O03644,C0113,2025-02-28,Credit Card
O03645,C0459,2025-01-19,Cash
O03646,C0137,2025-05-03,Credit Card
O03647,C0273,2025-02-21,UPI
O03648,C0116,2025-11-14,Net Banking
O03649,C0201,2025-07-21,Credit Card
O03650,C0113,2025-12-21,UPI
O03651,C0254,2025-04-16,Debit Card
O03652,C0403,2025-04-15,UPI
O03653,C0327,2025-05-28,Cash
O03654,C0148,2025-01-02,Credit Card
O03655,C0095,2025-09-15,Cash
O03656,C0245,2025-06-06,Debit Card
O03657,C0088,2025-06-11,Credit Card
O03658,C0086,2025-04-06,UPI
O03659,C0461,2025-08-22,Debit Card
O03660,C0493,2025-01-07,Net Banking
O03661,C0220,2025-06-21,Credit Card
O03662,C0091,2025-05-16,Credit Card
O03663,C0088,2025-12-14,Credit Card
O03664,C0305,2025-06-30,Net Banking
O03665,C0299,2025-01-01,Net Banking
O03666,C0448,2025-05-07,Net Banking
O03667,C0057,2025-01-24,Credit Card
O03668,C0291,2025-12-15,UPI
O03669,C0428,2025-04-27,Cash
O03670,C0258,2025-03-27,Debit Card
O03671,C0397,2025-02-18,Credit Card
O03672,C0156,2025-06-21,Net Banking
O03673,C0252,2025-06-29,Cash
O03674,C0132,2025-12-06,Net Banking
O03675,C0130,2025-07-06,Net Banking
O03676,C0007,2025-06-30,UPI
O03677,C0364,2025-06-20,Cash
O03678,C0397,2025-12-06,Cash
O03679,C0248,2025-02-27,UPI
O03680,C0352,2025-09-23,Credit Card
O03681,C0076,2025-07-30,Debit Card
O03682,C0338,2025-03-14,UPI
O03683,C0255,2025-01-16,Debit Card
O03684,C0296,2025-12-23,Net Banking
O03685,C0185,2025-04-16,Credit Card
O03686,C0100,2025-07-13,Credit Card
O03687,C0495,2025-05-21,Cash
O03688,C0461,2025-08-19,Cash
O03689,C0090,2025-05-16,UPI
O03690,C0455,2025-06-19,Net Banking
O03691,C0302,2025-08-02,UPI
O03692,C0159,2025-04-08,Credit Card
O03693,C0297,2025-09-24,UPI
O03694,C0428,2025-11-10,Credit Card
O03695,C0222,2025-08-21,Cash
O03696,C0496,2025-06-27,UPI
O03697,C0057,2025-01-05,Net Banking
O03698,C0475,2025-12-17,Debit Card
O03699,C0239,2025-12-15,Debit Card
O03700,C0268,2025-05-29,Cash
O03701,C0286,2025-12-07,Debit Card
O03702,C0156,2025-09-07,UPI
O03703,C0034,2025-05-31,Credit Card
O03704,C0233,2025-01-21,Debit Card
O03705,C0145,2025-10-31,Credit Card
O03706,C0028,2025-09-08,UPI
O03707,C0003,2025-08-09,UPI
O03708,C0339,2025-01-01,Credit Card
O03709,C0129,2025-03-12,UPI
O03710,C0450,2025-05-26,Cash
O03711,C0341,2025-10-15,Debit Card
O03712,C0489,2025-02-14,UPI
O03713,C0074,2025-04-11,Net Banking
O03714,C0300,2025-02-11,UPI
O03715,C0113,2025-01-17,Net Banking
O03716,C0478,2025-07-01,Debit Card
O03717,C0416,2025-12-14,Net Banking
O03718,C0217,2025-07-24,Credit Card
O03719,C0458,2025-05-14,UPI
O03720,C0306,2025-06-09,Debit Card
O03721,C0289,2025-08-12,UPI
O03722,C0412,2025-10-24,Debit Card
O03723,C0350,2025-04-13,UPI
O03724,C0070,2025-08-02,Cash
O03725,C0103,2025-06-04,UPI
O03726,C0044,2025-06-02,Cash
O03727,C0475,2025-11-18,Net Banking
O03728,C0280,2025-04-04,Net Banking
O03729,C0401,2025-08-12,Credit Card
O03730,C0071,2025-09-27,Net Banking
O03731,C0356,2025-06-10,Cash
O03732,C0479,2025-12-17,UPI
O03733,C0240,2025-07-01,Net Banking
O03734,C0239,2025-08-04,Net Banking
O03735,C0237,2025-01-15,Cash
O03736,C0014,2025-08-04,Credit Card
O03737,C0387,2025-03-13,Cash
O03738,C0465,2025-06-04,Debit Card
O03739,C0298,2025-09-20,UPI
O03740,C0066,2025-11-14,Cash
O03741,C0461,2025-10-17,UPI
O03742,C0028,2025-07-21,Debit Card
O03743,C0207,2025-12-10,Credit Card
O03744,C0237,2025-09-23,Net Banking
O03745,C0430,2025-01-28,Credit Card
O03746,C0029,2025-05-19,Credit Card
O03747,C0171,2025-11-01,Credit Card
O03748,C0421,2025-05-29,Cash
O03749,C0247,2025-12-20,UPI
O03750,C0443,2025-02-01,Credit Card
O03751,C0380,2025-10-27,Cash
O03752,C0379,2025-01-28,Debit Card
O03753,C0265,2025-03-15,Cash
O03754,C0380,2025-09-11,Debit Card
O03755,C0115,2025-12-12,Debit Card
O03756,C0155,2025-11-18,UPI
O03757,C0369,2025-01-04,Net Banking
O03758,C0320,2025-12-19,Debit Card
O03759,C0059,2025-02-04,Credit Card
O03760,C0079,2025-11-06,Credit Card
O03761,C0267,2025-02-19,Debit Card
O03762,C0105,2025-02-23,Net Banking
O03763,C0013,2025-09-16,Net Banking
O03764,C0201,2025-01-29,Credit Card
O03765,C0154,2025-07-27,Net Banking
O03766,C0095,2025-05-01,Cash
O03767,C0134,2025-11-10,Net Banking
O03768,C0440,2025-12-03,Cash
O03769,C0064,2025-08-10,Debit Card
O03770,C0326,2025-01-12,Debit Card
O03771,C0073,2025-12-03,Debit Card
O03772,C0088,2025-09-19,Cash
O03773,C0103,2025-09-01,Net Banking
O03774,C0149,2025-05-29,Credit Card
O03775,C0492,2025-10-29,Net Banking
O03776,C0189,2025-12-08,UPI
O03777,C0201,2025-07-17,Credit Card
O03778,C0238,2025-08-02,Net Banking
O03779,C0076,2025-01-15,UPI
O03780,C0235,2025-03-03,Cash
O03781,C0200,2025-01-06,Cash
O03782,C0156,2025-01-18,Cash
O03783,C0228,2025-01-22,UPI
O03784,C0493,2025-03-13,Net Banking
O03785,C0452,2025-08-23,UPI
O03786,C0005,2025-03-23,UPI
O03787,C0257,2025-09-15,Debit Card
O03788,C0179,2025-12-28,Cash
O03789,C0200,2025-09-20,Credit Card
O03790,C0090,2025-12-02,Debit Card
O03791,C0181,2025-12-02,Cash
O03792,C0174,2025-08-24,Debit Card
O03793,C0143,2025-12-04,UPI
O03794,C0473,2025-07-21,Credit Card
O03795,C0470,2025-11-27,Net Banking
O03796,C0193,2025-08-30,Cash
O03797,C0338,2025-04-03,Cash
O03798,C0363,2025-09-17,Cash
O03799,C0133,2025-03-08,UPI
O03800,C0302,2025-10-25,UPI
O03801,C0300,2025-11-13,Net Banking
O03802,C0035,2025-01-24,Credit Card
O03803,C0437,2025-03-23,Debit Card
O03804,C0050,2025-12-07,Credit Card
O03805,C0256,2025-12-14,Net Banking
O03806,C0166,2025-04-29,Debit Card
O03807,C0054,2025-03-31,Net Banking
O03808,C0387,2025-08-04,Credit Card
O03809,C0032,2025-11-10,UPI
O03810,C0059,2025-01-20,Credit Card
O03811,C0227,2025-07-11,Cash
O03812,C0324,2025-01-16,Debit Card
O03813,C0165,2025-02-25,Net Banking
O03814,C0194,2025-03-10,Cash
O03815,C0285,2025-04-13,Debit Card
O03816,C0130,2025-09-09,Net Banking
O03817,C0348,2025-05-27,Debit Card
O03818,C0104,2025-03-24,Net Banking
O03819,C0417,2025-09-28,Debit Card
O03820,C0045,2025-10-26,Credit Card
O03821,C0323,2025-12-09,Credit Card
O03822,C0105,2025-01-18,Debit Card
O03823,C0458,2025-01-03,UPI
O03824,C0397,2025-07-28,Cash
O03825,C0280,2025-02-06,UPI
O03826,C0095,2025-12-16,Cash
O03827,C0255,2025-04-08,Debit Card
O03828,C0293,2025-08-31,Cash
O03829,C0181,2025-07-02,Cash
O03830,C0461,2025-10-14,Debit Card
O03831,C0411,2025-02-04,Net Banking
O03832,C0219,2025-11-17,Net Banking
O03833,C0448,2025-02-06,Cash
O03834,C0041,2025-03-07,Cash
O03835,C0153,2025-02-21,Credit Card
O03836,C0256,2025-04-29,Credit Card
O03837,C0308,2025-10-04,UPI
O03838,C0012,2025-04-25,UPI
O03839,C0473,2025-05-09,Net Banking
O03840,C0361,2025-07-03,Credit Card
O03841,C0447,2025-03-22,UPI
O03842,C0039,2025-10-01,Cash
O03843,C0124,2025-09-23,Cash
O03844,C0257,2025-06-09,Net Banking
O03845,C0317,2025-01-30,Cash
O03846,C0358,2025-02-26,Cash
O03847,C0242,2025-05-15,Credit Card
O03848,C0017,2025-06-23,Net Banking
O03849,C0134,2025-04-13,UPI
O03850,C0455,2025-01-31,Debit Card
O03851,C0105,2025-10-08,UPI
O03852,C0474,2025-12-06,Credit Card
O03853,C0121,2025-09-10,Credit Card
O03854,C0413,2025-10-16,Cash
O03855,C0360,2025-01-19,UPI
O03856,C0037,2025-08-02,Cash
O03857,C0379,2025-11-10,Credit Card
O03858,C0455,2025-10-10,Net Banking
O03859,C0485,2025-03-08,UPI
O03860,C0371,2025-01-22,Credit Card
O03861,C0019,2025-09-12,Cash
O03862,C0116,2025-11-29,UPI
O03863,C0221,2025-09-02,UPI
O03864,C0401,2025-04-27,Credit Card
O03865,C0477,2025-01-29,Credit Card
O03866,C0397,2025-04-11,Cash
O03867,C0312,2025-07-14,Credit Card
O03868,C0283,2025-09-04,Credit Card
O03869,C0199,2025-07-13,Debit Card
O03870,C0221,2025-12-26,Net Banking
O03871,C0282,2025-03-12,Credit Card
O03872,C0225,2025-03-02,Cash
O03873,C0463,2025-07-08,UPI
O03874,C0100,2025-06-25,Net Banking
O03875,C0471,2025-01-30,Debit Card
O03876,C0119,2025-02-17,Cash
O03877,C0006,2025-04-27,Net Banking
O03878,C0383,2025-10-02,Cash
O03879,C0024,2025-01-08,Debit Card
O03880,C0417,2025-01-30,Credit Card
O03881,C0030,2025-03-06,Net Banking
O03882,C0093,2025-05-25,Credit Card
O03883,C0161,2025-06-29,Cash
O03884,C0336,2025-05-06,UPI
O03885,C0067,2025-11-07,Net Banking
O03886,C0246,2025-12-03,Credit Card
O03887,C0337,2025-02-09,Credit Card
O03888,C0129,2025-10-06,Debit Card
O03889,C0254,2025-12-28,UPI
O03890,C0460,2025-04-23,Net Banking
O03891,C0366,2025-06-04,UPI
O03892,C0400,2025-10-10,UPI
O03893,C0445,2025-12-01,Debit Card
O03894,C0270,2025-05-17,UPI
O03895,C0358,2025-10-05,Cash
O03896,C0054,2025-01-28,UPI
O03897,C0462,2025-07-30,Cash
O03898,C0249,2025-05-24,Credit Card
O03899,C0105,2025-03-12,Cash
O03900,C0119,2025-06-06,Cash
O03901,C0108,2025-03-04,UPI
O03902,C0372,2025-03-14,Credit Card
O03903,C0121,2025-12-24,Net Banking
O03904,C0333,2025-08-21,Credit Card
O03905,C0011,2025-09-13,Credit Card
O03906,C0139,2025-05-23,Cash
O03907,C0197,2025-06-03,Credit Card
O03908,C0031,2025-05-23,Cash
O03909,C0197,2025-09-11,Credit Card
O03910,C0442,2025-07-15,Net Banking
O03911,C0228,2025-01-23,Debit Card
O03912,C0106,2025-07-14,Debit Card
O03913,C0338,2025-08-09,Cash
O03914,C0027,2025-12-05,UPI
O03915,C0017,2025-10-05,UPI
O03916,C0480,2025-01-14,Cash
O03917,C0387,2025-06-22,UPI
O03918,C0415,2025-10-30,Debit Card
O03919,C0388,2025-01-15,UPI
O03920,C0372,2025-11-15,Net Banking
O03921,C0444,2025-08-07,Credit Card
O03922,C0414,2025-02-25,Cash
O03923,C0199,2025-12-14,UPI
O03924,C0440,2025-10-01,Net Banking
O03925,C0218,2025-10-21,Cash
O03926,C0394,2025-09-23,UPI
O03927,C0084,2025-07-15,Net Banking
O03928,C0382,2025-05-02,Debit Card
O03929,C0465,2025-01-08,UPI
O03930,C0410,2025-12-16,UPI
O03931,C0044,2025-05-08,Cash
O03932,C0152,2025-06-22,Cash
O03933,C0203,2025-01-20,Cash
O03934,C0141,2025-07-05,UPI
O03935,C0338,2025-05-09,Cash
O03936,C0007,2025-03-05,UPI
O03937,C0292,2025-12-05,UPI
O03938,C0429,2025-05-16,Debit Card
O03939,C0228,2025-08-25,Credit Card
O03940,C0226,2025-01-05,Net Banking
O03941,C0019,2025-07-03,Net Banking
O03942,C0327,2025-10-12,Debit Card
O03943,C0210,2025-01-30,Cash
O03944,C0481,2025-02-10,UPI
O03945,C0460,2025-11-09,Cash
O03946,C0161,2025-02-02,Net Banking
O03947,C0093,2025-05-13,UPI
O03948,C0133,2025-09-11,Debit Card
O03949,C0117,2025-11-19,Debit Card
O03950,C0076,2025-11-13,Credit Card
O03951,C0120,2025-02-28,Credit Card
O03952,C0095,2025-12-17,Cash
O03953,C0441,2025-08-14,Cash
O03954,C0163,2025-01-22,Cash
O03955,C0368,2025-04-27,Credit Card
O03956,C0488,2025-05-13,UPI
O03957,C0009,2025-12-14,UPI
O03958,C0277,2025-01-23,Cash
O03959,C0121,2025-06-29,Credit Card
O03960,C0040,2025-09-17,Net Banking
O03961,C0058,2025-09-19,Credit Card
O03962,C0122,2025-04-15,UPI
O03963,C0293,2025-07-10,Net Banking
O03964,C0037,2025-11-25,Net Banking
O03965,C0449,2025-05-25,Debit Card
O03966,C0013,2025-06-17,Cash
O03967,C0404,2025-07-04,UPI
O03968,C0500,2025-07-28,UPI
O03969,C0241,2025-05-31,Cash
O03970,C0016,2025-03-24,UPI
O03971,C0023,2025-05-29,Debit Card
O03972,C0467,2025-10-30,Credit Card
O03973,C0055,2025-11-08,Debit Card
O03974,C0414,2025-06-10,Cash
O03975,C0367,2025-09-18,Cash
O03976,C0365,2025-06-26,Debit Card
O03977,C0194,2025-10-26,Credit Card
O03978,C0337,2025-03-18,Net Banking
O03979,C0391,2025-11-29,Credit Card
O03980,C0490,2025-02-09,Debit Card
O03981,C0290,2025-09-15,Cash
O03982,C0323,2025-10-08,Net Banking
O03983,C0276,2025-03-04,Cash
O03984,C0409,2025-01-27,Cash
O03985,C0242,2025-12-04,Cash
O03986,C0267,2025-08-14,UPI
O03987,C0138,2025-04-10,Cash
O03988,C0151,2025-05-05,UPI
O03989,C0125,2025-07-05,Debit Card
O03990,C0234,2025-06-11,Credit Card
O03991,C0355,2025-05-04,Net Banking
O03992,C0376,2025-07-29,UPI
O03993,C0041,2025-06-30,Cash
O03994,C0259,2025-02-09,UPI
O03995,C0335,2025-09-05,Cash
O03996,C0118,2025-08-18,Net Banking
O03997,C0118,2025-10-19,Debit Card
O03998,C0474,2025-10-03,Debit Card
O03999,C0398,2025-07-28,Cash
O04000,C0341,2025-03-12,Cash
O04001,C0134,2025-05-27,UPI
O04002,C0161,2025-03-02,Credit Card
O04003,C0210,2025-08-04,Cash
O04004,C0076,2025-10-22,Net Banking
O04005,C0324,2025-04-12,Debit Card
O04006,C0449,2025-08-21,Credit Card
O04007,C0086,2025-03-03,Net Banking
O04008,C0135,2025-10-11,Net Banking
O04009,C0381,2025-02-21,Debit Card
O04010,C0446,2025-01-18,Net Banking
O04011,C0013,2025-12-20,Debit Card
O04012,C0038,2025-03-09,Cash
O04013,C0444,2025-09-29,Net Banking
O04014,C0463,2025-08-05,UPI
O04015,C0066,2025-07-25,Cash
O04016,C0124,2025-12-31,UPI
O04017,C0061,2025-06-22,UPI
O04018,C0303,2025-11-08,Cash
O04019,C0056,2025-01-24,Credit Card
O04020,C0379,2025-07-01,Net Banking
O04021,C0467,2025-07-29,Net Banking
O04022,C0380,2025-08-12,UPI
O04023,C0388,2025-09-02,Debit Card
O04024,C0376,2025-04-04,Cash
O04025,C0470,2025-09-18,Credit Card
O04026,C0078,2025-01-04,Cash
O04027,C0304,2025-07-09,Net Banking
O04028,C0195,2025-06-14,Net Banking
O04029,C0091,2025-09-18,Cash
O04030,C0144,2025-02-19,Debit Card
O04031,C0153,2025-09-10,UPI
O04032,C0025,2025-10-16,Cash
O04033,C0460,2025-09-26,Cash
O04034,C0261,2025-08-07,UPI
O04035,C0166,2025-07-16,UPI
O04036,C0388,2025-04-02,Debit Card
O04037,C0022,2025-04-18,Net Banking
O04038,C0266,2025-05-23,Cash
O04039,C0451,2025-11-12,UPI
O04040,C0051,2025-06-27,UPI
O04041,C0085,2025-03-02,UPI
O04042,C0141,2025-09-07,Net Banking
O04043,C0115,2025-03-28,UPI
O04044,C0481,2025-05-13,Cash
O04045,C0386,2025-02-24,Debit Card
O04046,C0342,2025-05-23,Debit Card
O04047,C0050,2025-04-16,Cash
O04048,C0430,2025-09-18,Debit Card
O04049,C0015,2025-11-03,Credit Card
O04050,C0492,2025-10-04,Cash
O04051,C0410,2025-04-10,Credit Card
O04052,C0251,2025-01-14,UPI
O04053,C0105,2025-05-25,Cash
O04054,C0219,2025-08-16,Cash
O04055,C0065,2025-08-21,UPI
O04056,C0471,2025-02-26,Credit Card
O04057,C0228,2025-08-10,Net Banking
O04058,C0135,2025-02-14,Debit Card
O04059,C0143,2025-12-09,Credit Card
O04060,C0496,2025-07-01,Credit Card
O04061,C0382,2025-04-24,Credit Card
O04062,C0168,2025-03-22,Cash
O04063,C0172,2025-05-22,Net Banking
O04064,C0323,2025-09-20,Credit Card
O04065,C0362,2025-12-19,UPI
O04066,C0457,2025-01-20,Net Banking
O04067,C0052,2025-12-28,Cash
O04068,C0163,2025-04-08,Cash
O04069,C0339,2025-11-17,Credit Card
O04070,C0486,2025-11-21,Credit Card
O04071,C0126,2025-03-12,Cash
O04072,C0193,2025-04-23,Debit Card
O04073,C0136,2025-08-29,Debit Card
O04074,C0249,2025-04-06,Net Banking
O04075,C0145,2025-03-09,Debit Card
O04076,C0326,2025-02-15,Cash
O04077,C0439,2025-04-20,Credit Card
O04078,C0223,2025-02-04,Net Banking
O04079,C0286,2025-11-09,Debit Card
O04080,C0364,2025-04-02,Credit Card
O04081,C0215,2025-12-19,UPI
O04082,C0315,2025-07-14,Cash
O04083,C0121,2025-11-23,UPI
O04084,C0248,2025-09-29,Debit Card
O04085,C0450,2025-06-03,Debit Card
O04086,C0449,2025-05-30,Net Banking
O04087,C0251,2025-11-19,Net Banking
O04088,C0307,2025-07-02,Cash
O04089,C0247,2025-06-01,Credit Card
O04090,C0113,2025-02-27,UPI
O04091,C0215,2025-08-17,UPI
O04092,C0127,2025-12-06,Net Banking
O04093,C0060,2025-04-01,Net Banking
O04094,C0490,2025-06-13,Credit Card
O04095,C0178,2025-12-23,Net Banking
O04096,C0361,2025-03-07,Net Banking
O04097,C0431,2025-09-08,Cash
O04098,C0211,2025-12-18,Debit Card
O04099,C0015,2025-05-29,UPI
O04100,C0260,2025-04-21,Net Banking
O04101,C0032,2025-10-15,UPI
O04102,C0134,2025-12-12,UPI
O04103,C0211,2025-07-20,Net Banking
O04104,C0218,2025-07-24,UPI
O04105,C0468,2025-01-28,UPI
O04106,C0249,2025-04-23,UPI
O04107,C0326,2025-01-24,UPI
O04108,C0230,2025-07-29,Debit Card
O04109,C0294,2025-03-27,Cash
O04110,C0106,2025-11-17,Credit Card
O04111,C0486,2025-11-11,Cash
O04112,C0169,2025-03-08,Cash
O04113,C0277,2025-01-11,Credit Card
O04114,C0411,2025-07-14,Credit Card
O04115,C0400,2025-12-27,UPI
O04116,C0468,2025-06-30,Cash
O04117,C0033,2025-12-02,Credit Card
O04118,C0266,2025-04-18,UPI
O04119,C0275,2025-04-12,Debit Card
O04120,C0430,2025-10-02,Net Banking
O04121,C0441,2025-04-28,UPI
O04122,C0411,2025-03-24,UPI
O04123,C0170,2025-07-31,Debit Card
O04124,C0284,2025-05-08,Credit Card
O04125,C0019,2025-01-11,Cash
O04126,C0053,2025-09-14,Net Banking
O04127,C0406,2025-09-06,Credit Card
O04128,C0081,2025-05-25,UPI
O04129,C0013,2025-04-28,Debit Card
O04130,C0018,2025-05-20,Credit Card
O04131,C0417,2025-07-13,Net Banking
O04132,C0068,2025-05-19,Credit Card
O04133,C0040,2025-02-07,Cash
O04134,C0370,2025-12-27,Net Banking
O04135,C0011,2025-01-08,Cash
O04136,C0310,2025-03-19,Credit Card
O04137,C0377,2025-10-29,Net Banking
O04138,C0100,2025-11-07,UPI
O04139,C0402,2025-06-15,Net Banking
O04140,C0263,2025-01-12,UPI
O04141,C0141,2025-08-23,Debit Card
O04142,C0052,2025-05-16,Cash
O04143,C0242,2025-07-12,UPI
O04144,C0220,2025-02-17,Debit Card
O04145,C0496,2025-07-28,Cash
O04146,C0143,2025-09-05,UPI
O04147,C0465,2025-12-26,Cash
O04148,C0260,2025-05-06,Net Banking
O04149,C0009,2025-09-12,Net Banking
O04150,C0488,2025-07-10,Cash
O04151,C0366,2025-02-25,Net Banking
O04152,C0115,2025-10-23,Credit Card
O04153,C0204,2025-04-29,Net Banking
O04154,C0190,2025-09-02,Cash
O04155,C0056,2025-11-26,UPI
O04156,C0171,2025-03-15,Credit Card
O04157,C0049,2025-10-15,Debit Card
O04158,C0107,2025-09-08,Cash
O04159,C0128,2025-02-12,Debit Card
O04160,C0207,2025-11-12,Net Banking
O04161,C0268,2025-10-18,Debit Card
O04162,C0031,2025-09-10,UPI
O04163,C0211,2025-06-09,UPI
O04164,C0428,2025-03-19,Credit Card
O04165,C0165,2025-12-19,Cash
O04166,C0307,2025-07-28,Credit Card
O04167,C0138,2025-12-20,Debit Card
O04168,C0387,2025-10-15,Net Banking
O04169,C0280,2025-09-13,UPI
O04170,C0492,2025-11-30,Debit Card
O04171,C0165,2025-08-25,Net Banking
O04172,C0264,2025-10-12,Credit Card
O04173,C0472,2025-02-23,Net Banking
O04174,C0359,2025-02-09,Net Banking
O04175,C0066,2025-01-07,Debit Card
O04176,C0267,2025-03-04,Debit Card
O04177,C0102,2025-08-13,Credit Card
O04178,C0020,2025-08-06,Net Banking
O04179,C0088,2025-11-17,Cash
O04180,C0250,2025-03-13,Cash
O04181,C0215,2025-07-24,Credit Card
O04182,C0152,2025-03-02,Net Banking
O04183,C0151,2025-12-13,UPI
O04184,C0268,2025-06-15,Cash
O04185,C0456,2025-07-10,Cash
O04186,C0333,2025-03-26,Debit Card
O04187,C0149,2025-09-25,Debit Card
O04188,C0412,2025-11-11,UPI
O04189,C0266,2025-11-06,UPI
O04190,C0242,2025-08-25,Debit Card
O04191,C0480,2025-06-19,Debit Card
O04192,C0085,2025-09-26,Net Banking
O04193,C0006,2025-06-12,Net Banking
O04194,C0092,2025-03-18,Net Banking
O04195,C0035,2025-01-03,UPI
O04196,C0360,2025-04-07,Debit Card
O04197,C0356,2025-02-18,Cash
O04198,C0235,2025-06-19,Credit Card
O04199,C0032,2025-11-16,Net Banking
O04200,C0305,2025-03-22,Credit Card
O04201,C0180,2025-11-22,Cash
O04202,C0453,2025-04-26,UPI
O04203,C0322,2025-01-08,Debit Card
O04204,C0141,2025-05-26,Net Banking
O04205,C0300,2025-06-06,UPI
O04206,C0320,2025-07-26,UPI
O04207,C0288,2025-10-05,Debit Card
O04208,C0040,2025-10-31,Debit Card
O04209,C0053,2025-04-21,UPI
O04210,C0092,2025-05-15,Cash
O04211,C0053,2025-03-06,Cash
O04212,C0301,2025-11-27,Net Banking
O04213,C0170,2025-10-22,Cash
O04214,C0310,2025-05-22,Cash
O04215,C0343,2025-08-31,Debit Card
O04216,C0087,2025-01-02,Debit Card
O04217,C0111,2025-02-16,Cash
O04218,C0076,2025-03-15,Debit Card
O04219,C0244,2025-01-01,UPI
O04220,C0040,2025-01-27,Debit Card
O04221,C0262,2025-08-14,Net Banking
O04222,C0341,2025-08-30,UPI
O04223,C0155,2025-09-14,Credit Card
O04224,C0124,2025-10-14,Net Banking
O04225,C0194,2025-07-17,Net Banking
O04226,C0182,2025-06-09,Cash
O04227,C0163,2025-09-29,Credit Card
O04228,C0453,2025-11-06,Debit Card
O04229,C0490,2025-03-27,UPI
O04230,C0365,2025-03-15,Net Banking
O04231,C0287,2025-08-15,Net Banking
O04232,C0356,2025-05-09,Credit Card
O04233,C0286,2025-08-11,UPI
O04234,C0092,2025-01-13,UPI
O04235,C0438,2025-08-27,UPI
O04236,C0373,2025-08-06,Debit Card
O04237,C0316,2025-10-14,Debit Card
O04238,C0196,2025-07-11,Debit Card
O04239,C0478,2025-01-06,Debit Card
O04240,C0227,2025-07-04,Cash
O04241,C0100,2025-01-03,Cash
O04242,C0159,2025-06-18,Credit Card
O04243,C0467,2025-07-08,UPI
O04244,C0258,2025-01-07,Cash
O04245,C0140,2025-01-18,UPI
O04246,C0329,2025-09-03,Net Banking
O04247,C0023,2025-12-23,UPI
O04248,C0141,2025-11-17,Credit Card
O04249,C0498,2025-10-20,Credit Card
O04250,C0442,2025-08-30,Cash
O04251,C0324,2025-08-21,Net Banking
O04252,C0089,2025-08-31,Cash
O04253,C0414,2025-02-23,Credit Card
O04254,C0190,2025-01-15,Cash
O04255,C0458,2025-03-20,Debit Card
O04256,C0446,2025-03-09,Credit Card
O04257,C0215,2025-03-03,Credit Card
O04258,C0228,2025-11-23,Credit Card
O04259,C0161,2025-02-19,Cash
O04260,C0143,2025-04-10,Cash
O04261,C0378,2025-01-09,UPI
O04262,C0429,2025-12-11,UPI
O04263,C0460,2025-12-30,Debit Card
O04264,C0464,2025-10-28,UPI
O04265,C0265,2025-01-08,Net Banking
O04266,C0214,2025-12-08,Credit Card
O04267,C0034,2025-04-09,Cash
O04268,C0076,2025-05-17,Credit Card
O04269,C0089,2025-08-16,Credit Card
O04270,C0142,2025-11-08,Debit Card
O04271,C0353,2025-09-16,Net Banking
O04272,C0089,2025-11-22,Credit Card
O04273,C0160,2025-05-21,Cash
O04274,C0180,2025-03-02,UPI
O04275,C0239,2025-10-18,Credit Card
O04276,C0290,2025-08-26,Credit Card
O04277,C0060,2025-02-16,Debit Card
O04278,C0374,2025-02-14,Debit Card
O04279,C0163,2025-10-30,Credit Card
O04280,C0393,2025-03-28,Credit Card
O04281,C0112,2025-11-23,UPI
O04282,C0236,2025-02-11,Debit Card
O04283,C0158,2025-12-15,Debit Card
O04284,C0383,2025-03-09,UPI
O04285,C0028,2025-07-14,UPI
O04286,C0092,2025-05-23,Debit Card
O04287,C0290,2025-06-11,Net Banking
O04288,C0116,2025-04-07,UPI
O04289,C0453,2025-04-13,Debit Card
O04290,C0152,2025-05-13,Net Banking
O04291,C0136,2025-02-17,Net Banking
O04292,C0182,2025-10-24,UPI
O04293,C0179,2025-11-25,Cash
O04294,C0231,2025-11-20,Debit Card
O04295,C0019,2025-10-27,Net Banking
O04296,C0080,2025-10-03,Cash
O04297,C0108,2025-12-26,Net Banking
O04298,C0178,2025-11-27,UPI
O04299,C0107,2025-06-25,Cash
O04300,C0283,2025-05-18,Credit Card
O04301,C0263,2025-04-18,UPI
O04302,C0112,2025-08-28,UPI
O04303,C0017,2025-03-01,Cash
O04304,C0338,2025-11-20,Debit Card
O04305,C0244,2025-03-13,Net Banking
O04306,C0301,2025-06-15,UPI
O04307,C0289,2025-07-13,Cash
O04308,C0462,2025-01-18,UPI
O04309,C0360,2025-02-23,UPI
O04310,C0446,2025-01-05,Debit Card
O04311,C0216,2025-09-01,UPI
O04312,C0173,2025-11-28,Credit Card
O04313,C0096,2025-07-03,UPI
O04314,C0084,2025-08-28,Cash
O04315,C0096,2025-01-12,Net Banking
O04316,C0415,2025-11-12,Net Banking
O04317,C0304,2025-10-22,Net Banking
O04318,C0375,2025-07-24,Net Banking
O04319,C0428,2025-05-05,UPI
O04320,C0371,2025-07-11,Cash
O04321,C0173,2025-09-05,Net Banking
O04322,C0154,2025-01-21,Debit Card
O04323,C0391,2025-09-17,Credit Card
O04324,C0216,2025-08-07,UPI
O04325,C0489,2025-10-23,Net Banking
O04326,C0304,2025-01-15,Debit Card
O04327,C0263,2025-03-27,UPI
O04328,C0454,2025-11-02,Cash
O04329,C0102,2025-10-18,Debit Card
O04330,C0067,2025-12-06,UPI
O04331,C0404,2025-01-28,Credit Card
O04332,C0159,2025-03-14,UPI
O04333,C0235,2025-07-22,Debit Card
O04334,C0236,2025-01-01,Debit Card
O04335,C0103,2025-03-30,UPI
O04336,C0158,2025-02-11,Debit Card
O04337,C0121,2025-04-15,Net Banking
O04338,C0047,2025-05-06,Debit Card
O04339,C0351,2025-10-12,UPI
O04340,C0003,2025-09-02,Debit Card
O04341,C0177,2025-02-21,Net Banking
O04342,C0282,2025-12-18,Net Banking
O04343,C0358,2025-04-19,Net Banking
O04344,C0343,2025-07-12,Net Banking
O04345,C0362,2025-05-05,Credit Card
O04346,C0199,2025-03-07,UPI
O04347,C0391,2025-03-10,Net Banking
O04348,C0396,2025-06-17,UPI
O04349,C0420,2025-12-12,Net Banking
O04350,C0306,2025-07-21,Cash
O04351,C0037,2025-06-27,Net Banking
O04352,C0343,2025-10-28,Credit Card
O04353,C0114,2025-11-08,Debit Card
O04354,C0394,2025-05-01,UPI
O04355,C0186,2025-06-24,Cash
O04356,C0422,2025-01-01,Cash
O04357,C0307,2025-07-23,Credit Card
O04358,C0331,2025-04-28,Debit Card
O04359,C0256,2025-04-07,Credit Card
O04360,C0109,2025-06-04,Net Banking
O04361,C0048,2025-06-23,Net Banking
O04362,C0335,2025-04-03,Net Banking
O04363,C0078,2025-05-26,UPI
O04364,C0199,2025-12-12,Net Banking
O04365,C0018,2025-05-14,Net Banking
O04366,C0092,2025-03-25,Net Banking
O04367,C0350,2025-09-22,Credit Card
O04368,C0239,2025-02-12,UPI
O04369,C0352,2025-02-21,Net Banking
O04370,C0412,2025-01-07,Debit Card
O04371,C0164,2025-03-07,Cash
O04372,C0260,2025-07-16,Net Banking
O04373,C0006,2025-09-06,Net Banking
O04374,C0217,2025-01-28,UPI
O04375,C0218,2025-05-13,Credit Card
O04376,C0310,2025-08-19,Cash
O04377,C0191,2025-08-31,UPI
O04378,C0433,2025-10-01,UPI
O04379,C0058,2025-04-02,Net Banking
O04380,C0273,2025-07-16,Credit Card
O04381,C0077,2025-01-04,UPI
O04382,C0486,2025-12-29,Cash
O04383,C0133,2025-04-12,Cash
O04384,C0417,2025-11-11,Net Banking
O04385,C0223,2025-01-25,Net Banking
O04386,C0145,2025-01-21,Credit Card
O04387,C0445,2025-09-08,Net Banking
O04388,C0188,2025-01-26,Cash
O04389,C0352,2025-07-09,UPI
O04390,C0218,2025-06-22,UPI
O04391,C0393,2025-01-13,Cash
O04392,C0137,2025-04-02,UPI
O04393,C0183,2025-08-02,Credit Card
O04394,C0229,2025-06-16,UPI
O04395,C0326,2025-01-19,Cash
O04396,C0058,2025-07-02,Credit Card
O04397,C0273,2025-07-22,Debit Card
O04398,C0090,2025-02-13,Cash
O04399,C0049,2025-03-06,Debit Card
O04400,C0325,2025-09-10,Net Banking
O04401,C0458,2025-05-21,UPI
O04402,C0498,2025-08-23,Cash
O04403,C0125,2025-09-26,Cash
O04404,C0235,2025-01-21,Credit Card
O04405,C0168,2025-07-10,Credit Card
O04406,C0076,2025-11-08,Credit Card
O04407,C0196,2025-09-20,Credit Card
O04408,C0173,2025-11-23,UPI
O04409,C0217,2025-07-25,Credit Card
O04410,C0095,2025-05-12,Credit Card
O04411,C0429,2025-08-10,Credit Card
O04412,C0407,2025-04-09,Cash
O04413,C0134,2025-06-05,Cash
O04414,C0264,2025-10-04,Debit Card
O04415,C0356,2025-01-26,UPI
O04416,C0294,2025-08-31,Debit Card
O04417,C0390,2025-08-12,UPI
O04418,C0383,2025-12-19,Debit Card
O04419,C0142,2025-09-14,Credit Card
O04420,C0310,2025-07-24,Debit Card
O04421,C0348,2025-05-26,UPI
O04422,C0003,2025-07-28,Debit Card
O04423,C0010,2025-08-01,Debit Card
O04424,C0141,2025-05-17,Net Banking
O04425,C0307,2025-11-22,UPI
O04426,C0050,2025-04-24,Debit Card
O04427,C0010,2025-12-30,UPI
O04428,C0114,2025-02-02,Cash
O04429,C0148,2025-12-31,Cash
O04430,C0424,2025-08-24,Cash
O04431,C0216,2025-11-22,Cash
O04432,C0169,2025-10-05,Net Banking
O04433,C0244,2025-10-13,Credit Card
O04434,C0176,2025-06-24,UPI
O04435,C0178,2025-08-16,Debit Card
O04436,C0237,2025-09-13,Debit Card
O04437,C0273,2025-12-24,Debit Card
O04438,C0345,2025-07-19,UPI
O04439,C0207,2025-01-17,Cash
O04440,C0496,2025-02-10,Net Banking
O04441,C0288,2025-06-26,Credit Card
O04442,C0107,2025-09-29,UPI
O04443,C0156,2025-05-30,UPI
O04444,C0232,2025-12-12,Net Banking
O04445,C0016,2025-03-21,Cash
O04446,C0300,2025-03-27,Cash
O04447,C0181,2025-10-17,Net Banking
O04448,C0213,2025-01-12,UPI
O04449,C0285,2025-09-09,Debit Card
O04450,C0193,2025-10-03,Debit Card
O04451,C0194,2025-11-07,Credit Card
O04452,C0050,2025-07-22,Debit Card
O04453,C0109,2025-02-26,Cash
O04454,C0149,2025-04-02,Debit Card
O04455,C0393,2025-07-25,Cash
O04456,C0210,2025-06-30,Debit Card
O04457,C0215,2025-11-03,UPI
O04458,C0164,2025-07-05,Credit Card
O04459,C0341,2025-12-18,UPI
O04460,C0258,2025-10-02,Cash
O04461,C0201,2025-04-26,Net Banking
O04462,C0254,2025-08-26,UPI
O04463,C0423,2025-08-19,Debit Card
O04464,C0474,2025-04-01,Net Banking
O04465,C0148,2025-01-02,Cash
O04466,C0425,2025-06-21,Net Banking
O04467,C0336,2025-03-30,Credit Card
O04468,C0197,2025-10-25,Net Banking
O04469,C0499,2025-08-03,Net Banking
O04470,C0097,2025-11-22,Credit Card
O04471,C0317,2025-04-25,Debit Card
O04472,C0313,2025-11-14,Cash
O04473,C0042,2025-11-03,Cash
O04474,C0375,2025-07-29,Credit Card
O04475,C0167,2025-11-09,Debit Card
O04476,C0086,2025-10-19,Net Banking
O04477,C0351,2025-02-16,UPI
O04478,C0012,2025-11-04,Net Banking
O04479,C0283,2025-09-19,Debit Card
O04480,C0436,2025-03-24,Net Banking
O04481,C0189,2025-05-03,Debit Card
O04482,C0242,2025-12-31,Debit Card
O04483,C0166,2025-03-09,UPI
O04484,C0034,2025-01-16,Debit Card
O04485,C0296,2025-08-25,Net Banking
O04486,C0126,2025-12-17,Cash
O04487,C0228,2025-05-04,Debit Card
O04488,C0499,2025-08-25,Cash
O04489,C0329,2025-02-26,Cash
O04490,C0429,2025-06-19,Debit Card
O04491,C0126,2025-08-25,Credit Card
O04492,C0004,2025-01-17,Net Banking
O04493,C0444,2025-09-24,Net Banking
O04494,C0442,2025-07-17,Credit Card
O04495,C0401,2025-08-02,UPI
O04496,C0453,2025-10-03,Credit Card
O04497,C0367,2025-11-07,Cash
O04498,C0366,2025-01-13,Net Banking
O04499,C0247,2025-01-31,UPI
O04500,C0416,2025-07-23,Credit Card
O04501,C0187,2025-07-24,Cash
O04502,C0323,2025-11-29,Net Banking
O04503,C0220,2025-03-05,Credit Card
O04504,C0075,2025-05-15,Cash
O04505,C0386,2025-02-27,Debit Card
O04506,C0188,2025-07-31,UPI
O04507,C0073,2025-05-05,Net Banking
O04508,C0108,2025-05-16,Credit Card
O04509,C0169,2025-11-25,Credit Card
O04510,C0235,2025-12-30,Net Banking
O04511,C0386,2025-05-06,UPI
O04512,C0176,2025-06-01,Net Banking
O04513,C0170,2025-08-19,UPI
O04514,C0291,2025-05-21,Cash
O04515,C0019,2025-03-13,Debit Card
O04516,C0268,2025-05-28,Credit Card
O04517,C0114,2025-07-09,Cash
O04518,C0186,2025-05-30,UPI
O04519,C0484,2025-03-23,Cash
O04520,C0325,2025-06-06,Net Banking
O04521,C0366,2025-08-14,UPI
O04522,C0080,2025-12-22,Debit Card
O04523,C0076,2025-11-08,UPI
O04524,C0440,2025-07-16,UPI
O04525,C0327,2025-04-27,Credit Card
O04526,C0436,2025-04-19,Cash
O04527,C0156,2025-03-17,Cash
O04528,C0007,2025-05-13,UPI
O04529,C0370,2025-09-18,Cash
O04530,C0208,2025-09-02,Cash
O04531,C0461,2025-03-29,UPI
O04532,C0330,2025-03-21,Cash
O04533,C0437,2025-09-14,UPI
O04534,C0268,2025-07-11,Net Banking
O04535,C0444,2025-09-06,Debit Card
O04536,C0446,2025-09-26,Net Banking
O04537,C0090,2025-09-05,Net Banking
O04538,C0008,2025-12-09,Credit Card
O04539,C0176,2025-04-26,UPI
O04540,C0106,2025-04-25,Debit Card
O04541,C0143,2025-11-08,Credit Card
O04542,C0333,2025-04-11,UPI
O04543,C0256,2025-08-24,Cash
O04544,C0468,2025-11-23,Credit Card
O04545,C0431,2025-09-26,Debit Card
O04546,C0380,2025-04-14,UPI
O04547,C0341,2025-01-17,Net Banking
O04548,C0321,2025-02-20,UPI
O04549,C0260,2025-02-04,UPI
O04550,C0284,2025-10-01,Cash
O04551,C0447,2025-02-10,Credit Card
O04552,C0229,2025-10-18,Cash
O04553,C0127,2025-05-06,UPI
O04554,C0409,2025-04-04,Debit Card
O04555,C0117,2025-12-20,Net Banking
O04556,C0091,2025-01-21,Cash
O04557,C0137,2025-10-10,UPI
O04558,C0047,2025-04-08,Credit Card
O04559,C0464,2025-03-09,Cash
O04560,C0156,2025-02-01,Debit Card
O04561,C0117,2025-05-05,Cash
O04562,C0390,2025-10-25,Net Banking
O04563,C0238,2025-02-20,Cash
O04564,C0452,2025-01-27,UPI
O04565,C0405,2025-11-21,Credit Card
O04566,C0101,2025-09-02,Credit Card
O04567,C0227,2025-02-12,Net Banking
O04568,C0102,2025-02-21,Cash
O04569,C0302,2025-04-21,Cash
O04570,C0250,2025-06-03,Cash
O04571,C0005,2025-10-25,Net Banking
O04572,C0441,2025-02-27,Net Banking
O04573,C0399,2025-11-26,Debit Card
O04574,C0302,2025-11-22,Cash
O04575,C0387,2025-08-22,Credit Card
O04576,C0129,2025-07-28,Cash
O04577,C0139,2025-09-10,Debit Card
O04578,C0169,2025-09-17,Net Banking
O04579,C0264,2025-05-26,UPI
O04580,C0136,2025-09-30,Debit Card
O04581,C0175,2025-05-21,Cash
O04582,C0258,2025-06-08,Net Banking
O04583,C0058,2025-04-04,Net Banking
O04584,C0004,2025-06-13,Cash
O04585,C0241,2025-09-11,Debit Card
O04586,C0092,2025-02-03,Net Banking
O04587,C0345,2025-06-05,Credit Card
O04588,C0474,2025-08-15,UPI
O04589,C0327,2025-12-18,Cash
O04590,C0422,2025-04-04,Debit Card
O04591,C0399,2025-02-25,Debit Card
O04592,C0110,2025-06-07,Cash
O04593,C0157,2025-06-13,Cash
O04594,C0242,2025-02-22,UPI
O04595,C0475,2025-11-09,Debit Card
O04596,C0293,2025-12-11,Debit Card
O04597,C0166,2025-03-22,Debit Card
O04598,C0393,2025-07-22,Debit Card
O04599,C0437,2025-03-22,Cash
O04600,C0340,2025-03-22,UPI
O04601,C0490,2025-09-22,Net Banking
O04602,C0335,2025-11-01,Net Banking
O04603,C0400,2025-05-18,Debit Card
O04604,C0478,2025-05-15,Net Banking
O04605,C0479,2025-06-05,UPI
O04606,C0075,2025-06-06,UPI
O04607,C0373,2025-07-01,UPI
O04608,C0231,2025-06-07,Net Banking
O04609,C0289,2025-07-21,Net Banking
O04610,C0003,2025-07-26,Credit Card
O04611,C0496,2025-07-29,UPI
O04612,C0331,2025-03-13,Net Banking
O04613,C0393,2025-05-21,Credit Card
O04614,C0420,2025-12-27,Debit Card
O04615,C0107,2025-12-05,UPI
O04616,C0151,2025-07-11,Credit Card
O04617,C0165,2025-08-07,Net Banking
O04618,C0167,2025-10-13,Cash
O04619,C0379,2025-04-13,Debit Card
O04620,C0317,2025-09-15,Net Banking
O04621,C0439,2025-05-21,Credit Card
O04622,C0039,2025-05-05,Debit Card
O04623,C0167,2025-09-03,Cash
O04624,C0241,2025-01-24,Net Banking
O04625,C0353,2025-12-28,Net Banking
O04626,C0128,2025-05-24,Cash
O04627,C0301,2025-07-12,Credit Card
O04628,C0052,2025-01-29,UPI
O04629,C0142,2025-10-03,UPI
O04630,C0225,2025-05-26,Credit Card
O04631,C0242,2025-03-10,Credit Card
O04632,C0167,2025-07-31,Debit Card
O04633,C0448,2025-03-19,Cash
O04634,C0154,2025-10-21,Debit Card
O04635,C0288,2025-02-15,Net Banking
O04636,C0126,2025-06-17,Cash
O04637,C0280,2025-12-05,UPI
O04638,C0286,2025-09-29,UPI
O04639,C0354,2025-01-12,Debit Card
O04640,C0396,2025-02-04,UPI
O04641,C0491,2025-07-04,Net Banking
O04642,C0383,2025-04-20,Debit Card
O04643,C0165,2025-08-28,Debit Card
O04644,C0236,2025-07-05,UPI
O04645,C0102,2025-12-13,UPI
O04646,C0131,2025-11-06,Credit Card
O04647,C0072,2025-03-03,Net Banking
O04648,C0219,2025-07-22,Net Banking
O04649,C0409,2025-01-25,Cash
O04650,C0031,2025-09-20,UPI
O04651,C0009,2025-10-17,Net Banking
O04652,C0017,2025-09-16,UPI
O04653,C0405,2025-10-03,Net Banking
O04654,C0145,2025-10-22,UPI
O04655,C0325,2025-02-04,Credit Card
O04656,C0290,2025-02-17,Cash
O04657,C0400,2025-02-27,Cash
O04658,C0082,2025-09-20,Credit Card
O04659,C0294,2025-08-28,Cash
O04660,C0333,2025-04-08,Credit Card
O04661,C0393,2025-12-17,Net Banking
O04662,C0419,2025-05-22,Net Banking
O04663,C0232,2025-03-19,UPI
O04664,C0038,2025-04-04,Cash
O04665,C0174,2025-08-21,Cash
O04666,C0400,2025-12-21,Net Banking
O04667,C0456,2025-01-11,Net Banking
O04668,C0295,2025-05-31,Credit Card
O04669,C0320,2025-07-19,Credit Card
O04670,C0005,2025-04-26,UPI
O04671,C0219,2025-03-19,UPI
O04672,C0439,2025-04-25,Cash
O04673,C0346,2025-06-17,Cash
O04674,C0235,2025-12-01,Debit Card
O04675,C0395,2025-10-22,UPI
O04676,C0458,2025-10-23,Debit Card
O04677,C0097,2025-03-17,Debit Card
O04678,C0158,2025-04-03,Credit Card
O04679,C0014,2025-10-01,Cash
O04680,C0484,2025-01-21,Debit Card
O04681,C0277,2025-06-28,Credit Card
O04682,C0168,2025-06-11,Debit Card
O04683,C0337,2025-04-17,Debit Card
O04684,C0156,2025-03-25,Net Banking
O04685,C0139,2025-04-30,Debit Card
O04686,C0396,2025-07-01,Credit Card
O04687,C0071,2025-08-14,Credit Card
O04688,C0428,2025-07-12,Credit Card
O04689,C0228,2025-04-17,Net Banking
O04690,C0026,2025-08-17,Net Banking
O04691,C0205,2025-04-12,Debit Card
O04692,C0395,2025-07-14,Cash
O04693,C0418,2025-03-05,Credit Card
O04694,C0497,2025-03-31,Cash
O04695,C0468,2025-10-24,Cash
O04696,C0063,2025-03-25,Debit Card
O04697,C0062,2025-09-08,Cash
O04698,C0184,2025-06-12,Net Banking
O04699,C0098,2025-04-18,Credit Card
O04700,C0410,2025-09-17,UPI
O04701,C0245,2025-05-11,Cash
O04702,C0058,2025-08-22,Credit Card
O04703,C0004,2025-07-14,Net Banking
O04704,C0205,2025-02-21,UPI
O04705,C0185,2025-06-08,Credit Card
O04706,C0223,2025-11-30,UPI
O04707,C0118,2025-12-26,Credit Card
O04708,C0334,2025-11-26,Net Banking
O04709,C0449,2025-08-30,Credit Card
O04710,C0488,2025-05-21,UPI
O04711,C0024,2025-03-14,Debit Card
O04712,C0091,2025-10-17,Credit Card
O04713,C0066,2025-09-23,Debit Card
O04714,C0072,2025-12-22,Net Banking
O04715,C0391,2025-01-20,Credit Card
O04716,C0306,2025-04-18,UPI
O04717,C0191,2025-11-13,Net Banking
O04718,C0422,2025-03-22,Net Banking
O04719,C0089,2025-03-31,Cash
O04720,C0495,2025-03-19,Debit Card
O04721,C0187,2025-02-26,Debit Card
O04722,C0016,2025-09-12,Debit Card
O04723,C0157,2025-07-26,UPI
O04724,C0466,2025-05-16,Cash
O04725,C0165,2025-01-15,Credit Card
O04726,C0170,2025-01-15,Net Banking
O04727,C0018,2025-03-15,Net Banking
O04728,C0024,2025-10-04,Net Banking
O04729,C0391,2025-11-03,Cash
O04730,C0087,2025-03-22,Credit Card
O04731,C0008,2025-06-28,Debit Card
O04732,C0048,2025-08-03,Credit Card
O04733,C0058,2025-09-01,Net Banking
O04734,C0213,2025-10-02,Net Banking
O04735,C0069,2025-11-05,Credit Card
O04736,C0160,2025-09-01,Net Banking
O04737,C0461,2025-05-12,Debit Card
O04738,C0166,2025-12-03,Cash
O04739,C0188,2025-11-11,Credit Card
O04740,C0245,2025-09-10,Cash
O04741,C0101,2025-03-06,Debit Card
O04742,C0264,2025-03-08,Debit Card
O04743,C0116,2025-12-04,Credit Card
O04744,C0381,2025-02-18,Net Banking
O04745,C0145,2025-11-11,Credit Card
O04746,C0128,2025-04-26,UPI
O04747,C0095,2025-12-04,UPI
O04748,C0169,2025-12-30,Net Banking
O04749,C0343,2025-10-30,Cash
O04750,C0265,2025-10-23,UPI
O04751,C0390,2025-03-09,UPI
O04752,C0217,2025-07-11,Debit Card
O04753,C0297,2025-01-18,Net Banking
O04754,C0324,2025-01-25,Debit Card
O04755,C0094,2025-01-08,Debit Card
O04756,C0325,2025-01-18,Debit Card
O04757,C0083,2025-07-23,UPI
O04758,C0006,2025-10-20,Net Banking
O04759,C0248,2025-06-26,Debit Card
O04760,C0322,2025-10-23,Net Banking
O04761,C0232,2025-04-20,Net Banking
O04762,C0319,2025-05-15,Cash
O04763,C0226,2025-03-02,UPI
O04764,C0336,2025-09-21,UPI
O04765,C0173,2025-04-06,UPI
O04766,C0175,2025-09-07,Cash
O04767,C0234,2025-12-06,Credit Card
O04768,C0343,2025-06-25,Cash
O04769,C0135,2025-02-02,UPI
O04770,C0219,2025-11-25,Credit Card
O04771,C0494,2025-10-06,Debit Card
O04772,C0049,2025-04-27,Net Banking
O04773,C0425,2025-02-26,Credit Card
O04774,C0282,2025-12-31,UPI
O04775,C0065,2025-06-27,UPI
O04776,C0232,2025-08-12,Cash
O04777,C0482,2025-02-12,Cash
O04778,C0094,2025-07-23,Cash
O04779,C0100,2025-03-14,Debit Card
O04780,C0398,2025-01-09,Debit Card
O04781,C0376,2025-07-01,Cash
O04782,C0308,2025-03-19,Cash
O04783,C0441,2025-09-29,Cash
O04784,C0025,2025-09-30,UPI
O04785,C0277,2025-04-28,Cash
O04786,C0086,2025-07-11,Debit Card
O04787,C0052,2025-12-15,Debit Card
O04788,C0326,2025-11-21,Cash
O04789,C0116,2025-03-19,Cash
O04790,C0483,2025-11-09,Net Banking
O04791,C0440,2025-04-14,UPI
O04792,C0026,2025-07-25,UPI
O04793,C0200,2025-09-25,Net Banking
O04794,C0458,2025-09-01,Net Banking
O04795,C0165,2025-03-11,UPI
O04796,C0001,2025-02-08,UPI
O04797,C0363,2025-10-12,UPI
O04798,C0107,2025-11-10,Cash
O04799,C0492,2025-02-04,Credit Card
O04800,C0387,2025-07-30,Debit Card
O04801,C0074,2025-09-04,Debit Card
O04802,C0392,2025-05-05,Net Banking
O04803,C0403,2025-03-23,Net Banking
O04804,C0201,2025-10-30,Debit Card
O04805,C0128,2025-06-29,Credit Card
O04806,C0116,2025-05-22,Debit Card
O04807,C0458,2025-07-25,Credit Card
O04808,C0372,2025-10-27,Debit Card
O04809,C0106,2025-08-16,Debit Card
O04810,C0345,2025-05-22,UPI
O04811,C0006,2025-11-23,Credit Card
O04812,C0267,2025-06-09,Cash
O04813,C0053,2025-11-18,Cash
O04814,C0242,2025-04-29,Net Banking
O04815,C0153,2025-03-05,Cash
O04816,C0381,2025-11-09,Net Banking
O04817,C0079,2025-02-06,UPI
O04818,C0449,2025-05-20,Credit Card
O04819,C0196,2025-05-11,Credit Card
O04820,C0321,2025-08-27,Net Banking
O04821,C0300,2025-03-28,Net Banking
O04822,C0389,2025-05-30,Debit Card
O04823,C0268,2025-02-22,Credit Card
O04824,C0375,2025-11-05,Cash
O04825,C0443,2025-07-05,Debit Card
O04826,C0446,2025-12-07,Net Banking
O04827,C0429,2025-12-26,Net Banking
O04828,C0216,2025-01-30,Credit Card
O04829,C0443,2025-05-24,UPI
O04830,C0464,2025-05-09,Cash
O04831,C0169,2025-08-03,UPI
O04832,C0183,2025-02-12,Credit Card
O04833,C0052,2025-09-06,Debit Card
O04834,C0300,2025-09-11,Debit Card
O04835,C0303,2025-08-11,UPI
O04836,C0054,2025-12-29,Net Banking
O04837,C0288,2025-11-07,Cash
O04838,C0193,2025-11-07,Cash
O04839,C0446,2025-12-08,Net Banking
O04840,C0022,2025-11-05,Credit Card
O04841,C0303,2025-11-26,Credit Card
O04842,C0295,2025-02-18,Credit Card
O04843,C0495,2025-05-03,UPI
O04844,C0298,2025-12-11,Cash
O04845,C0216,2025-07-21,Credit Card
O04846,C0178,2025-11-28,Net Banking
O04847,C0437,2025-08-24,Cash
O04848,C0443,2025-09-25,Credit Card
O04849,C0482,2025-07-24,Net Banking
O04850,C0343,2025-01-14,Debit Card
O04851,C0291,2025-04-03,Credit Card
O04852,C0323,2025-06-18,Credit Card
O04853,C0150,2025-07-31,Credit Card
O04854,C0374,2025-08-22,UPI
O04855,C0184,2025-12-16,UPI
O04856,C0181,2025-05-08,UPI
O04857,C0229,2025-01-25,UPI
O04858,C0235,2025-12-24,UPI
O04859,C0394,2025-03-24,Debit Card
O04860,C0286,2025-10-08,UPI
O04861,C0380,2025-07-25,UPI
O04862,C0400,2025-03-30,Net Banking
O04863,C0439,2025-02-15,UPI
O04864,C0181,2025-11-12,Cash
O04865,C0379,2025-04-27,UPI
O04866,C0425,2025-06-06,Credit Card
O04867,C0469,2025-02-16,Net Banking
O04868,C0161,2025-11-15,Net Banking
O04869,C0328,2025-04-06,Net Banking
O04870,C0104,2025-05-16,Net Banking
O04871,C0180,2025-06-22,Net Banking
O04872,C0459,2025-07-05,Debit Card
O04873,C0492,2025-03-28,UPI
O04874,C0009,2025-02-27,Debit Card
O04875,C0298,2025-06-08,Cash
O04876,C0359,2025-11-25,Cash
O04877,C0152,2025-10-14,Cash
O04878,C0092,2025-07-23,Cash
O04879,C0357,2025-02-08,Debit Card
O04880,C0048,2025-02-16,Cash
O04881,C0469,2025-12-06,Net Banking
O04882,C0437,2025-05-15,Debit Card
O04883,C0367,2025-06-24,Cash
O04884,C0182,2025-07-23,Debit Card
O04885,C0472,2025-07-17,Credit Card
O04886,C0433,2025-05-31,Cash
O04887,C0292,2025-02-12,UPI
O04888,C0116,2025-08-15,Credit Card
O04889,C0126,2025-10-08,Debit Card
O04890,C0342,2025-05-21,Credit Card
O04891,C0254,2025-04-25,Debit Card
O04892,C0126,2025-04-26,Net Banking
O04893,C0332,2025-04-21,Debit Card
O04894,C0007,2025-06-01,Debit Card
O04895,C0494,2025-01-11,Cash
O04896,C0248,2025-08-13,Net Banking
O04897,C0285,2025-10-10,Cash
O04898,C0099,2025-07-31,Debit Card
O04899,C0435,2025-09-23,Cash
O04900,C0205,2025-11-18,Cash
O04901,C0455,2025-07-18,UPI
O04902,C0362,2025-07-06,UPI
O04903,C0221,2025-07-09,UPI
O04904,C0461,2025-05-01,UPI
O04905,C0277,2025-07-02,Credit Card
O04906,C0491,2025-12-21,Debit Card
O04907,C0165,2025-12-26,Debit Card
O04908,C0408,2025-10-03,Cash
O04909,C0066,2025-02-19,Cash
O04910,C0363,2025-09-01,Cash
O04911,C0161,2025-02-23,Cash
O04912,C0117,2025-06-28,Cash
O04913,C0421,2025-04-25,Net Banking
O04914,C0138,2025-10-22,Credit Card
O04915,C0236,2025-11-13,Net Banking
O04916,C0255,2025-10-30,Net Banking
O04917,C0034,2025-03-29,Credit Card
O04918,C0287,2025-08-18,Cash
O04919,C0333,2025-01-30,UPI
O04920,C0245,2025-12-28,Debit Card
O04921,C0033,2025-12-16,UPI
O04922,C0034,2025-05-22,Cash
O04923,C0130,2025-01-15,Cash
O04924,C0252,2025-08-09,Debit Card
O04925,C0203,2025-04-21,Net Banking
O04926,C0159,2025-10-03,UPI
O04927,C0170,2025-04-30,Cash
O04928,C0409,2025-09-18,Net Banking
O04929,C0074,2025-10-04,Cash
O04930,C0162,2025-01-04,Cash
O04931,C0028,2025-12-31,UPI
O04932,C0301,2025-03-03,Credit Card
O04933,C0315,2025-02-02,Cash
O04934,C0212,2025-03-24,Debit Card
O04935,C0128,2025-11-04,Debit Card
O04936,C0428,2025-04-03,Credit Card
O04937,C0333,2025-09-11,Credit Card
O04938,C0170,2025-02-15,Credit Card
O04939,C0485,2025-07-26,Cash
O04940,C0359,2025-12-17,Net Banking
O04941,C0413,2025-07-28,Net Banking
O04942,C0357,2025-08-31,Debit Card
O04943,C0434,2025-06-25,Debit Card
O04944,C0050,2025-06-09,UPI
O04945,C0091,2025-12-29,Net Banking
O04946,C0451,2025-05-10,Net Banking
O04947,C0047,2025-04-05,UPI
O04948,C0206,2025-04-13,Debit Card
O04949,C0180,2025-11-28,Credit Card
O04950,C0174,2025-08-20,Credit Card
O04951,C0269,2025-05-12,Credit Card
O04952,C0451,2025-11-07,Credit Card
O04953,C0286,2025-01-31,UPI
O04954,C0049,2025-03-28,Credit Card
O04955,C0494,2025-09-28,Credit Card
O04956,C0003,2025-06-17,Net Banking
O04957,C0157,2025-01-15,Cash
O04958,C0289,2025-07-11,Credit Card
O04959,C0490,2025-03-30,Debit Card
O04960,C0326,2025-11-14,Net Banking
O04961,C0094,2025-10-02,Debit Card
O04962,C0500,2025-06-26,Credit Card
O04963,C0447,2025-12-16,Debit Card
O04964,C0308,2025-07-11,Cash
O04965,C0091,2025-08-14,Debit Card
O04966,C0260,2025-03-18,Net Banking
O04967,C0016,2025-11-15,Credit Card
O04968,C0479,2025-10-03,Credit Card
O04969,C0414,2025-06-09,UPI
O04970,C0056,2025-06-28,Debit Card
O04971,C0303,2025-09-23,Debit Card
O04972,C0461,2025-02-21,Net Banking
O04973,C0099,2025-11-05,Debit Card
O04974,C0314,2025-06-22,Net Banking
O04975,C0476,2025-12-04,Cash
O04976,C0426,2025-07-19,Net Banking
O04977,C0484,2025-03-01,Cash
O04978,C0034,2025-06-23,Debit Card
O04979,C0188,2025-03-14,Debit Card
O04980,C0492,2025-09-09,Debit Card
O04981,C0407,2025-07-26,Credit Card
O04982,C0184,2025-01-31,Net Banking
O04983,C0416,2025-12-04,Cash
O04984,C0051,2025-09-24,Credit Card
O04985,C0340,2025-12-02,UPI
O04986,C0467,2025-09-27,Cash
O04987,C0295,2025-12-26,Cash
O04988,C0268,2025-07-21,Cash
O04989,C0330,2025-04-13,UPI
O04990,C0165,2025-03-11,Net Banking
O04991,C0391,2025-04-12,UPI
O04992,C0484,2025-11-17,Net Banking
O04993,C0207,2025-08-11,Net Banking
O04994,C0043,2025-09-09,Credit Card
O04995,C0252,2025-02-23,UPI
O04996,C0288,2025-09-05,Cash
O04997,C0200,2025-06-06,Net Banking
O04998,C0403,2025-05-28,Credit Card
O04999,C0271,2025-01-22,Debit Card
O05000,C0485,2025-02-15,UPI
