order_id,product_id,quantity,sales,profit
O00001,P0005,5,4250,847.51
O00001,P0054,3,687,166.69
O00001,P0006,5,3960,341.16
O00002,P0037,4,2752,334.13
O00002,P0009,5,7295,667.75
O00003,P0085,4,5412,1312.3
O00003,P0027,5,1760,469.62
O00003,P0098,5,7080,1144.0
O00004,P0009,1,1459,409.02
O00004,P0080,1,297,53.64
O00004,P0079,2,1914,528.87
O00005,P0075,3,531,51.0
O00005,P0056,2,1804,340.88
O00005,P0076,5,2675,590.89
O00006,P0079,1,957,270.7
O00007,P0070,1,569,161.23
O00008,P0097,2,2464,554.67
O00009,P0006,2,1584,470.7
O00009,P0025,2,630,101.93
O00010,P0045,1,524,59.9
O00010,P0057,5,5800,778.12
O00011,P0009,3,4377,1199.42
O00011,P0067,4,5692,1307.38
O00011,P0072,3,1086,135.83
O00012,P0048,3,4431,753.38
O00012,P0090,1,673,115.42
O00012,P0056,4,3608,587.99
O00013,P0038,4,5272,715.69
O00014,P0058,4,924,82.42
O00015,P0031,2,2862,646.39
O00015,P0080,2,594,56.74
O00016,P0064,1,814,93.58
O00017,P0006,1,792,95.31
O00017,P0066,3,3573,417.4
O00018,P0051,3,621,180.2
O00018,P0058,4,924,131.82
O00018,P0052,3,1953,278.57
O00019,P0068,3,1101,114.36
O00019,P0089,1,383,63.91
O00019,P0024,2,888,256.67
O00020,P0064,4,3256,404.31
O00020,P0044,5,975,291.55
O00020,P0020,4,4528,839.22
O00021,P0036,2,2518,222.51
O00022,P0062,2,1616,159.0
O00022,P0059,1,203,27.04
O00023,P0060,3,3465,611.17
O00023,P0051,2,414,73.38
O00023,P0023,1,664,149.95
O00024,P0024,2,888,221.18
O00024,P0006,3,2376,212.95
O00024,P0062,1,808,233.26
O00025,P0066,3,3573,1010.46
O00025,P0037,3,2064,374.92
O00026,P0003,1,1350,224.22
O00026,P0063,2,1234,355.76
O00026,P0004,5,420,39.48
O00027,P0055,2,396,60.94
O00028,P0096,4,4696,401.83
O00028,P0032,4,4180,398.2
O00028,P0008,2,2648,562.34
O00029,P0095,5,3835,442.72
O00029,P0003,5,6750,1971.8
O00030,P0014,1,107,24.68
O00031,P0059,5,1015,200.5
O00031,P0091,5,7215,1720.82
O00032,P0015,3,1356,218.97
O00032,P0035,2,350,97.42
O00032,P0009,2,2918,237.23
O00033,P0005,5,4250,394.62
O00034,P0095,5,3835,407.74
O00034,P0003,2,2700,668.73
O00035,P0013,5,1075,215.03
O00036,P0036,4,5036,1441.23
O00037,P0067,4,5692,809.08
O00037,P0077,5,7480,1234.86
O00037,P0040,2,974,224.25
O00038,P0036,3,3777,588.96
O00038,P0003,4,5400,1001.21
O00038,P0072,2,724,130.27
O00039,P0079,2,1914,213.93
O00039,P0049,2,1634,476.91
O00040,P0007,3,2982,817.15
O00040,P0060,3,3465,841.31
O00041,P0016,3,4311,481.44
O00041,P0062,4,3232,550.35
O00042,P0077,2,2992,889.37
O00042,P0009,2,2918,772.77
O00042,P0038,3,3954,497.34
O00043,P0085,4,5412,1485.04
O00043,P0055,4,792,191.16
O00044,P0038,4,5272,959.37
O00044,P0086,3,1905,289.03
O00045,P0039,2,1884,450.52
O00045,P0017,2,1986,266.37
O00046,P0078,2,2472,506.87
O00046,P0030,5,4030,644.6
O00046,P0073,4,2340,469.42
O00047,P0057,3,3480,771.45
O00047,P0094,2,1188,197.71
O00048,P0045,1,524,104.5
O00048,P0064,4,3256,475.61
O00049,P0052,4,2604,237.47
O00049,P0096,2,2348,362.27
O00049,P0042,2,1808,407.02
O00050,P0021,4,5468,654.35
O00050,P0057,4,4640,395.53
O00050,P0055,2,396,65.31
O00051,P0055,2,396,55.49
O00051,P0060,5,5775,1439.32
O00051,P0036,4,5036,1040.01
O00052,P0062,2,1616,275.5
O00053,P0070,2,1138,308.36
O00053,P0077,2,2992,741.35
O00054,P0043,3,4236,907.68
O00054,P0082,5,3500,688.55
O00055,P0012,1,698,159.68
O00055,P0001,1,1420,140.39
O00055,P0100,1,917,259.0
O00056,P0064,3,2442,653.41
O00057,P0031,3,4293,535.17
O00057,P0009,2,2918,848.41
O00058,P0088,1,1001,160.01
O00058,P0074,3,1899,395.67
O00059,P0079,4,3828,591.41
O00059,P0019,2,2842,408.52
O00060,P0003,5,6750,777.32
O00061,P0100,2,1834,314.24
O00062,P0023,5,3320,564.83
O00062,P0013,5,1075,216.62
O00062,P0035,4,700,163.78
O00063,P0029,2,2812,828.83
O00063,P0024,2,888,248.66
O00064,P0090,1,673,73.92
O00065,P0068,4,1468,239.96
O00065,P0059,2,406,101.0
O00066,P0089,3,1149,327.24
O00066,P0023,5,3320,683.32
O00066,P0071,4,1272,351.93
O00067,P0056,5,4510,701.95
O00067,P0038,3,3954,1175.6
O00068,P0001,1,1420,168.97
O00068,P0022,5,1935,282.55
O00069,P0048,2,2954,308.44
O00069,P0051,2,414,120.7
O00070,P0047,3,1005,237.69
O00070,P0029,1,1406,222.2
O00071,P0015,1,452,98.0
O00071,P0050,5,3790,651.51
O00072,P0069,3,1710,457.04
O00073,P0078,5,6180,875.42
O00074,P0035,1,175,32.85
O00074,P0057,2,2320,212.15
O00074,P0060,2,2310,540.8
O00075,P0083,4,2776,830.45
O00075,P0057,3,3480,309.37
O00076,P0038,4,5272,1186.57
O00076,P0001,3,4260,857.45
O00076,P0024,2,888,241.4
O00077,P0009,1,1459,352.53
O00077,P0045,1,524,76.82
O00077,P0077,2,2992,834.76
O00078,P0027,4,1408,123.79
O00078,P0076,3,1605,374.46
O00079,P0003,3,4050,1039.6
O00079,P0004,4,336,56.98
O00080,P0010,2,378,108.65
O00080,P0076,3,1605,323.45
O00081,P0083,3,2082,288.71
O00081,P0065,4,4660,1314.73
O00082,P0083,3,2082,561.15
O00083,P0056,1,902,233.05
O00084,P0098,2,2832,272.92
O00085,P0089,1,383,43.62
O00085,P0006,2,1584,398.14
O00086,P0011,1,908,217.09
O00087,P0078,3,3708,1006.48
O00087,P0029,5,7030,671.25
O00087,P0097,5,6160,1341.33
O00088,P0055,3,594,150.25
O00088,P0051,1,207,44.46
O00089,P0097,2,2464,305.28
O00090,P0036,1,1259,152.12
O00090,P0017,1,993,80.28
O00090,P0065,2,2330,294.16
O00091,P0052,1,651,107.49
O00091,P0083,5,3470,424.66
O00091,P0088,2,2002,472.1
O00092,P0003,5,6750,1588.82
O00092,P0057,4,4640,665.26
O00093,P0060,5,5775,1560.99
O00093,P0012,1,698,123.79
O00093,P0064,5,4070,331.25
O00094,P0080,2,594,81.92
O00095,P0033,5,645,189.63
O00095,P0065,1,1165,273.35
O00095,P0072,1,362,43.95
O00096,P0039,2,1884,218.04
O00096,P0005,5,4250,617.43
O00097,P0038,5,6590,1455.93
O00097,P0084,2,1410,245.11
O00098,P0065,2,2330,458.36
O00098,P0061,3,3726,528.79
O00099,P0017,1,993,92.9
O00100,P0082,3,2100,585.04
O00100,P0049,1,817,176.77
O00101,P0049,1,817,186.51
O00101,P0026,4,708,58.51
O00102,P0030,1,806,120.94
O00102,P0046,3,564,131.74
O00102,P0041,5,5760,1320.21
O00103,P0005,5,4250,585.38
O00104,P0042,4,3616,574.17
O00104,P0011,4,3632,586.56
O00105,P0002,4,740,110.23
O00105,P0038,2,2636,343.17
O00106,P0061,1,1242,288.13
O00107,P0050,4,3032,829.54
O00107,P0050,3,2274,643.9
O00108,P0081,4,132,35.79
O00108,P0017,4,3972,712.89
O00109,P0035,4,700,120.62
O00110,P0054,2,458,116.07
O00111,P0060,2,2310,387.78
O00111,P0092,1,1199,210.5
O00112,P0029,2,2812,318.4
O00112,P0100,2,1834,234.27
O00112,P0059,1,203,33.72
O00113,P0011,3,2724,420.07
O00114,P0044,4,780,129.71
O00115,P0058,5,1155,162.96
O00115,P0052,2,1302,243.52
O00116,P0028,4,4720,827.08
O00116,P0099,2,1930,361.33
O00116,P0004,1,84,13.25
O00117,P0089,1,383,110.94
O00118,P0063,4,2468,527.46
O00118,P0053,2,1514,199.44
O00118,P0044,4,780,200.3
O00119,P0008,4,5296,438.79
O00119,P0012,3,2094,458.44
O00120,P0089,3,1149,264.84
O00120,P0015,4,1808,387.92
O00121,P0086,2,1270,249.58
O00121,P0088,3,3003,719.06
O00121,P0067,2,2846,459.07
O00122,P0017,1,993,83.31
O00122,P0003,3,4050,695.55
O00123,P0094,3,1782,412.39
O00124,P0017,4,3972,1005.3
O00124,P0051,5,1035,160.39
O00125,P0010,2,378,105.24
O00125,P0021,3,4101,1033.25
O00126,P0034,2,1830,431.48
O00126,P0067,5,7115,940.2
O00126,P0017,2,1986,372.35
O00127,P0068,1,367,54.67
O00127,P0096,1,1174,193.14
O00128,P0029,5,7030,1059.87
O00129,P0067,4,5692,1034.76
O00129,P0029,3,4218,399.54
O00129,P0042,4,3616,907.74
O00130,P0006,2,1584,253.49
O00130,P0066,1,1191,219.41
O00131,P0081,1,33,5.02
O00132,P0041,4,4608,938.25
O00132,P0068,3,1101,319.8
O00132,P0007,4,3976,1179.93
O00133,P0014,5,535,66.35
O00133,P0061,2,2484,722.1
O00133,P0066,5,5955,1269.12
O00134,P0009,1,1459,352.8
O00134,P0096,2,2348,458.26
O00135,P0061,3,3726,501.56
O00135,P0019,4,5684,983.66
O00135,P0064,1,814,118.52
O00136,P0069,2,1140,165.46
O00137,P0042,4,3616,351.9
O00138,P0095,2,1534,273.47
O00138,P0024,4,1776,359.03
O00139,P0059,4,812,200.45
O00139,P0059,1,203,58.08
O00139,P0050,4,3032,426.63
O00140,P0078,5,6180,1110.75
O00140,P0059,2,406,84.86
O00140,P0016,3,4311,1251.67
O00141,P0065,1,1165,315.6
O00142,P0023,4,2656,427.99
O00142,P0073,3,1755,461.56
O00142,P0013,4,860,172.88
O00143,P0017,4,3972,882.55
O00143,P0025,4,1260,150.14
O00143,P0056,5,4510,1190.35
O00144,P0038,3,3954,598.17
O00145,P0048,1,1477,405.17
O00145,P0031,1,1431,342.02
O00145,P0046,2,376,71.17
O00146,P0065,2,2330,264.09
O00147,P0036,2,2518,722.23
O00147,P0052,2,1302,130.47
O00147,P0002,3,555,163.12
O00148,P0058,1,231,39.45
O00148,P0069,1,570,107.35
O00149,P0075,1,177,34.59
O00149,P0022,4,1548,360.39
O00149,P0035,5,875,228.4
O00150,P0072,4,1448,166.51
O00151,P0044,2,390,51.73
O00151,P0090,5,3365,287.13
O00152,P0054,2,458,84.87
O00152,P0038,1,1318,168.94
O00152,P0056,2,1804,521.34
O00153,P0038,5,6590,990.35
O00154,P0095,4,3068,258.44
O00154,P0033,3,387,72.87
O00155,P0084,4,2820,566.84
O00155,P0003,1,1350,167.44
O00155,P0043,1,1412,177.83
O00156,P0058,4,924,75.37
O00156,P0079,1,957,199.01
O00156,P0023,3,1992,382.49
O00157,P0040,4,1948,247.03
O00158,P0088,1,1001,281.63
O00158,P0096,5,5870,833.02
O00158,P0061,5,6210,1008.17
O00159,P0045,2,1048,276.32
O00159,P0088,5,5005,682.59
O00160,P0015,3,1356,376.35
O00161,P0033,1,129,28.78
O00161,P0026,4,708,61.13
O00162,P0066,5,5955,1485.2
O00162,P0072,2,724,87.36
O00162,P0081,1,33,5.45
O00163,P0017,2,1986,246.33
O00164,P0013,3,645,169.79
O00164,P0097,2,2464,677.76
O00164,P0011,3,2724,434.22
O00165,P0076,2,1070,219.04
O00166,P0008,2,2648,509.59
O00166,P0050,3,2274,188.1
O00167,P0039,3,2826,354.37
O00168,P0057,4,4640,1106.14
O00168,P0002,4,740,219.43
O00168,P0065,5,5825,1432.07
O00169,P0088,4,4004,814.34
O00169,P0069,3,1710,435.88
O00170,P0055,2,396,38.45
O00170,P0020,1,1132,310.81
O00170,P0062,1,808,174.72
O00171,P0099,3,2895,824.02
O00172,P0042,4,3616,592.71
O00172,P0063,5,3085,899.17
O00173,P0088,1,1001,161.13
O00174,P0099,2,1930,566.66
O00174,P0022,3,1161,112.32
O00174,P0049,4,3268,731.37
O00175,P0012,1,698,193.82
O00175,P0055,3,594,66.06
O00176,P0095,2,1534,163.33
O00176,P0091,1,1443,394.9
O00177,P0011,2,1816,151.01
O00177,P0015,1,452,108.24
O00178,P0090,5,3365,783.65
O00178,P0073,3,1755,244.67
O00179,P0073,5,2925,542.7
O00179,P0064,2,1628,207.41
O00179,P0052,4,2604,596.74
O00180,P0029,1,1406,266.34
O00181,P0085,4,5412,641.35
O00181,P0071,1,318,65.79
O00182,P0026,1,177,51.52
O00183,P0078,3,3708,883.07
O00183,P0092,2,2398,614.91
O00184,P0012,3,2094,611.24
O00185,P0088,2,2002,463.92
O00186,P0063,1,617,167.93
O00187,P0081,5,165,47.76
O00187,P0060,4,4620,1174.55
O00188,P0039,1,942,134.74
O00188,P0009,1,1459,308.68
O00188,P0086,4,2540,661.82
O00189,P0033,2,258,41.83
O00189,P0069,3,1710,410.0
O00189,P0027,5,1760,197.21
O00190,P0054,3,687,116.47
O00190,P0026,5,885,149.03
O00190,P0003,4,5400,1600.41
O00191,P0052,2,1302,337.39
O00191,P0099,4,3860,882.61
O00192,P0058,3,693,202.01
O00192,P0087,1,1255,266.65
O00193,P0092,3,3597,1019.53
O00194,P0093,4,2748,492.36
O00194,P0006,5,3960,1067.6
O00194,P0075,2,354,97.61
O00195,P0091,5,7215,2034.82
O00195,P0058,2,462,97.82
O00196,P0003,2,2700,721.55
O00196,P0056,5,4510,499.23
O00196,P0078,2,2472,646.26
O00197,P0084,1,705,184.12
O00197,P0005,1,850,253.22
O00198,P0016,1,1437,279.22
O00198,P0028,5,5900,477.24
O00198,P0083,5,3470,784.98
O00199,P0044,2,390,89.89
O00200,P0021,4,5468,578.09
O00200,P0094,3,1782,357.57
O00201,P0021,5,6835,1534.57
O00201,P0063,4,2468,316.39
O00202,P0016,4,5748,1329.61
O00202,P0096,1,1174,152.24
O00203,P0044,4,780,89.12
O00203,P0042,2,1808,429.52
O00203,P0085,5,6765,1731.74
O00204,P0023,2,1328,373.81
O00204,P0002,3,555,73.93
O00205,P0033,3,387,101.22
O00205,P0082,5,3500,771.45
O00206,P0073,1,585,48.89
O00207,P0039,1,942,118.28
O00207,P0011,1,908,86.03
O00208,P0084,1,705,121.84
O00208,P0066,3,3573,805.89
O00209,P0035,5,875,127.79
O00210,P0009,3,4377,550.88
O00210,P0062,4,3232,698.88
O00211,P0059,5,1015,213.69
O00211,P0018,4,460,135.67
O00212,P0092,3,3597,565.91
O00212,P0006,3,2376,556.31
O00213,P0093,5,3435,856.53
O00213,P0004,4,336,77.78
O00214,P0033,3,387,111.77
O00214,P0068,4,1468,438.67
O00214,P0019,4,5684,503.08
O00215,P0046,1,188,34.68
O00215,P0061,5,6210,622.56
O00216,P0051,1,207,37.27
O00217,P0060,3,3465,461.2
O00217,P0053,4,3028,265.12
O00217,P0022,3,1161,234.03
O00218,P0065,4,4660,594.81
O00218,P0093,4,2748,277.25
O00218,P0079,2,1914,403.0
O00219,P0005,1,850,242.95
O00219,P0035,4,700,66.64
O00219,P0028,2,2360,429.28
O00220,P0088,5,5005,827.82
O00220,P0028,5,5900,1320.51
O00220,P0050,1,758,102.86
O00221,P0076,5,2675,503.01
O00222,P0097,3,3696,989.72
O00222,P0066,1,1191,171.34
O00223,P0044,4,780,81.22
O00223,P0077,2,2992,876.91
O00224,P0079,2,1914,356.14
O00225,P0020,1,1132,187.01
O00226,P0070,2,1138,284.43
O00226,P0082,1,700,102.55
O00226,P0026,2,354,54.8
O00227,P0059,5,1015,270.01
O00227,P0083,2,1388,329.01
O00227,P0034,1,915,93.64
O00228,P0042,2,1808,439.12
O00229,P0047,5,1675,142.73
O00229,P0087,4,5020,806.56
O00229,P0037,4,2752,232.59
O00230,P0042,3,2712,595.73
O00230,P0010,1,189,32.53
O00230,P0053,1,757,107.01
O00231,P0065,4,4660,441.43
O00231,P0036,1,1259,173.5
O00231,P0090,3,2019,372.34
O00232,P0030,2,1612,450.48
O00232,P0098,2,2832,301.95
O00232,P0024,2,888,87.91
O00233,P0099,2,1930,343.81
O00234,P0090,3,2019,409.09
O00234,P0094,4,2376,225.01
O00234,P0068,2,734,152.72
O00235,P0035,5,875,77.65
O00236,P0035,2,350,51.13
O00237,P0081,4,132,10.89
O00237,P0011,1,908,174.56
O00237,P0021,1,1367,143.27
O00238,P0018,3,345,72.04
O00238,P0074,1,633,92.88
O00238,P0063,2,1234,185.47
O00239,P0048,4,5908,1514.04
O00240,P0054,4,916,169.66
O00241,P0069,1,570,67.22
O00242,P0016,5,7185,1932.14
O00242,P0033,1,129,14.47
O00242,P0080,2,594,159.62
O00243,P0010,1,189,34.98
O00244,P0031,5,7155,831.71
O00245,P0027,4,1408,372.77
O00245,P0081,3,99,28.34
O00245,P0014,3,321,54.38
O00246,P0004,1,84,22.81
O00246,P0039,4,3768,324.37
O00247,P0077,3,4488,744.88
O00247,P0096,5,5870,1549.69
O00247,P0070,2,1138,278.46
O00248,P0007,4,3976,855.94
O00249,P0050,4,3032,673.5
O00249,P0093,2,1374,182.87
O00249,P0019,5,7105,1017.99
O00250,P0012,4,2792,591.79
O00251,P0068,1,367,74.71
O00251,P0062,2,1616,404.07
O00252,P0005,3,2550,359.62
O00253,P0072,4,1448,322.96
O00253,P0069,3,1710,250.98
O00254,P0086,5,3175,482.47
O00254,P0081,3,99,26.55
O00254,P0015,4,1808,348.07
O00255,P0078,5,6180,1439.66
O00255,P0038,5,6590,1396.13
O00256,P0041,2,2304,422.21
O00256,P0078,1,1236,286.89
O00256,P0036,3,3777,744.83
O00257,P0020,1,1132,153.22
O00257,P0081,3,99,28.27
O00257,P0026,3,531,111.92
O00258,P0040,3,1461,414.78
O00259,P0075,2,354,72.4
O00259,P0099,3,2895,850.88
O00260,P0054,3,687,133.2
O00261,P0068,3,1101,152.0
O00261,P0038,4,5272,1198.49
O00262,P0038,5,6590,1818.32
O00263,P0049,3,2451,298.51
O00264,P0091,3,4329,1025.01
O00264,P0093,5,3435,517.49
O00264,P0009,4,5836,1213.8
O00265,P0067,1,1423,340.68
O00266,P0060,2,2310,289.35
O00266,P0013,3,645,77.58
O00267,P0061,4,4968,807.3
O00267,P0027,4,1408,262.67
O00267,P0083,3,2082,593.67
O00268,P0070,5,2845,441.28
O00268,P0071,3,954,203.5
O00269,P0020,1,1132,331.26
O00269,P0016,5,7185,2130.0
O00270,P0003,1,1350,164.11
O00271,P0100,4,3668,660.41
O00271,P0013,5,1075,224.02
O00272,P0097,5,6160,1261.81
O00272,P0049,2,1634,226.23
O00273,P0037,4,2752,580.56
O00273,P0085,4,5412,953.47
O00274,P0043,1,1412,156.36
O00274,P0038,1,1318,210.21
O00275,P0025,1,315,83.91
O00276,P0100,1,917,184.01
O00276,P0097,3,3696,399.29
O00277,P0021,4,5468,683.92
O00278,P0094,5,2970,276.73
O00278,P0007,1,994,153.35
O00278,P0094,5,2970,707.77
O00279,P0030,4,3224,428.63
O00279,P0024,2,888,191.83
O00280,P0093,3,2061,585.59
O00280,P0055,3,594,157.39
O00280,P0082,2,1400,119.07
O00281,P0014,3,321,79.52
O00281,P0088,2,2002,515.03
O00281,P0076,4,2140,266.84
O00282,P0054,1,229,66.41
O00282,P0044,1,195,40.11
O00282,P0089,5,1915,565.51
O00283,P0091,4,5772,619.94
O00283,P0023,2,1328,353.23
O00284,P0049,2,1634,295.9
O00285,P0092,2,2398,675.94
O00286,P0010,1,189,15.25
O00286,P0075,3,531,93.32
O00287,P0080,4,1188,211.65
O00287,P0067,2,2846,290.52
O00287,P0007,1,994,168.86
O00288,P0017,4,3972,449.17
O00288,P0078,4,4944,1320.69
O00289,P0099,1,965,192.11
O00289,P0029,3,4218,527.79
O00290,P0008,4,5296,932.43
O00290,P0007,5,4970,771.86
O00290,P0031,1,1431,271.59
O00291,P0058,4,924,244.31
O00291,P0077,5,7480,936.52
O00291,P0019,2,2842,667.19
O00292,P0043,4,5648,661.06
O00292,P0065,4,4660,585.15
O00292,P0040,3,1461,230.43
O00293,P0099,2,1930,457.96
O00293,P0055,2,396,64.74
O00294,P0018,1,115,26.57
O00294,P0042,5,4520,604.31
O00295,P0040,1,487,87.41
O00295,P0004,1,84,13.91
O00295,P0011,3,2724,433.37
O00296,P0092,4,4796,844.02
O00297,P0065,4,4660,464.52
O00297,P0018,3,345,54.03
O00298,P0090,3,2019,566.43
O00298,P0014,3,321,59.47
O00299,P0057,2,2320,621.3
O00300,P0015,5,2260,478.68
O00300,P0075,2,354,94.2
O00300,P0038,4,5272,844.61
O00301,P0004,1,84,19.79
O00302,P0037,1,688,148.19
O00303,P0030,1,806,108.88
O00303,P0087,5,6275,1788.64
O00303,P0002,4,740,83.46
O00304,P0030,4,3224,455.46
O00305,P0026,2,354,60.21
O00306,P0081,5,165,15.62
O00307,P0052,5,3255,297.74
O00308,P0006,2,1584,227.17
O00308,P0033,4,516,148.22
O00308,P0055,2,396,52.26
O00309,P0099,5,4825,1142.35
O00310,P0039,1,942,131.12
O00311,P0077,5,7480,802.68
O00312,P0031,5,7155,1770.07
O00312,P0073,2,1170,132.91
O00313,P0059,2,406,102.77
O00314,P0092,2,2398,596.14
O00314,P0090,5,3365,871.29
O00315,P0078,5,6180,1711.02
O00315,P0087,4,5020,550.64
O00315,P0052,1,651,119.26
O00316,P0046,2,376,101.36
O00317,P0071,5,1590,401.15
O00317,P0036,4,5036,675.19
O00318,P0052,1,651,154.26
O00319,P0076,5,2675,658.03
O00320,P0033,4,516,56.71
O00321,P0097,4,4928,967.64
O00321,P0043,4,5648,1293.71
O00322,P0062,5,4040,804.46
O00322,P0038,4,5272,1452.62
O00323,P0072,5,1810,285.74
O00323,P0049,5,4085,845.77
O00324,P0063,4,2468,605.55
O00324,P0017,5,4965,1420.54
O00324,P0080,2,594,113.27
O00325,P0093,2,1374,353.21
O00325,P0099,2,1930,185.57
O00326,P0017,3,2979,314.04
O00326,P0040,4,1948,319.8
O00327,P0018,3,345,29.41
O00327,P0052,4,2604,322.15
O00328,P0020,2,2264,398.05
O00329,P0002,2,370,66.23
O00329,P0015,5,2260,573.85
O00329,P0026,2,354,78.87
O00330,P0093,4,2748,367.65
O00330,P0017,1,993,276.16
O00331,P0098,3,4248,794.76
O00331,P0017,4,3972,940.71
O00332,P0057,2,2320,422.07
O00332,P0046,4,752,218.92
O00333,P0040,2,974,270.14
O00334,P0023,3,1992,323.28
O00335,P0022,4,1548,433.54
O00335,P0032,4,4180,406.24
O00336,P0003,3,4050,1055.59
O00336,P0019,5,7105,1314.17
O00337,P0028,1,1180,185.9
O00337,P0007,2,1988,294.77
O00338,P0016,2,2874,236.91
O00338,P0086,1,635,71.19
O00338,P0082,5,3500,487.6
O00339,P0011,5,4540,581.63
O00340,P0099,3,2895,246.97
O00340,P0091,4,5772,885.94
O00340,P0039,5,4710,853.75
O00341,P0076,3,1605,229.01
O00341,P0040,1,487,124.8
O00341,P0082,5,3500,374.94
O00342,P0064,4,3256,570.94
O00342,P0066,5,5955,523.77
O00343,P0029,5,7030,1344.9
O00343,P0005,2,1700,484.92
O00343,P0029,4,5624,858.41
O00344,P0021,4,5468,1317.34
O00344,P0001,3,4260,475.71
O00344,P0097,2,2464,247.64
O00345,P0097,3,3696,616.37
O00345,P0071,1,318,28.52
O00346,P0084,2,1410,173.13
O00347,P0044,2,390,67.03
O00347,P0040,2,974,169.4
O00347,P0096,5,5870,799.1
O00348,P0048,1,1477,440.18
O00349,P0081,1,33,4.57
O00350,P0046,1,188,24.1
O00350,P0077,2,2992,848.11
O00351,P0025,1,315,30.74
O00351,P0004,4,336,86.88
O00352,P0012,5,3490,838.1
O00352,P0052,3,1953,521.71
O00353,P0017,5,4965,1007.32
O00353,P0034,3,2745,600.98
O00354,P0031,5,7155,817.33
O00354,P0034,5,4575,889.43
O00355,P0001,5,7100,1783.7
O00355,P0033,2,258,33.48
O00356,P0056,4,3608,672.34
O00357,P0004,5,420,61.37
O00357,P0057,4,4640,423.55
O00358,P0092,3,3597,922.16
O00358,P0017,3,2979,308.12
O00358,P0010,2,378,76.39
O00359,P0063,2,1234,224.78
O00360,P0097,1,1232,287.58
O00361,P0076,3,1605,274.1
O00361,P0015,4,1808,311.42
O00361,P0083,3,2082,303.55
O00362,P0091,2,2886,626.47
O00363,P0096,1,1174,294.08
O00363,P0041,1,1152,202.56
O00363,P0040,4,1948,221.86
O00364,P0025,1,315,48.33
O00364,P0030,3,2418,256.33
O00365,P0047,4,1340,366.36
O00366,P0089,4,1532,320.88
O00366,P0022,4,1548,270.32
O00367,P0082,3,2100,280.37
O00368,P0065,3,3495,402.0
O00369,P0078,5,6180,1006.76
O00369,P0067,1,1423,145.35
O00370,P0059,1,203,22.94
O00371,P0051,4,828,229.56
O00371,P0071,2,636,189.66
O00372,P0064,4,3256,387.68
O00373,P0076,3,1605,475.74
O00374,P0083,3,2082,471.64
O00374,P0019,1,1421,126.32
O00375,P0022,3,1161,118.41
O00375,P0031,5,7155,702.02
O00376,P0037,5,3440,275.36
O00377,P0081,2,66,18.31
O00378,P0021,1,1367,189.76
O00378,P0090,3,2019,434.88
O00379,P0072,1,362,95.2
O00379,P0067,3,4269,471.71
O00379,P0048,4,5908,1260.51
O00380,P0046,2,376,83.31
O00380,P0040,5,2435,246.29
O00381,P0045,2,1048,242.7
O00381,P0061,1,1242,206.85
O00381,P0058,3,693,156.83
O00382,P0068,4,1468,379.13
O00382,P0099,3,2895,837.74
O00382,P0049,3,2451,354.42
O00383,P0031,4,5724,984.26
O00383,P0085,2,2706,689.32
O00383,P0088,3,3003,680.41
O00384,P0089,2,766,139.02
O00385,P0017,2,1986,174.96
O00385,P0060,1,1155,241.73
O00385,P0098,1,1416,159.29
O00386,P0034,2,1830,206.52
O00386,P0056,1,902,128.21
O00387,P0088,3,3003,622.94
O00387,P0014,4,428,75.23
O00388,P0057,5,5800,1394.69
O00389,P0036,2,2518,697.56
O00389,P0058,1,231,36.99
O00390,P0087,2,2510,391.36
O00390,P0067,1,1423,123.66
O00391,P0063,4,2468,298.74
O00391,P0051,4,828,150.67
O00392,P0078,3,3708,663.42
O00392,P0010,3,567,138.33
O00393,P0057,4,4640,1043.3
O00393,P0076,5,2675,724.9
O00393,P0091,2,2886,235.6
O00394,P0063,3,1851,317.4
O00395,P0018,3,345,38.85
O00395,P0062,2,1616,214.61
O00396,P0059,4,812,235.93
O00396,P0053,2,1514,361.2
O00396,P0037,4,2752,243.44
O00397,P0068,3,1101,260.39
O00398,P0014,3,321,49.49
O00398,P0046,1,188,35.01
O00398,P0087,5,6275,780.47
O00399,P0009,3,4377,1005.3
O00400,P0098,5,7080,992.32
O00400,P0038,4,5272,1453.54
O00400,P0031,5,7155,1536.48
O00401,P0062,2,1616,283.91
O00401,P0027,1,352,63.39
O00401,P0059,5,1015,203.37
O00402,P0080,4,1188,106.67
O00402,P0009,3,4377,367.41
O00402,P0033,5,645,140.58
O00403,P0012,4,2792,732.9
O00404,P0059,4,812,228.26
O00404,P0068,5,1835,377.68
O00405,P0065,5,5825,751.65
O00405,P0049,3,2451,358.0
O00406,P0063,1,617,160.22
O00406,P0076,5,2675,363.56
O00406,P0055,3,594,48.08
O00407,P0067,1,1423,183.28
O00408,P0020,2,2264,378.85
O00408,P0060,4,4620,418.15
O00409,P0083,3,2082,411.73
O00410,P0098,4,5664,473.49
O00410,P0044,3,585,145.76
O00410,P0043,1,1412,267.23
O00411,P0068,2,734,144.96
O00411,P0076,5,2675,383.23
O00411,P0003,1,1350,362.0
O00412,P0052,5,3255,780.09
O00412,P0048,2,2954,590.55
O00413,P0003,1,1350,311.47
O00414,P0002,3,555,123.38
O00415,P0058,1,231,23.53
O00415,P0099,3,2895,339.25
O00416,P0029,3,4218,723.08
O00416,P0002,4,740,92.43
O00417,P0024,3,1332,135.16
O00418,P0067,3,4269,1278.71
O00418,P0015,5,2260,498.52
O00419,P0069,2,1140,310.2
O00420,P0011,2,1816,171.64
O00421,P0078,2,2472,259.42
O00421,P0018,4,460,70.96
O00422,P0029,5,7030,1282.03
O00422,P0096,1,1174,218.22
O00422,P0074,5,3165,446.98
O00423,P0030,3,2418,613.16
O00424,P0100,2,1834,303.22
O00424,P0022,2,774,154.77
O00425,P0043,1,1412,395.93
O00425,P0096,5,5870,1508.37
O00426,P0055,1,198,22.91
O00427,P0066,2,2382,464.15
O00427,P0072,5,1810,222.12
O00428,P0050,3,2274,196.82
O00428,P0078,4,4944,1257.69
O00428,P0008,4,5296,544.35
O00429,P0005,4,3400,430.85
O00429,P0076,2,1070,231.8
O00429,P0050,4,3032,758.49
O00430,P0074,1,633,186.58
O00430,P0053,2,1514,399.08
O00430,P0060,4,4620,936.2
O00431,P0032,4,4180,630.71
O00431,P0046,3,564,69.83
O00432,P0031,1,1431,257.06
O00433,P0094,5,2970,469.83
O00434,P0021,3,4101,913.37
O00434,P0055,4,792,193.99
O00434,P0052,1,651,190.94
O00435,P0062,1,808,88.47
O00435,P0033,1,129,27.2
O00436,P0034,1,915,192.55
O00436,P0058,4,924,174.41
O00436,P0095,5,3835,919.24
O00437,P0004,1,84,18.27
O00437,P0059,1,203,51.35
O00438,P0013,3,645,86.51
O00438,P0058,5,1155,301.31
O00438,P0001,3,4260,377.29
O00439,P0031,1,1431,410.11
O00440,P0018,2,230,53.61
O00440,P0087,4,5020,1505.21
O00440,P0097,3,3696,572.09
O00441,P0056,1,902,265.66
O00441,P0099,3,2895,279.44
O00442,P0081,3,99,16.78
O00442,P0059,1,203,60.06
O00443,P0034,2,1830,432.97
O00443,P0099,2,1930,549.88
O00444,P0001,5,7100,1898.15
O00444,P0030,3,2418,253.75
O00444,P0086,3,1905,474.27
O00445,P0040,1,487,58.53
O00445,P0014,2,214,44.53
O00446,P0099,2,1930,175.24
O00447,P0093,5,3435,845.23
O00447,P0018,1,115,29.73
O00448,P0088,5,5005,1358.69
O00448,P0045,5,2620,380.91
O00448,P0076,5,2675,601.17
O00449,P0035,4,700,171.85
O00450,P0013,3,645,181.98
O00451,P0076,1,535,120.23
O00451,P0031,3,4293,1043.37
O00452,P0002,1,185,18.64
O00453,P0044,1,195,20.18
O00453,P0023,4,2656,237.33
O00453,P0027,3,1056,178.8
O00454,P0022,3,1161,133.44
O00455,P0089,2,766,75.1
O00455,P0081,2,66,7.97
O00455,P0073,5,2925,684.9
O00456,P0092,1,1199,219.98
O00457,P0063,2,1234,144.7
O00457,P0045,5,2620,347.12
O00457,P0068,4,1468,119.15
O00458,P0003,3,4050,837.83
O00458,P0067,2,2846,536.14
O00458,P0008,2,2648,246.43
O00459,P0096,5,5870,1330.81
O00460,P0052,5,3255,470.01
O00461,P0053,4,3028,890.89
O00462,P0065,5,5825,834.64
O00462,P0029,2,2812,606.28
O00463,P0046,4,752,102.35
O00464,P0010,4,756,60.72
O00464,P0045,1,524,88.67
O00464,P0091,2,2886,705.03
O00465,P0071,2,636,131.56
O00465,P0042,5,4520,480.91
O00465,P0073,2,1170,127.69
O00466,P0050,2,1516,454.18
O00467,P0027,1,352,84.79
O00467,P0079,4,3828,418.22
O00467,P0023,2,1328,187.04
O00468,P0045,5,2620,211.22
O00469,P0059,1,203,53.31
O00470,P0088,4,4004,414.53
O00471,P0051,4,828,92.54
O00472,P0086,1,635,172.17
O00472,P0014,3,321,94.69
O00472,P0025,4,1260,283.62
O00473,P0067,3,4269,757.96
O00473,P0094,2,1188,319.22
O00473,P0016,2,2874,360.66
O00474,P0080,2,594,161.21
O00474,P0007,2,1988,373.31
O00475,P0054,4,916,83.14
O00475,P0033,1,129,22.62
O00476,P0092,1,1199,302.04
O00477,P0084,4,2820,550.86
O00478,P0055,4,792,82.6
O00479,P0077,2,2992,425.94
O00479,P0029,2,2812,488.59
O00480,P0038,4,5272,1333.04
O00481,P0086,1,635,132.73
O00481,P0063,3,1851,271.55
O00481,P0096,2,2348,419.95
O00482,P0083,3,2082,551.07
O00482,P0093,4,2748,382.85
O00482,P0084,4,2820,362.44
O00483,P0055,1,198,49.86
O00484,P0009,4,5836,960.65
O00484,P0083,5,3470,666.7
O00484,P0087,2,2510,261.45
O00485,P0013,3,645,125.68
O00485,P0058,1,231,32.29
O00485,P0085,5,6765,1731.04
O00486,P0075,4,708,59.8
O00486,P0020,5,5660,1644.65
O00486,P0087,1,1255,167.0
O00487,P0099,3,2895,747.3
O00487,P0094,5,2970,796.81
O00488,P0010,5,945,267.25
O00488,P0025,4,1260,371.75
O00488,P0084,1,705,79.52
O00489,P0051,3,621,154.67
O00490,P0024,4,1776,363.99
O00490,P0025,1,315,58.53
O00490,P0081,2,66,6.85
O00491,P0064,4,3256,440.4
O00491,P0022,3,1161,242.61
O00492,P0030,4,3224,733.02
O00492,P0006,5,3960,809.22
O00492,P0089,3,1149,116.21
O00493,P0011,5,4540,559.23
O00493,P0097,2,2464,373.14
O00494,P0032,3,3135,575.91
O00494,P0024,2,888,175.07
O00495,P0099,2,1930,337.33
O00495,P0078,5,6180,516.74
O00496,P0038,1,1318,269.31
O00497,P0008,2,2648,451.12
O00498,P0087,2,2510,458.72
O00499,P0017,1,993,101.86
O00499,P0037,5,3440,609.16
O00499,P0007,2,1988,255.58
O00500,P0004,2,168,27.15
O00501,P0015,3,1356,111.97
O00502,P0074,4,2532,269.56
O00502,P0042,3,2712,600.61
O00502,P0004,4,336,92.9
O00503,P0037,3,2064,584.49
O00504,P0037,1,688,69.19
O00504,P0076,3,1605,407.74
O00504,P0078,5,6180,1509.23
O00505,P0015,1,452,83.49
O00506,P0089,5,1915,223.57
O00506,P0061,1,1242,352.44
O00507,P0051,2,414,105.59
O00507,P0024,3,1332,135.89
O00508,P0064,5,4070,530.94
O00508,P0020,5,5660,798.55
O00508,P0040,4,1948,454.28
O00509,P0100,4,3668,742.34
O00509,P0036,2,2518,216.34
O00510,P0059,5,1015,85.97
O00511,P0045,2,1048,123.51
O00511,P0087,2,2510,330.14
O00512,P0068,2,734,90.35
O00513,P0030,2,1612,176.0
O00514,P0079,1,957,215.87
O00514,P0009,2,2918,630.59
O00515,P0044,1,195,46.73
O00516,P0094,2,1188,190.87
O00516,P0022,3,1161,306.09
O00516,P0056,4,3608,410.82
O00517,P0054,2,458,84.37
O00518,P0027,2,704,114.33
O00519,P0053,2,1514,349.09
O00519,P0034,4,3660,380.18
O00519,P0070,2,1138,144.06
O00520,P0071,4,1272,132.11
O00521,P0073,2,1170,162.1
O00522,P0007,5,4970,1363.98
O00522,P0028,5,5900,1705.06
O00522,P0001,5,7100,1972.2
O00523,P0071,3,954,262.36
O00523,P0091,2,2886,757.09
O00523,P0001,5,7100,1400.31
O00524,P0024,2,888,257.34
O00524,P0096,4,4696,553.52
O00524,P0047,4,1340,189.5
O00525,P0089,5,1915,243.42
O00525,P0046,1,188,23.16
O00526,P0087,4,5020,1254.81
O00526,P0079,4,3828,1087.13
O00527,P0026,1,177,45.18
O00527,P0049,2,1634,454.55
O00527,P0028,2,2360,571.45
O00528,P0034,1,915,185.94
O00528,P0063,4,2468,691.17
O00528,P0009,5,7295,1727.01
O00529,P0059,1,203,39.37
O00530,P0006,2,1584,405.14
O00530,P0004,2,168,47.0
O00530,P0060,5,5775,1552.47
O00531,P0046,1,188,25.03
O00531,P0032,5,5225,514.06
O00531,P0002,5,925,183.39
O00532,P0014,3,321,49.13
O00532,P0033,2,258,67.64
O00533,P0055,4,792,148.83
O00534,P0064,2,1628,417.8
O00535,P0062,1,808,156.71
O00536,P0075,4,708,67.77
O00536,P0096,5,5870,573.11
O00536,P0069,3,1710,310.19
O00537,P0027,3,1056,315.12
O00537,P0085,3,4059,351.47
O00537,P0027,1,352,88.57
O00538,P0021,1,1367,368.86
O00538,P0094,1,594,58.45
O00538,P0006,2,1584,390.71
O00539,P0055,5,990,96.86
O00539,P0082,2,1400,260.08
O00539,P0064,1,814,143.73
O00540,P0058,3,693,64.17
O00540,P0030,5,4030,345.31
O00540,P0076,2,1070,318.27
O00541,P0005,4,3400,774.79
O00541,P0031,5,7155,1588.65
O00542,P0069,3,1710,196.72
O00542,P0070,5,2845,736.31
O00543,P0047,5,1675,332.99
O00543,P0043,3,4236,796.58
O00543,P0040,1,487,55.09
O00544,P0080,5,1485,321.89
O00544,P0027,1,352,52.48
O00545,P0088,1,1001,191.76
O00545,P0021,4,5468,469.02
O00546,P0054,1,229,18.46
O00546,P0036,3,3777,1038.2
O00546,P0059,4,812,126.65
O00547,P0004,1,84,13.4
O00547,P0072,5,1810,254.34
O00548,P0016,4,5748,937.49
O00549,P0064,2,1628,278.15
O00550,P0001,5,7100,923.89
O00550,P0066,3,3573,576.34
O00551,P0039,3,2826,418.89
O00552,P0059,5,1015,165.01
O00553,P0022,5,1935,458.87
O00554,P0016,4,5748,526.91
O00554,P0079,2,1914,254.34
O00554,P0081,5,165,44.27
O00555,P0051,4,828,178.83
O00555,P0043,1,1412,352.89
O00555,P0087,5,6275,757.07
O00556,P0006,1,792,110.02
O00557,P0032,1,1045,282.52
O00558,P0009,5,7295,783.03
O00558,P0022,5,1935,544.42
O00559,P0093,1,687,94.5
O00559,P0083,3,2082,607.26
O00559,P0034,2,1830,366.81
O00560,P0052,4,2604,712.71
O00560,P0043,2,2824,546.29
O00561,P0073,2,1170,229.59
O00561,P0017,1,993,166.76
O00562,P0014,2,214,48.8
O00563,P0089,4,1532,331.21
O00564,P0076,2,1070,208.41
O00564,P0098,3,4248,720.81
O00565,P0009,1,1459,194.63
O00566,P0094,2,1188,191.29
O00566,P0096,5,5870,1026.05
O00567,P0052,3,1953,569.05
O00568,P0096,1,1174,213.24
O00568,P0018,1,115,30.0
O00569,P0022,4,1548,177.2
O00569,P0077,3,4488,1107.12
O00570,P0047,2,670,113.04
O00571,P0090,3,2019,312.51
O00572,P0056,2,1804,260.94
O00572,P0087,1,1255,285.02
O00572,P0081,4,132,21.52
O00573,P0046,3,564,152.21
O00573,P0095,5,3835,792.53
O00574,P0043,5,7060,1987.96
O00574,P0045,1,524,130.92
O00574,P0032,1,1045,168.29
O00575,P0099,5,4825,936.65
O00575,P0100,3,2751,420.74
O00575,P0069,2,1140,207.99
O00576,P0058,1,231,52.72
O00576,P0084,3,2115,186.67
O00576,P0002,1,185,55.22
O00577,P0090,2,1346,168.28
O00577,P0071,2,636,80.11
O00578,P0088,2,2002,525.08
O00578,P0088,3,3003,628.13
O00579,P0052,1,651,108.61
O00579,P0022,2,774,199.29
O00579,P0024,1,444,44.32
O00580,P0021,5,6835,1230.6
O00580,P0085,4,5412,1291.71
O00580,P0030,1,806,161.01
O00581,P0066,2,2382,316.9
O00581,P0049,1,817,178.75
O00581,P0057,2,2320,437.01
O00582,P0081,4,132,29.26
O00583,P0079,1,957,262.34
O00584,P0081,1,33,9.58
O00585,P0022,5,1935,366.23
O00585,P0075,3,531,158.3
O00585,P0008,1,1324,240.41
O00586,P0077,4,5984,1504.14
O00586,P0035,5,875,241.68
O00586,P0075,1,177,49.65
O00587,P0028,1,1180,353.29
O00588,P0093,5,3435,355.47
O00589,P0011,1,908,182.46
O00589,P0078,5,6180,1206.65
O00590,P0033,2,258,59.71
O00591,P0012,4,2792,614.53
O00591,P0012,4,2792,385.45
O00592,P0068,5,1835,195.12
O00592,P0035,4,700,197.17
O00593,P0070,2,1138,189.12
O00593,P0075,5,885,225.02
O00593,P0059,2,406,111.61
O00594,P0010,3,567,120.66
O00595,P0059,5,1015,223.95
O00596,P0088,3,3003,312.16
O00596,P0080,3,891,115.55
O00596,P0073,4,2340,459.99
O00597,P0068,1,367,76.72
O00597,P0036,4,5036,618.6
O00598,P0008,2,2648,760.38
O00598,P0023,5,3320,705.27
O00598,P0056,2,1804,173.49
O00599,P0051,3,621,95.47
O00599,P0048,4,5908,572.39
O00600,P0001,1,1420,330.85
O00600,P0016,3,4311,468.22
O00601,P0057,4,4640,1331.43
O00601,P0048,1,1477,387.72
O00601,P0004,1,84,21.1
O00602,P0070,2,1138,214.31
O00602,P0026,4,708,123.41
O00603,P0096,1,1174,228.05
O00603,P0006,1,792,83.66
O00603,P0057,2,2320,403.29
O00604,P0047,1,335,96.36
O00605,P0051,5,1035,284.3
O00606,P0055,4,792,132.68
O00606,P0023,5,3320,330.15
O00607,P0086,4,2540,289.25
O00608,P0034,1,915,137.69
O00608,P0067,2,2846,290.26
O00609,P0050,2,1516,206.0
O00610,P0058,3,693,63.38
O00610,P0051,4,828,158.97
O00611,P0062,4,3232,665.3
O00612,P0044,4,780,135.24
O00612,P0035,5,875,194.0
O00613,P0081,5,165,20.85
O00614,P0021,3,4101,590.09
O00614,P0097,1,1232,129.95
O00614,P0083,3,2082,577.13
O00615,P0051,5,1035,307.12
O00616,P0070,3,1707,248.64
O00617,P0093,5,3435,831.49
O00617,P0009,5,7295,802.66
O00618,P0067,2,2846,374.03
O00619,P0097,5,6160,1473.77
O00619,P0038,1,1318,135.15
O00620,P0012,4,2792,647.87
O00620,P0093,1,687,146.5
O00621,P0008,5,6620,1065.91
O00622,P0034,5,4575,1078.15
O00622,P0008,3,3972,567.47
O00622,P0030,2,1612,460.53
O00623,P0088,4,4004,1194.06
O00623,P0071,5,1590,409.6
O00623,P0079,4,3828,943.1
O00624,P0057,5,5800,1259.94
O00624,P0027,4,1408,350.11
O00624,P0071,5,1590,409.86
O00625,P0043,3,4236,1112.64
O00625,P0040,5,2435,601.66
O00625,P0050,4,3032,302.36
O00626,P0006,3,2376,265.97
O00626,P0030,3,2418,501.59
O00626,P0043,5,7060,950.31
O00627,P0036,5,6295,646.17
O00627,P0064,1,814,203.42
O00628,P0036,5,6295,1360.55
O00628,P0043,2,2824,818.18
O00629,P0009,1,1459,176.09
O00630,P0044,3,585,147.25
O00631,P0086,4,2540,518.32
O00631,P0043,1,1412,239.64
O00632,P0024,1,444,132.23
O00632,P0045,4,2096,239.15
O00632,P0056,1,902,162.88
O00633,P0067,1,1423,314.8
O00633,P0051,2,414,101.36
O00634,P0001,5,7100,2041.02
O00634,P0040,2,974,189.34
O00635,P0060,3,3465,788.05
O00636,P0082,3,2100,468.39
O00636,P0002,5,925,102.19
O00636,P0009,5,7295,1798.53
O00637,P0095,1,767,212.76
O00637,P0099,4,3860,1062.28
O00638,P0093,2,1374,382.65
O00639,P0084,5,3525,618.68
O00639,P0060,1,1155,231.96
O00639,P0027,2,704,119.24
O00640,P0036,5,6295,1440.56
O00640,P0060,4,4620,1041.36
O00641,P0063,5,3085,506.36
O00642,P0021,3,4101,695.22
O00642,P0050,1,758,214.64
O00643,P0067,1,1423,289.72
O00644,P0023,1,664,151.29
O00644,P0068,2,734,182.49
O00645,P0087,3,3765,774.58
O00645,P0009,1,1459,197.58
O00645,P0080,2,594,149.09
O00646,P0059,5,1015,114.46
O00646,P0021,5,6835,1744.17
O00647,P0088,5,5005,699.79
O00647,P0065,1,1165,312.24
O00648,P0052,4,2604,639.32
O00649,P0074,1,633,143.63
O00650,P0100,4,3668,777.93
O00650,P0072,4,1448,135.78
O00650,P0004,1,84,8.88
O00651,P0027,5,1760,219.04
O00651,P0019,1,1421,322.61
O00652,P0002,3,555,144.96
O00652,P0090,1,673,60.93
O00652,P0078,1,1236,200.9
O00653,P0071,5,1590,353.97
O00654,P0042,3,2712,592.76
O00655,P0034,3,2745,252.41
O00656,P0025,2,630,170.0
O00656,P0054,5,1145,140.95
O00657,P0082,4,2800,619.52
O00657,P0001,2,2840,258.63
O00657,P0072,3,1086,139.56
O00658,P0018,3,345,28.88
O00658,P0092,4,4796,848.62
O00659,P0058,3,693,115.01
O00659,P0003,1,1350,320.15
O00659,P0061,4,4968,1365.19
O00660,P0011,4,3632,900.2
O00660,P0054,4,916,208.58
O00660,P0011,5,4540,500.23
O00661,P0100,5,4585,1172.42
O00662,P0096,4,4696,1124.68
O00662,P0027,4,1408,398.5
O00662,P0023,1,664,196.57
O00663,P0005,5,4250,402.45
O00663,P0016,3,4311,366.44
O00663,P0058,5,1155,263.82
O00664,P0001,1,1420,416.72
O00664,P0067,2,2846,354.57
O00665,P0081,1,33,9.44
O00666,P0032,3,3135,743.88
O00666,P0058,2,462,57.55
O00667,P0058,1,231,42.22
O00667,P0066,1,1191,216.92
O00668,P0039,2,1884,431.75
O00669,P0038,5,6590,764.07
O00670,P0084,1,705,90.35
O00670,P0071,4,1272,168.35
O00671,P0017,3,2979,325.06
O00671,P0067,4,5692,1139.22
O00671,P0089,3,1149,186.96
O00672,P0057,2,2320,414.0
O00673,P0059,5,1015,147.46
O00673,P0062,3,2424,509.92
O00673,P0002,2,370,99.98
O00674,P0003,1,1350,149.83
O00674,P0083,4,2776,401.64
O00675,P0021,1,1367,239.03
O00676,P0017,1,993,131.11
O00676,P0096,2,2348,540.16
O00677,P0052,4,2604,477.8
O00678,P0060,2,2310,644.74
O00679,P0005,4,3400,771.12
O00679,P0092,2,2398,674.65
O00679,P0026,1,177,14.71
O00680,P0065,1,1165,318.28
O00681,P0066,5,5955,1560.28
O00681,P0028,1,1180,257.5
O00681,P0036,3,3777,733.77
O00682,P0044,2,390,80.32
O00682,P0063,3,1851,447.2
O00683,P0072,5,1810,319.18
O00683,P0088,4,4004,1083.68
O00684,P0018,5,575,76.74
O00685,P0038,5,6590,784.13
O00686,P0089,3,1149,195.16
O00686,P0041,3,3456,450.52
O00686,P0068,4,1468,427.41
O00687,P0063,4,2468,623.99
O00688,P0063,5,3085,734.91
O00688,P0066,4,4764,803.27
O00688,P0055,1,198,35.6
O00689,P0015,1,452,76.2
O00689,P0030,4,3224,425.27
O00689,P0037,4,2752,533.95
O00690,P0039,1,942,151.02
O00691,P0021,4,5468,1087.79
O00692,P0057,2,2320,277.7
O00693,P0005,3,2550,387.95
O00693,P0012,2,1396,138.15
O00693,P0093,4,2748,630.18
O00694,P0087,3,3765,313.49
O00694,P0006,3,2376,471.87
O00694,P0087,4,5020,1436.49
O00695,P0061,3,3726,630.01
O00695,P0087,2,2510,605.28
O00695,P0074,5,3165,706.7
O00696,P0058,1,231,68.37
O00697,P0032,3,3135,642.46
O00698,P0098,5,7080,2053.74
O00698,P0010,5,945,198.39
O00699,P0041,3,3456,455.32
O00699,P0072,5,1810,387.29
O00699,P0061,3,3726,940.21
O00700,P0075,2,354,38.2
O00701,P0080,3,891,227.78
O00702,P0039,2,1884,425.24
O00702,P0002,5,925,162.15
O00702,P0077,5,7480,1777.89
O00703,P0009,5,7295,2138.85
O00703,P0095,2,1534,223.34
O00704,P0015,3,1356,360.9
O00704,P0016,5,7185,1384.44
O00704,P0007,1,994,221.07
O00705,P0099,3,2895,519.39
O00705,P0064,5,4070,780.05
O00706,P0099,4,3860,386.64
O00707,P0041,2,2304,638.08
O00708,P0003,4,5400,895.91
O00708,P0090,2,1346,267.37
O00709,P0078,2,2472,212.02
O00709,P0065,5,5825,1045.25
O00709,P0055,4,792,199.31
O00710,P0025,1,315,75.06
O00710,P0071,4,1272,240.25
O00710,P0042,5,4520,851.31
O00711,P0076,2,1070,287.34
O00711,P0048,5,7385,2077.92
O00711,P0027,5,1760,333.33
O00712,P0079,2,1914,287.91
O00713,P0046,2,376,70.94
O00713,P0003,1,1350,342.79
O00713,P0015,5,2260,339.04
O00714,P0003,1,1350,226.38
O00714,P0088,2,2002,460.69
O00714,P0091,2,2886,464.96
O00715,P0028,3,3540,970.9
O00715,P0089,3,1149,282.91
O00715,P0052,4,2604,426.55
O00716,P0041,3,3456,797.76
O00716,P0005,5,4250,375.83
O00716,P0027,1,352,41.16
O00717,P0025,2,630,158.28
O00717,P0065,3,3495,935.07
O00717,P0061,3,3726,504.0
O00718,P0048,4,5908,1071.42
O00718,P0063,4,2468,303.92
O00718,P0002,3,555,145.31
O00719,P0085,3,4059,490.54
O00719,P0012,2,1396,306.38
O00719,P0026,2,354,81.55
O00720,P0081,5,165,43.94
O00720,P0010,4,756,198.58
O00720,P0090,2,1346,364.21
O00721,P0059,5,1015,295.67
O00722,P0070,1,569,88.1
O00722,P0065,2,2330,320.05
O00722,P0057,3,3480,421.26
O00723,P0094,4,2376,283.07
O00723,P0055,3,594,98.36
O00724,P0054,2,458,77.31
O00724,P0057,5,5800,746.83
O00724,P0072,2,724,112.6
O00725,P0004,3,252,25.83
O00725,P0034,5,4575,472.9
O00725,P0068,4,1468,236.69
O00726,P0033,4,516,100.19
O00727,P0027,5,1760,266.4
O00727,P0097,5,6160,927.06
O00728,P0063,3,1851,483.98
O00728,P0083,2,1388,113.36
O00729,P0011,5,4540,483.03
O00729,P0023,5,3320,867.69
O00730,P0091,1,1443,405.56
O00731,P0053,4,3028,352.03
O00731,P0082,2,1400,272.64
O00731,P0095,3,2301,478.69
O00732,P0052,1,651,64.4
O00732,P0072,3,1086,137.1
O00733,P0012,1,698,105.78
O00733,P0091,4,5772,598.3
O00734,P0038,2,2636,273.06
O00734,P0076,2,1070,171.78
O00735,P0081,4,132,24.38
O00736,P0039,1,942,124.71
O00736,P0018,4,460,82.07
O00736,P0010,3,567,51.07
O00737,P0030,3,2418,700.25
O00737,P0073,2,1170,273.04
O00737,P0046,1,188,26.76
O00738,P0063,1,617,154.74
O00739,P0087,4,5020,824.51
O00740,P0005,1,850,198.17
O00740,P0095,5,3835,705.78
O00740,P0078,1,1236,263.41
O00741,P0100,4,3668,298.87
O00742,P0071,2,636,83.76
O00742,P0048,5,7385,1446.66
O00743,P0045,4,2096,242.75
O00743,P0085,2,2706,773.21
O00744,P0001,4,5680,974.34
O00744,P0081,3,99,26.74
O00744,P0017,5,4965,950.38
O00745,P0014,5,535,94.85
O00745,P0013,3,645,174.0
O00746,P0026,4,708,166.62
O00747,P0020,3,3396,1006.21
O00747,P0091,3,4329,861.89
O00747,P0047,3,1005,242.44
O00748,P0033,3,387,98.78
O00748,P0077,3,4488,1136.69
O00749,P0072,3,1086,129.35
O00749,P0036,2,2518,370.14
O00749,P0027,5,1760,493.34
O00750,P0072,4,1448,429.74
O00751,P0039,2,1884,537.25
O00752,P0049,1,817,73.07
O00753,P0026,3,531,117.15
O00753,P0016,5,7185,1598.05
O00754,P0030,1,806,234.43
O00755,P0032,1,1045,267.36
O00756,P0001,1,1420,178.69
O00756,P0022,3,1161,179.7
O00757,P0036,5,6295,786.25
O00758,P0066,4,4764,963.38
O00758,P0054,2,458,105.36
O00758,P0067,3,4269,626.34
O00759,P0088,5,5005,1079.68
O00759,P0100,4,3668,766.67
O00759,P0082,4,2800,312.75
O00760,P0093,2,1374,237.81
O00760,P0019,4,5684,1354.27
O00760,P0067,3,4269,945.55
O00761,P0069,1,570,61.87
O00762,P0056,2,1804,509.15
O00762,P0069,3,1710,215.48
O00762,P0050,1,758,148.33
O00763,P0051,5,1035,266.72
O00764,P0084,2,1410,171.87
O00765,P0048,2,2954,366.41
O00766,P0064,1,814,177.39
O00767,P0057,1,1160,107.85
O00767,P0095,1,767,210.78
O00767,P0090,5,3365,450.39
O00768,P0047,4,1340,154.41
O00768,P0054,5,1145,208.28
O00769,P0099,5,4825,561.21
O00770,P0094,4,2376,461.21
O00770,P0058,1,231,52.28
O00771,P0010,2,378,105.07
O00772,P0048,4,5908,889.67
O00772,P0006,3,2376,483.87
O00773,P0020,4,4528,497.39
O00773,P0016,2,2874,775.41
O00774,P0021,3,4101,456.6
O00775,P0023,5,3320,862.09
O00776,P0007,4,3976,652.58
O00776,P0072,5,1810,240.8
O00776,P0069,1,570,94.82
O00777,P0073,2,1170,278.49
O00777,P0075,1,177,39.29
O00777,P0005,2,1700,159.68
O00778,P0030,2,1612,199.29
O00778,P0074,2,1266,359.13
O00778,P0032,5,5225,1529.13
O00779,P0060,3,3465,415.78
O00780,P0062,5,4040,1172.18
O00781,P0085,2,2706,657.61
O00781,P0083,2,1388,402.76
O00781,P0040,4,1948,498.43
O00782,P0032,5,5225,504.63
O00782,P0010,3,567,74.83
O00782,P0022,5,1935,216.05
O00783,P0090,3,2019,451.71
O00784,P0079,2,1914,485.5
O00784,P0002,5,925,115.35
O00784,P0074,5,3165,907.51
O00785,P0007,4,3976,424.93
O00785,P0013,4,860,208.26
O00786,P0065,2,2330,269.22
O00786,P0096,4,4696,675.12
O00787,P0007,5,4970,761.29
O00788,P0049,5,4085,1055.43
O00788,P0004,4,336,72.06
O00789,P0019,1,1421,170.1
O00789,P0063,4,2468,525.17
O00789,P0061,5,6210,1096.28
O00790,P0032,5,5225,618.39
O00791,P0072,2,724,66.75
O00792,P0025,5,1575,288.34
O00793,P0073,4,2340,557.22
O00793,P0098,2,2832,532.05
O00793,P0063,3,1851,204.39
O00794,P0030,5,4030,537.87
O00794,P0098,2,2832,244.05
O00794,P0075,1,177,19.41
O00795,P0040,4,1948,468.35
O00795,P0100,1,917,183.91
O00796,P0075,1,177,48.56
O00797,P0084,5,3525,661.18
O00797,P0029,4,5624,1091.6
O00798,P0063,5,3085,544.32
O00798,P0100,2,1834,426.46
O00798,P0033,3,387,87.78
O00799,P0016,2,2874,379.64
O00799,P0086,5,3175,529.45
O00800,P0080,1,297,36.96
O00801,P0089,3,1149,151.65
O00801,P0091,4,5772,1281.32
O00802,P0033,5,645,97.11
O00802,P0042,4,3616,342.11
O00802,P0048,2,2954,856.37
O00803,P0040,5,2435,676.15
O00803,P0031,1,1431,121.67
O00803,P0096,2,2348,519.94
O00804,P0020,5,5660,1385.8
O00805,P0032,1,1045,104.86
O00805,P0084,2,1410,261.07
O00805,P0059,5,1015,124.26
O00806,P0018,2,230,64.53
O00806,P0086,5,3175,544.29
O00806,P0057,4,4640,455.57
O00807,P0034,5,4575,869.11
O00807,P0009,5,7295,2136.2
O00807,P0085,2,2706,453.31
O00808,P0009,2,2918,703.2
O00808,P0017,1,993,124.71
O00808,P0080,1,297,80.39
O00809,P0011,4,3632,618.26
O00809,P0043,2,2824,259.16
O00809,P0031,5,7155,1786.62
O00810,P0022,1,387,40.83
O00810,P0020,4,4528,763.39
O00810,P0093,2,1374,385.99
O00811,P0044,1,195,42.09
O00812,P0083,4,2776,305.13
O00813,P0008,5,6620,1636.39
O00813,P0058,2,462,57.08
O00814,P0092,2,2398,211.37
O00814,P0094,5,2970,363.34
O00814,P0073,4,2340,360.85
O00815,P0037,1,688,154.99
O00815,P0030,4,3224,719.4
O00815,P0096,3,3522,883.54
O00816,P0061,2,2484,616.43
O00817,P0024,2,888,90.67
O00817,P0043,3,4236,360.04
O00818,P0063,4,2468,536.98
O00818,P0098,2,2832,800.96
O00818,P0051,1,207,42.81
O00819,P0095,2,1534,173.39
O00819,P0058,3,693,112.7
O00820,P0046,5,940,115.25
O00821,P0001,3,4260,1017.06
O00821,P0013,1,215,55.53
O00822,P0069,1,570,146.59
O00822,P0036,2,2518,597.89
O00822,P0060,5,5775,1219.48
O00823,P0051,5,1035,195.87
O00824,P0018,1,115,14.99
O00825,P0081,1,33,3.67
O00825,P0050,2,1516,262.65
O00826,P0028,5,5900,895.98
O00826,P0028,3,3540,584.88
O00827,P0003,2,2700,718.73
O00828,P0082,1,700,192.77
O00828,P0069,2,1140,97.63
O00829,P0076,1,535,92.52
O00829,P0067,3,4269,918.41
O00830,P0035,2,350,70.93
O00830,P0024,3,1332,124.23
O00831,P0043,5,7060,660.35
O00831,P0084,1,705,123.28
O00831,P0054,5,1145,97.24
O00832,P0066,2,2382,256.84
O00833,P0024,5,2220,495.11
O00833,P0096,1,1174,182.35
O00834,P0069,2,1140,298.8
O00834,P0067,1,1423,183.29
O00835,P0093,3,2061,179.56
O00835,P0012,1,698,74.99
O00835,P0069,5,2850,455.72
O00836,P0056,4,3608,736.66
O00836,P0072,4,1448,233.25
O00837,P0098,5,7080,667.46
O00837,P0065,4,4660,977.79
O00838,P0038,3,3954,564.27
O00838,P0069,2,1140,328.4
O00839,P0030,4,3224,854.83
O00839,P0079,2,1914,505.47
O00840,P0096,4,4696,824.25
O00840,P0077,1,1496,134.2
O00841,P0020,1,1132,289.11
O00842,P0006,1,792,70.11
O00842,P0095,1,767,197.38
O00842,P0032,4,4180,843.71
O00843,P0090,4,2692,451.45
O00844,P0065,4,4660,538.75
O00845,P0074,1,633,126.45
O00845,P0001,5,7100,720.18
O00845,P0080,3,891,159.05
O00846,P0059,5,1015,88.01
O00847,P0088,1,1001,294.62
O00847,P0044,1,195,35.48
O00847,P0004,2,168,32.23
O00848,P0077,4,5984,612.56
O00848,P0083,1,694,126.05
O00849,P0080,3,891,86.9
O00850,P0035,3,525,83.71
O00851,P0077,3,4488,844.85
O00851,P0002,2,370,94.8
O00851,P0090,2,1346,141.5
O00852,P0091,1,1443,120.97
O00853,P0008,2,2648,415.11
O00853,P0059,5,1015,232.23
O00854,P0071,4,1272,298.6
O00854,P0072,5,1810,245.85
O00855,P0065,2,2330,248.17
O00856,P0045,3,1572,194.57
O00857,P0040,2,974,207.98
O00857,P0035,2,350,91.34
O00857,P0041,4,4608,1303.3
O00858,P0097,4,4928,867.81
O00858,P0014,2,214,20.84
O00859,P0043,1,1412,275.93
O00859,P0041,2,2304,538.87
O00859,P0049,4,3268,275.09
O00860,P0089,3,1149,193.79
O00861,P0046,1,188,27.89
O00861,P0085,3,4059,884.47
O00862,P0063,1,617,157.29
O00863,P0097,4,4928,1032.28
O00864,P0059,4,812,87.17
O00864,P0038,3,3954,348.81
O00864,P0014,3,321,67.03
O00865,P0089,5,1915,181.83
O00865,P0055,5,990,244.14
O00865,P0098,3,4248,876.44
O00866,P0004,2,168,38.12
O00866,P0052,1,651,97.43
O00867,P0065,1,1165,158.69
O00868,P0040,5,2435,215.1
O00868,P0033,5,645,93.83
O00868,P0088,5,5005,1305.19
O00869,P0050,5,3790,744.44
O00869,P0012,4,2792,615.79
O00870,P0006,1,792,97.98
O00870,P0014,5,535,94.47
O00870,P0015,1,452,117.07
O00871,P0021,5,6835,1383.67
O00871,P0088,3,3003,307.66
O00872,P0047,1,335,37.74
O00872,P0023,4,2656,379.98
O00873,P0066,4,4764,884.09
O00874,P0023,2,1328,174.4
O00874,P0086,2,1270,314.56
O00875,P0038,2,2636,333.21
O00875,P0023,5,3320,754.77
O00876,P0056,3,2706,563.47
O00876,P0006,1,792,236.85
O00876,P0088,4,4004,1031.2
O00877,P0079,3,2871,333.99
O00878,P0010,2,378,32.43
O00878,P0055,4,792,72.24
O00879,P0068,5,1835,487.62
O00879,P0002,1,185,18.42
O00880,P0050,2,1516,341.66
O00881,P0070,1,569,124.49
O00881,P0070,3,1707,172.27
O00881,P0070,5,2845,818.27
O00882,P0059,2,406,65.47
O00883,P0090,5,3365,692.33
O00883,P0052,5,3255,621.64
O00883,P0045,5,2620,468.16
O00884,P0041,1,1152,113.32
O00885,P0100,1,917,220.82
O00885,P0099,5,4825,920.62
O00886,P0086,3,1905,541.24
O00886,P0080,5,1485,128.78
O00886,P0057,1,1160,340.47
O00887,P0064,3,2442,358.74
O00887,P0099,2,1930,222.64
O00888,P0060,4,4620,1331.93
O00889,P0031,5,7155,1380.14
O00889,P0048,2,2954,607.46
O00890,P0011,5,4540,736.55
O00890,P0048,1,1477,293.34
O00891,P0012,1,698,95.69
O00892,P0041,4,4608,849.47
O00893,P0074,1,633,166.06
O00893,P0033,2,258,68.44
O00894,P0063,5,3085,304.58
O00894,P0086,5,3175,535.66
O00895,P0097,1,1232,351.75
O00895,P0092,5,5995,1654.73
O00895,P0089,5,1915,267.13
O00896,P0031,5,7155,1627.7
O00897,P0019,5,7105,803.55
O00897,P0006,4,3168,656.7
O00897,P0075,4,708,160.16
O00898,P0037,3,2064,184.71
O00899,P0078,2,2472,585.73
O00899,P0021,3,4101,1144.34
O00900,P0014,5,535,92.65
O00901,P0055,4,792,71.03
O00901,P0082,5,3500,774.59
O00902,P0042,4,3616,515.3
O00903,P0096,5,5870,1190.44
O00903,P0018,3,345,82.47
O00903,P0092,3,3597,372.44
O00904,P0035,5,875,223.59
O00904,P0078,4,4944,593.18
O00905,P0039,1,942,258.72
O00905,P0014,4,428,100.34
O00905,P0079,3,2871,757.14
O00906,P0081,4,132,26.44
O00906,P0042,3,2712,775.15
O00907,P0025,1,315,43.61
O00907,P0004,5,420,62.47
O00908,P0023,4,2656,219.27
O00909,P0067,3,4269,437.51
O00909,P0063,2,1234,142.1
O00909,P0088,3,3003,623.42
O00910,P0071,4,1272,178.78
O00911,P0093,2,1374,110.02
O00911,P0023,5,3320,966.9
O00911,P0097,2,2464,341.27
O00912,P0074,5,3165,738.3
O00912,P0096,2,2348,505.05
O00913,P0061,2,2484,737.01
O00913,P0098,4,5664,1050.64
O00914,P0083,4,2776,589.7
O00914,P0096,1,1174,203.67
O00914,P0089,5,1915,504.15
O00915,P0031,3,4293,413.19
O00916,P0072,5,1810,501.61
O00917,P0030,2,1612,255.83
O00917,P0084,5,3525,778.4
O00917,P0035,2,350,104.89
O00918,P0095,4,3068,318.31
O00919,P0037,4,2752,655.9
O00920,P0092,3,3597,435.41
O00921,P0031,1,1431,403.6
O00922,P0024,5,2220,427.19
O00922,P0005,4,3400,520.67
O00923,P0063,1,617,172.88
O00923,P0098,3,4248,1186.95
O00923,P0075,3,531,130.15
O00924,P0065,2,2330,320.79
O00924,P0022,5,1935,196.25
O00925,P0025,1,315,85.7
O00925,P0089,3,1149,161.08
O00926,P0059,4,812,136.78
O00926,P0036,1,1259,230.91
O00926,P0077,4,5984,1659.04
O00927,P0095,1,767,191.69
O00927,P0044,2,390,91.28
O00927,P0026,5,885,175.6
O00928,P0033,1,129,25.84
O00928,P0067,1,1423,385.04
O00928,P0068,4,1468,386.57
O00929,P0060,1,1155,161.39
O00930,P0003,3,4050,692.61
O00930,P0009,1,1459,369.42
O00931,P0074,5,3165,381.81
O00931,P0047,4,1340,291.92
O00932,P0074,5,3165,547.17
O00932,P0048,5,7385,1593.9
O00933,P0035,5,875,146.2
O00934,P0053,5,3785,669.48
O00934,P0076,5,2675,438.31
O00934,P0011,3,2724,630.64
O00935,P0055,3,594,91.99
O00936,P0094,3,1782,457.6
O00936,P0049,1,817,85.25
O00937,P0001,2,2840,678.54
O00937,P0037,2,1376,127.82
O00937,P0081,4,132,39.45
O00938,P0058,4,924,254.67
O00939,P0050,3,2274,238.65
O00940,P0092,1,1199,207.36
O00940,P0059,1,203,26.38
O00941,P0057,5,5800,1424.45
O00941,P0090,5,3365,867.0
O00941,P0053,2,1514,261.43
O00942,P0037,4,2752,810.99
O00943,P0080,2,594,60.59
O00943,P0051,5,1035,141.98
O00943,P0049,3,2451,519.34
O00944,P0011,4,3632,296.7
O00944,P0040,1,487,102.61
O00945,P0091,5,7215,1055.19
O00945,P0068,2,734,106.96
O00945,P0085,5,6765,913.6
O00946,P0027,3,1056,298.33
O00947,P0031,3,4293,1085.33
O00947,P0093,5,3435,738.34
O00948,P0068,4,1468,250.0
O00948,P0052,3,1953,495.32
O00949,P0044,2,390,32.43
O00949,P0031,3,4293,640.71
O00950,P0028,4,4720,1162.91
O00950,P0008,3,3972,787.46
O00951,P0074,5,3165,566.97
O00952,P0036,3,3777,1103.82
O00952,P0011,2,1816,457.41
O00953,P0049,1,817,141.78
O00953,P0005,2,1700,456.53
O00953,P0070,3,1707,233.48
O00954,P0060,4,4620,1165.72
O00954,P0018,2,230,57.38
O00955,P0007,3,2982,274.11
O00955,P0038,4,5272,1155.5
O00956,P0038,5,6590,1030.31
O00956,P0088,1,1001,82.1
O00956,P0013,4,860,99.12
O00957,P0067,1,1423,168.6
O00958,P0066,2,2382,695.36
O00958,P0049,4,3268,569.29
O00959,P0046,4,752,111.55
O00959,P0070,2,1138,282.27
O00960,P0065,1,1165,193.19
O00960,P0054,1,229,22.3
O00960,P0013,3,645,152.23
O00961,P0016,1,1437,232.73
O00962,P0042,3,2712,535.21
O00962,P0059,5,1015,223.98
O00962,P0070,1,569,46.29
O00963,P0097,1,1232,127.93
O00963,P0029,5,7030,1360.86
O00963,P0011,4,3632,675.06
O00964,P0041,5,5760,622.81
O00964,P0077,1,1496,176.58
O00965,P0032,3,3135,557.09
O00965,P0048,1,1477,420.67
O00965,P0065,3,3495,622.62
O00966,P0072,4,1448,368.31
O00966,P0026,2,354,78.05
O00966,P0076,4,2140,207.05
O00967,P0062,1,808,228.09
O00967,P0098,1,1416,176.8
O00967,P0039,3,2826,368.33
O00968,P0049,3,2451,319.01
O00968,P0011,3,2724,635.28
O00969,P0053,4,3028,819.4
O00969,P0068,5,1835,166.22
O00969,P0019,5,7105,1116.04
O00970,P0008,2,2648,426.51
O00970,P0044,3,585,168.81
O00970,P0050,2,1516,224.59
O00971,P0077,5,7480,1741.62
O00972,P0066,5,5955,901.26
O00973,P0062,3,2424,618.9
O00973,P0017,3,2979,269.22
O00974,P0019,4,5684,772.92
O00974,P0009,3,4377,624.8
O00974,P0039,4,3768,582.08
O00975,P0059,2,406,108.0
O00976,P0061,1,1242,137.6
O00977,P0077,2,2992,854.59
O00978,P0025,3,945,235.63
O00978,P0046,5,940,233.47
O00979,P0077,4,5984,1376.79
O00979,P0065,5,5825,1405.9
O00979,P0013,1,215,38.52
O00980,P0096,2,2348,313.31
O00980,P0076,3,1605,356.17
O00981,P0037,2,1376,258.2
O00981,P0056,1,902,110.19
O00981,P0045,5,2620,520.22
O00982,P0054,2,458,119.23
O00982,P0008,4,5296,835.7
O00982,P0087,1,1255,281.26
O00983,P0062,1,808,172.49
O00984,P0088,2,2002,524.27
O00984,P0006,3,2376,362.03
O00985,P0084,2,1410,123.1
O00985,P0068,5,1835,548.21
O00985,P0032,2,2090,316.63
O00986,P0070,5,2845,746.94
O00986,P0090,3,2019,438.75
O00986,P0004,2,168,25.67
O00987,P0025,3,945,78.06
O00988,P0061,1,1242,240.0
O00988,P0074,4,2532,447.96
O00988,P0081,5,165,23.6
O00989,P0015,4,1808,282.0
O00990,P0049,3,2451,333.1
O00991,P0033,3,387,53.24
O00991,P0092,4,4796,440.12
O00991,P0044,5,975,123.1
O00992,P0028,3,3540,819.35
O00992,P0017,4,3972,844.48
O00992,P0046,2,376,67.33
O00993,P0031,1,1431,119.38
O00993,P0064,3,2442,324.79
O00993,P0071,5,1590,170.34
O00994,P0079,4,3828,1115.0
O00994,P0089,5,1915,431.71
O00994,P0054,5,1145,276.83
O00995,P0017,5,4965,1029.95
O00995,P0096,5,5870,1151.06
O00995,P0054,2,458,125.79
O00996,P0079,5,4785,446.93
O00996,P0003,3,4050,752.79
O00996,P0015,2,904,238.88
O00997,P0022,3,1161,307.37
O00998,P0037,2,1376,186.91
O00998,P0048,2,2954,259.99
O00998,P0081,1,33,8.9
O00999,P0079,5,4785,1169.9
O00999,P0050,4,3032,716.47
O00999,P0001,2,2840,394.52
O01000,P0079,5,4785,1065.68
O01001,P0019,4,5684,658.22
O01001,P0012,2,1396,184.86
O01001,P0048,1,1477,167.21
O01002,P0022,5,1935,367.64
O01003,P0059,2,406,116.77
O01003,P0092,5,5995,756.69
O01004,P0019,5,7105,1923.5
O01005,P0034,5,4575,926.67
O01006,P0062,2,1616,181.08
O01007,P0092,1,1199,99.85
O01008,P0069,2,1140,314.15
O01009,P0087,1,1255,291.37
O01010,P0022,4,1548,271.63
O01010,P0011,1,908,81.69
O01011,P0052,5,3255,862.84
O01012,P0046,5,940,265.36
O01012,P0016,4,5748,1363.83
O01012,P0090,1,673,55.5
O01013,P0048,3,4431,539.06
O01014,P0025,1,315,45.21
O01014,P0036,2,2518,698.75
O01015,P0088,3,3003,669.59
O01015,P0097,1,1232,258.37
O01016,P0063,4,2468,347.49
O01017,P0021,2,2734,336.0
O01017,P0094,3,1782,302.77
O01017,P0026,5,885,132.4
O01018,P0016,1,1437,125.98
O01018,P0057,2,2320,559.89
O01018,P0019,1,1421,256.56
O01019,P0049,2,1634,131.98
O01019,P0032,3,3135,901.5
O01020,P0029,5,7030,1148.85
O01020,P0034,1,915,139.91
O01020,P0060,1,1155,203.17
O01021,P0085,4,5412,935.51
O01021,P0079,1,957,92.1
O01021,P0052,4,2604,733.16
O01022,P0070,1,569,134.27
O01022,P0088,2,2002,594.78
O01023,P0053,4,3028,603.07
O01024,P0078,4,4944,1063.48
O01025,P0082,3,2100,524.86
O01025,P0071,4,1272,113.5
O01025,P0016,5,7185,598.58
O01026,P0095,2,1534,267.8
O01026,P0061,5,6210,773.19
O01026,P0054,5,1145,127.07
O01027,P0047,5,1675,342.06
O01027,P0094,4,2376,273.35
O01027,P0049,5,4085,739.41
O01028,P0048,5,7385,971.11
O01029,P0096,5,5870,1186.87
O01029,P0088,5,5005,530.67
O01030,P0086,4,2540,639.95
O01030,P0050,1,758,121.35
O01030,P0063,3,1851,475.02
O01031,P0066,2,2382,380.8
O01031,P0007,1,994,204.03
O01032,P0039,1,942,219.02
O01032,P0080,2,594,64.05
O01033,P0024,2,888,155.36
O01034,P0002,3,555,99.9
O01034,P0097,5,6160,1275.17
O01034,P0063,2,1234,201.92
O01035,P0080,1,297,59.91
O01035,P0084,1,705,174.44
O01036,P0052,3,1953,557.77
O01036,P0071,1,318,80.29
O01036,P0040,3,1461,224.75
O01037,P0099,1,965,174.98
O01037,P0012,4,2792,401.97
O01038,P0009,2,2918,546.89
O01039,P0093,5,3435,414.51
O01039,P0014,1,107,10.83
O01040,P0056,5,4510,504.33
O01040,P0047,1,335,71.65
O01040,P0055,5,990,166.93
O01041,P0054,4,916,126.94
O01042,P0089,2,766,162.92
O01043,P0001,3,4260,820.86
O01043,P0049,1,817,146.11
O01044,P0008,3,3972,947.8
O01044,P0007,3,2982,413.33
O01044,P0099,2,1930,199.08
O01045,P0065,3,3495,803.23
O01045,P0018,3,345,64.5
O01045,P0017,1,993,149.12
O01046,P0042,2,1808,145.79
O01046,P0093,5,3435,381.76
O01046,P0056,3,2706,512.32
O01047,P0059,5,1015,85.23
O01048,P0009,1,1459,137.06
O01048,P0021,4,5468,701.56
O01048,P0076,3,1605,273.17
O01049,P0034,4,3660,431.03
O01050,P0050,3,2274,605.97
O01051,P0099,2,1930,368.02
O01051,P0005,5,4250,911.31
O01052,P0063,3,1851,150.14
O01052,P0065,1,1165,217.63
O01052,P0067,5,7115,855.29
O01053,P0084,3,2115,502.86
O01053,P0040,2,974,97.22
O01053,P0041,4,4608,442.13
O01054,P0028,3,3540,288.07
O01054,P0029,1,1406,130.7
O01054,P0037,3,2064,593.3
O01055,P0080,1,297,29.74
O01055,P0017,5,4965,803.32
O01055,P0003,1,1350,289.29
O01056,P0076,1,535,158.27
O01056,P0088,1,1001,149.45
O01057,P0034,1,915,223.68
O01057,P0048,1,1477,359.87
O01058,P0078,4,4944,453.43
O01059,P0021,2,2734,338.78
O01059,P0066,1,1191,216.43
O01059,P0044,4,780,164.27
O01060,P0004,1,84,6.81
O01060,P0094,4,2376,324.12
O01060,P0035,1,175,47.77
O01061,P0001,3,4260,867.29
O01061,P0016,3,4311,1007.95
O01061,P0055,2,396,102.31
O01062,P0014,5,535,104.23
O01063,P0063,5,3085,623.7
O01063,P0024,2,888,240.07
O01064,P0044,3,585,63.72
O01064,P0084,3,2115,299.03
O01065,P0081,1,33,5.64
O01065,P0055,1,198,57.63
O01066,P0068,5,1835,520.5
O01066,P0005,4,3400,423.23
O01066,P0046,3,564,145.74
O01067,P0085,2,2706,753.28
O01068,P0065,1,1165,102.3
O01068,P0015,3,1356,122.02
O01068,P0053,3,2271,568.73
O01069,P0093,5,3435,579.56
O01069,P0024,2,888,84.47
O01069,P0031,3,4293,544.93
O01070,P0089,3,1149,202.6
O01070,P0038,5,6590,1634.76
O01070,P0068,2,734,113.2
O01071,P0060,4,4620,908.23
O01072,P0010,3,567,167.48
O01072,P0075,4,708,62.7
O01073,P0017,4,3972,487.07
O01073,P0073,5,2925,374.95
O01074,P0050,3,2274,627.67
O01074,P0068,5,1835,350.01
O01074,P0056,5,4510,662.07
O01075,P0073,3,1755,449.36
O01076,P0028,3,3540,599.31
O01076,P0078,2,2472,491.54
O01077,P0011,3,2724,249.73
O01077,P0031,4,5724,1625.29
O01078,P0022,1,387,64.46
O01078,P0082,4,2800,605.84
O01078,P0016,3,4311,420.81
O01079,P0026,2,354,44.36
O01079,P0005,2,1700,408.72
O01080,P0008,5,6620,579.14
O01081,P0086,3,1905,197.3
O01081,P0047,4,1340,292.61
O01082,P0009,1,1459,330.52
O01082,P0057,5,5800,593.79
O01083,P0018,1,115,33.26
O01084,P0069,4,2280,573.1
O01085,P0049,1,817,173.39
O01085,P0008,1,1324,147.38
O01086,P0067,4,5692,1309.36
O01086,P0060,1,1155,266.9
O01087,P0027,2,704,154.49
O01088,P0086,5,3175,513.11
O01088,P0052,2,1302,194.42
O01089,P0025,1,315,72.5
O01089,P0089,1,383,105.88
O01090,P0005,2,1700,204.16
O01090,P0010,3,567,143.27
O01090,P0060,5,5775,916.01
O01091,P0087,1,1255,144.0
O01092,P0094,1,594,57.84
O01092,P0025,1,315,48.57
O01093,P0039,2,1884,526.45
O01093,P0012,3,2094,612.82
O01093,P0083,5,3470,475.8
O01094,P0022,5,1935,299.45
O01094,P0006,4,3168,450.34
O01094,P0093,4,2748,280.23
O01095,P0073,2,1170,310.98
O01095,P0032,4,4180,881.53
O01096,P0040,3,1461,344.54
O01097,P0091,3,4329,959.57
O01097,P0035,2,350,79.31
O01097,P0040,1,487,44.12
O01098,P0041,3,3456,1004.4
O01098,P0017,5,4965,633.39
O01099,P0096,1,1174,146.42
O01099,P0065,5,5825,617.88
O01100,P0059,3,609,65.61
O01100,P0010,1,189,51.64
O01101,P0015,1,452,86.52
O01101,P0097,3,3696,348.05
O01102,P0072,3,1086,236.65
O01102,P0049,1,817,237.09
O01102,P0087,3,3765,1030.52
O01103,P0048,2,2954,860.1
O01103,P0093,3,2061,321.81
O01103,P0068,2,734,205.55
O01104,P0019,5,7105,1100.58
O01104,P0006,1,792,126.32
O01104,P0096,1,1174,102.51
O01105,P0084,4,2820,578.85
O01105,P0020,5,5660,469.05
O01106,P0075,4,708,145.61
O01107,P0097,1,1232,118.53
O01107,P0056,4,3608,857.87
O01107,P0096,4,4696,647.15
O01108,P0047,2,670,200.43
O01108,P0017,5,4965,688.91
O01108,P0057,2,2320,551.38
O01109,P0050,2,1516,311.48
O01110,P0097,3,3696,768.15
O01110,P0023,3,1992,537.07
O01111,P0064,1,814,135.43
O01112,P0075,4,708,174.82
O01112,P0022,2,774,118.82
O01113,P0028,2,2360,272.23
O01114,P0095,1,767,73.66
O01114,P0080,2,594,176.29
O01115,P0012,3,2094,227.41
O01115,P0056,4,3608,434.41
O01116,P0013,4,860,170.45
O01117,P0052,5,3255,304.19
O01118,P0099,5,4825,1131.66
O01119,P0064,2,1628,412.93
O01120,P0039,3,2826,758.28
O01120,P0005,1,850,70.85
O01121,P0034,5,4575,406.09
O01122,P0057,1,1160,183.69
O01122,P0023,1,664,146.2
O01123,P0095,5,3835,1077.54
O01123,P0079,5,4785,649.42
O01123,P0036,1,1259,142.67
O01124,P0010,1,189,31.09
O01125,P0035,2,350,89.18
O01125,P0017,5,4965,1410.33
O01126,P0044,3,585,170.05
O01126,P0013,4,860,132.01
O01127,P0095,5,3835,973.28
O01127,P0061,5,6210,1113.16
O01127,P0082,5,3500,942.74
O01128,P0033,2,258,54.32
O01129,P0054,4,916,136.09
O01129,P0003,4,5400,487.15
O01129,P0100,2,1834,315.81
O01130,P0088,1,1001,274.92
O01131,P0016,4,5748,927.78
O01132,P0091,2,2886,280.24
O01132,P0088,4,4004,1186.49
O01132,P0054,1,229,53.33
O01133,P0089,1,383,107.09
O01134,P0008,1,1324,339.28
O01135,P0059,2,406,96.23
O01136,P0037,1,688,82.43
O01136,P0046,4,752,176.04
O01136,P0020,2,2264,230.42
O01137,P0018,2,230,21.82
O01137,P0005,5,4250,1074.61
O01137,P0055,5,990,203.97
O01138,P0004,1,84,19.4
O01138,P0061,5,6210,625.86
O01139,P0056,1,902,172.0
O01140,P0003,5,6750,1091.57
O01141,P0030,5,4030,394.7
O01141,P0094,5,2970,813.07
O01141,P0089,5,1915,469.02
O01142,P0093,4,2748,321.09
O01142,P0054,1,229,37.55
O01142,P0067,5,7115,638.79
O01143,P0062,3,2424,683.03
O01144,P0001,5,7100,1763.85
O01144,P0003,5,6750,1814.25
O01145,P0031,5,7155,2113.58
O01146,P0085,2,2706,519.21
O01146,P0006,5,3960,734.62
O01146,P0052,2,1302,334.37
O01147,P0050,3,2274,662.91
O01147,P0004,3,252,68.18
O01148,P0044,1,195,58.3
O01148,P0053,2,1514,177.12
O01148,P0060,4,4620,534.78
O01149,P0098,2,2832,569.98
O01150,P0045,3,1572,311.36
O01150,P0035,2,350,38.42
O01150,P0002,2,370,34.42
O01151,P0055,3,594,83.95
O01152,P0043,2,2824,680.16
O01152,P0041,5,5760,1408.38
O01153,P0072,4,1448,426.1
O01154,P0094,5,2970,631.24
O01154,P0040,2,974,228.15
O01155,P0051,2,414,100.13
O01155,P0020,1,1132,122.33
O01155,P0100,2,1834,541.6
O01156,P0007,2,1988,254.83
O01156,P0098,2,2832,307.92
O01157,P0040,4,1948,309.77
O01157,P0056,2,1804,420.33
O01158,P0021,2,2734,443.03
O01159,P0090,1,673,186.87
O01160,P0034,5,4575,460.15
O01161,P0005,1,850,144.14
O01161,P0010,4,756,93.25
O01162,P0019,1,1421,221.36
O01162,P0027,5,1760,230.17
O01162,P0014,4,428,77.26
O01163,P0024,4,1776,494.94
O01163,P0088,1,1001,214.66
O01164,P0029,2,2812,700.02
O01165,P0016,1,1437,321.01
O01165,P0051,5,1035,103.22
O01165,P0056,1,902,165.36
O01166,P0009,5,7295,649.2
O01166,P0070,2,1138,236.76
O01167,P0026,2,354,37.61
O01167,P0065,1,1165,160.78
O01167,P0058,5,1155,301.06
O01168,P0100,5,4585,757.27
O01169,P0029,2,2812,576.03
O01170,P0083,1,694,119.61
O01171,P0022,5,1935,178.59
O01172,P0043,5,7060,1939.07
O01172,P0098,4,5664,1501.61
O01173,P0065,4,4660,1350.89
O01173,P0078,1,1236,203.07
O01174,P0084,4,2820,802.49
O01174,P0078,1,1236,253.96
O01174,P0041,4,4608,735.67
O01175,P0067,3,4269,887.38
O01176,P0026,3,531,119.12
O01176,P0085,4,5412,1582.3
O01177,P0011,2,1816,418.89
O01177,P0019,5,7105,1772.32
O01178,P0051,2,414,84.81
O01178,P0058,3,693,56.74
O01178,P0031,5,7155,1165.72
O01179,P0007,2,1988,215.67
O01179,P0097,2,2464,406.01
O01180,P0051,1,207,20.59
O01180,P0026,2,354,48.24
O01181,P0025,2,630,177.86
O01181,P0085,3,4059,1164.87
O01182,P0093,3,2061,285.74
O01182,P0052,2,1302,133.21
O01182,P0029,5,7030,1877.24
O01183,P0015,1,452,89.24
O01183,P0008,4,5296,1529.55
O01183,P0033,5,645,186.46
O01184,P0007,1,994,241.32
O01184,P0053,4,3028,340.51
O01184,P0098,2,2832,677.86
O01185,P0095,1,767,172.39
O01185,P0069,5,2850,656.05
O01185,P0051,3,621,79.82
O01186,P0039,3,2826,726.56
O01186,P0072,2,724,172.63
O01186,P0080,3,891,256.96
O01187,P0077,3,4488,1017.32
O01188,P0008,5,6620,873.09
O01188,P0061,2,2484,341.21
O01189,P0099,1,965,248.93
O01190,P0098,1,1416,137.79
O01191,P0036,5,6295,1195.37
O01191,P0042,1,904,146.67
O01192,P0006,3,2376,383.38
O01192,P0020,4,4528,1137.61
O01192,P0085,4,5412,1523.75
O01193,P0024,3,1332,252.9
O01193,P0042,4,3616,608.58
O01193,P0054,3,687,164.04
O01194,P0093,3,2061,594.26
O01194,P0031,3,4293,1256.78
O01194,P0025,4,1260,203.56
O01195,P0040,3,1461,243.21
O01195,P0087,5,6275,1574.54
O01196,P0009,1,1459,255.03
O01196,P0011,3,2724,293.71
O01197,P0087,3,3765,537.72
O01198,P0030,5,4030,941.02
O01199,P0077,5,7480,1144.81
O01200,P0075,3,531,101.83
O01200,P0034,3,2745,331.54
O01200,P0020,4,4528,955.9
O01201,P0070,3,1707,352.76
O01201,P0076,4,2140,313.42
O01202,P0090,2,1346,141.09
O01202,P0056,2,1804,149.7
O01203,P0043,2,2824,374.78
O01203,P0034,5,4575,1359.72
O01204,P0013,2,430,70.8
O01204,P0059,3,609,55.77
O01205,P0068,3,1101,245.68
O01205,P0042,5,4520,555.92
O01205,P0021,2,2734,784.69
O01206,P0059,3,609,152.79
O01207,P0004,2,168,39.99
O01207,P0039,1,942,169.2
O01208,P0048,2,2954,663.8
O01208,P0051,4,828,107.41
O01209,P0056,1,902,78.11
O01209,P0025,1,315,59.55
O01209,P0082,5,3500,912.9
O01210,P0040,2,974,277.61
O01211,P0082,3,2100,505.21
O01212,P0088,1,1001,281.83
O01212,P0046,5,940,133.28
O01213,P0021,2,2734,436.91
O01214,P0048,3,4431,1074.99
O01214,P0066,2,2382,417.44
O01214,P0036,5,6295,1608.07
O01215,P0021,3,4101,1089.68
O01215,P0009,4,5836,529.29
O01216,P0014,2,214,47.38
O01216,P0006,2,1584,429.79
O01217,P0030,1,806,187.1
O01217,P0027,4,1408,359.4
O01217,P0001,2,2840,366.26
O01218,P0043,4,5648,1014.68
O01218,P0057,5,5800,1012.65
O01219,P0079,3,2871,486.58
O01219,P0051,2,414,75.75
O01219,P0051,1,207,29.25
O01220,P0097,1,1232,349.27
O01221,P0025,3,945,245.1
O01221,P0038,4,5272,1503.23
O01221,P0062,1,808,69.01
O01222,P0018,3,345,76.86
O01222,P0009,1,1459,128.39
O01223,P0059,4,812,217.94
O01224,P0058,2,462,43.64
O01225,P0005,3,2550,463.81
O01226,P0056,1,902,156.58
O01227,P0082,3,2100,272.74
O01227,P0059,5,1015,235.79
O01227,P0097,1,1232,307.05
O01228,P0033,4,516,101.34
O01229,P0089,1,383,72.3
O01229,P0087,2,2510,702.44
O01229,P0071,2,636,67.9
O01230,P0083,5,3470,541.63
O01230,P0019,2,2842,551.3
O01231,P0002,2,370,103.39
O01231,P0039,1,942,199.9
O01232,P0059,5,1015,243.37
O01233,P0098,2,2832,440.87
O01233,P0048,3,4431,1296.51
O01234,P0048,2,2954,827.41
O01234,P0065,2,2330,273.02
O01235,P0048,4,5908,767.48
O01235,P0044,5,975,118.78
O01235,P0071,5,1590,338.27
O01236,P0046,1,188,26.92
O01237,P0064,2,1628,410.27
O01237,P0090,2,1346,145.94
O01238,P0050,4,3032,300.66
O01238,P0033,3,387,113.72
O01239,P0028,4,4720,472.76
O01239,P0025,1,315,63.4
O01240,P0058,1,231,44.47
O01240,P0005,4,3400,726.14
O01241,P0051,5,1035,266.54
O01242,P0058,4,924,81.76
O01243,P0074,4,2532,272.01
O01244,P0025,1,315,49.75
O01244,P0006,5,3960,510.43
O01245,P0028,5,5900,1292.49
O01245,P0088,2,2002,471.15
O01245,P0084,4,2820,638.92
O01246,P0041,4,4608,1304.38
O01246,P0072,3,1086,214.49
O01246,P0029,3,4218,1060.65
O01247,P0066,2,2382,360.51
O01247,P0048,3,4431,482.2
O01248,P0005,2,1700,503.32
O01249,P0052,2,1302,376.93
O01250,P0001,5,7100,594.38
O01250,P0016,1,1437,353.45
O01250,P0040,3,1461,198.44
O01251,P0040,3,1461,296.94
O01252,P0005,5,4250,484.25
O01252,P0079,2,1914,228.34
O01252,P0084,3,2115,357.66
O01253,P0008,2,2648,690.15
O01253,P0042,5,4520,1348.94
O01254,P0005,2,1700,274.97
O01254,P0087,1,1255,348.95
O01255,P0068,4,1468,396.64
O01256,P0082,1,700,187.68
O01257,P0010,5,945,87.12
O01258,P0087,4,5020,706.17
O01258,P0053,2,1514,123.22
O01259,P0050,3,2274,296.54
O01259,P0097,5,6160,1779.94
O01259,P0009,1,1459,326.38
O01260,P0090,2,1346,111.69
O01260,P0061,1,1242,159.4
O01261,P0057,2,2320,390.42
O01261,P0081,1,33,6.33
O01262,P0039,4,3768,491.47
O01262,P0093,4,2748,616.95
O01263,P0026,1,177,26.38
O01263,P0045,3,1572,399.23
O01264,P0028,3,3540,531.19
O01265,P0046,1,188,48.1
O01265,P0041,1,1152,185.5
O01265,P0076,4,2140,631.34
O01266,P0023,1,664,64.44
O01266,P0096,3,3522,537.42
O01267,P0042,1,904,185.6
O01267,P0029,1,1406,290.72
O01268,P0019,5,7105,2107.69
O01268,P0085,5,6765,1019.0
O01269,P0093,4,2748,436.12
O01269,P0042,2,1808,168.58
O01269,P0025,1,315,81.42
O01270,P0005,3,2550,298.66
O01271,P0014,1,107,10.23
O01272,P0072,4,1448,146.45
O01272,P0051,1,207,23.38
O01272,P0002,1,185,53.09
O01273,P0057,2,2320,569.37
O01273,P0095,4,3068,856.91
O01273,P0095,5,3835,647.26
O01274,P0086,5,3175,706.12
O01274,P0043,4,5648,496.99
O01274,P0027,5,1760,324.55
O01275,P0059,2,406,70.56
O01276,P0012,2,1396,136.22
O01276,P0049,5,4085,1212.1
O01277,P0028,2,2360,416.13
O01278,P0063,1,617,111.85
O01278,P0041,3,3456,805.25
O01279,P0090,5,3365,729.4
O01279,P0090,5,3365,580.39
O01279,P0016,2,2874,761.45
O01280,P0016,5,7185,1997.6
O01281,P0017,3,2979,371.37
O01281,P0011,5,4540,454.79
O01281,P0036,4,5036,767.18
O01282,P0051,1,207,60.0
O01283,P0080,5,1485,326.89
O01283,P0034,2,1830,240.28
O01283,P0035,2,350,31.52
O01284,P0084,5,3525,335.71
O01285,P0069,3,1710,319.74
O01286,P0065,3,3495,1043.26
O01286,P0055,5,990,218.61
O01287,P0037,4,2752,224.33
O01287,P0091,1,1443,115.82
O01288,P0008,5,6620,1205.76
O01288,P0093,3,2061,305.07
O01289,P0017,4,3972,751.54
O01289,P0006,3,2376,489.28
O01289,P0034,5,4575,819.06
O01290,P0084,1,705,121.51
O01290,P0043,2,2824,465.52
O01291,P0006,4,3168,734.78
O01291,P0026,1,177,24.16
O01292,P0019,1,1421,120.89
O01292,P0043,2,2824,445.23
O01293,P0031,2,2862,525.05
O01293,P0083,1,694,145.43
O01293,P0062,4,3232,951.86
O01294,P0077,4,5984,1290.28
O01294,P0049,4,3268,578.77
O01294,P0062,1,808,221.55
O01295,P0068,3,1101,121.35
O01295,P0092,4,4796,618.7
O01295,P0045,2,1048,95.26
O01296,P0054,5,1145,208.97
O01296,P0010,1,189,22.57
O01297,P0090,1,673,77.75
O01297,P0084,2,1410,256.32
O01298,P0038,2,2636,458.25
O01298,P0069,2,1140,338.85
O01298,P0005,3,2550,548.5
O01299,P0079,5,4785,1277.53
O01299,P0020,5,5660,1403.45
O01299,P0048,5,7385,1230.07
O01300,P0002,4,740,166.23
O01300,P0049,2,1634,238.04
O01301,P0072,3,1086,295.85
O01301,P0010,3,567,138.33
O01302,P0063,3,1851,467.98
O01302,P0031,3,4293,921.44
O01303,P0032,5,5225,1484.74
O01303,P0074,5,3165,423.51
O01304,P0090,2,1346,354.58
O01304,P0084,3,2115,297.52
O01304,P0099,4,3860,550.9
O01305,P0031,3,4293,1171.8
O01305,P0015,3,1356,113.6
O01305,P0073,5,2925,344.26
O01306,P0044,1,195,41.05
O01307,P0030,4,3224,348.92
O01307,P0044,4,780,186.56
O01307,P0064,2,1628,484.22
O01308,P0096,5,5870,1299.38
O01308,P0070,5,2845,592.27
O01308,P0087,3,3765,383.83
O01309,P0040,1,487,142.6
O01310,P0010,4,756,81.95
O01310,P0097,2,2464,259.54
O01310,P0074,4,2532,626.85
O01311,P0065,3,3495,511.31
O01311,P0092,5,5995,938.24
O01312,P0073,4,2340,377.96
O01312,P0056,4,3608,923.93
O01313,P0099,2,1930,170.23
O01314,P0067,1,1423,208.31
O01315,P0085,4,5412,1442.93
O01315,P0052,4,2604,740.47
O01315,P0056,2,1804,431.48
O01316,P0081,5,165,15.18
O01317,P0042,2,1808,501.53
O01318,P0074,1,633,69.63
O01318,P0054,1,229,28.6
O01319,P0073,3,1755,471.86
O01319,P0060,3,3465,680.28
O01320,P0031,4,5724,697.58
O01320,P0093,5,3435,529.76
O01320,P0078,4,4944,1443.87
O01321,P0081,4,132,38.75
O01321,P0071,1,318,89.99
O01321,P0038,5,6590,843.84
O01322,P0001,3,4260,1002.29
O01323,P0039,3,2826,343.68
O01323,P0091,3,4329,723.99
O01323,P0040,2,974,96.06
O01324,P0038,5,6590,1325.65
O01325,P0018,2,230,33.41
O01326,P0051,2,414,108.61
O01327,P0079,2,1914,167.22
O01328,P0048,2,2954,437.8
O01329,P0100,2,1834,253.69
O01329,P0009,2,2918,654.58
O01330,P0015,3,1356,177.69
O01331,P0016,5,7185,1231.87
O01331,P0062,4,3232,814.19
O01332,P0061,1,1242,108.29
O01332,P0080,3,891,210.6
O01332,P0098,2,2832,581.12
O01333,P0080,4,1188,291.91
O01333,P0008,1,1324,150.48
O01334,P0046,1,188,41.78
O01334,P0037,4,2752,485.44
O01334,P0006,3,2376,223.75
O01335,P0024,2,888,265.14
O01335,P0089,3,1149,144.46
O01336,P0043,1,1412,161.16
O01336,P0058,5,1155,294.14
O01337,P0043,1,1412,163.71
O01337,P0096,5,5870,1256.71
O01338,P0066,4,4764,790.76
O01338,P0096,2,2348,419.49
O01339,P0072,2,724,89.61
O01339,P0027,2,704,136.91
O01340,P0063,5,3085,785.15
O01341,P0063,2,1234,103.13
O01342,P0060,4,4620,952.62
O01342,P0026,1,177,22.55
O01343,P0025,2,630,53.44
O01344,P0006,3,2376,403.5
O01345,P0071,1,318,76.8
O01345,P0028,1,1180,268.42
O01346,P0027,4,1408,225.76
O01346,P0069,1,570,100.47
O01347,P0084,2,1410,353.49
O01347,P0002,5,925,198.13
O01348,P0094,2,1188,329.91
O01348,P0031,1,1431,169.12
O01349,P0032,3,3135,396.06
O01349,P0005,1,850,244.07
O01349,P0037,2,1376,385.63
O01350,P0031,5,7155,1447.8
O01350,P0046,3,564,146.38
O01350,P0055,2,396,52.15
O01351,P0081,3,99,23.53
O01352,P0070,1,569,61.42
O01353,P0007,4,3976,377.65
O01353,P0077,5,7480,1930.51
O01354,P0042,1,904,162.66
O01355,P0092,2,2398,541.04
O01356,P0058,3,693,63.39
O01357,P0031,1,1431,252.8
O01357,P0051,4,828,233.15
O01358,P0016,5,7185,1305.98
O01358,P0085,1,1353,355.8
O01359,P0095,4,3068,462.18
O01359,P0007,3,2982,510.11
O01360,P0021,5,6835,1953.83
O01360,P0065,2,2330,660.89
O01360,P0093,1,687,113.35
O01361,P0082,5,3500,455.09
O01361,P0095,4,3068,349.44
O01361,P0029,4,5624,1228.07
O01362,P0065,5,5825,1583.74
O01362,P0010,1,189,22.6
O01363,P0100,5,4585,407.25
O01363,P0082,5,3500,882.09
O01364,P0082,4,2800,466.83
O01364,P0064,5,4070,577.88
O01365,P0089,5,1915,458.52
O01365,P0010,2,378,109.01
O01366,P0086,2,1270,276.84
O01366,P0034,4,3660,754.5
O01367,P0087,2,2510,255.87
O01368,P0052,1,651,192.34
O01369,P0018,5,575,103.92
O01370,P0069,1,570,75.16
O01370,P0002,3,555,164.37
O01370,P0034,5,4575,784.63
O01371,P0099,5,4825,439.07
O01371,P0007,1,994,178.89
O01371,P0042,1,904,243.94
O01372,P0067,3,4269,992.92
O01372,P0068,2,734,155.33
O01373,P0067,1,1423,297.84
O01373,P0021,5,6835,1474.96
O01374,P0025,3,945,112.65
O01374,P0065,3,3495,844.91
O01374,P0015,1,452,85.28
O01375,P0078,2,2472,275.04
O01376,P0066,4,4764,1165.54
O01376,P0099,2,1930,247.94
O01377,P0052,2,1302,151.01
O01377,P0001,3,4260,1144.13
O01378,P0075,2,354,37.12
O01379,P0061,4,4968,1139.7
O01380,P0088,3,3003,630.76
O01380,P0051,4,828,221.08
O01380,P0038,2,2636,737.89
O01381,P0003,1,1350,313.63
O01381,P0055,2,396,49.31
O01381,P0059,3,609,88.17
O01382,P0035,1,175,25.73
O01382,P0068,5,1835,348.28
O01383,P0009,5,7295,2064.04
O01383,P0028,1,1180,164.74
O01383,P0073,1,585,150.33
O01384,P0001,3,4260,916.1
O01385,P0003,5,6750,1556.27
O01385,P0022,1,387,83.07
O01386,P0003,2,2700,684.09
O01386,P0054,4,916,173.4
O01387,P0059,2,406,67.96
O01387,P0037,2,1376,158.5
O01387,P0079,5,4785,1162.94
O01388,P0043,2,2824,392.43
O01388,P0002,4,740,209.18
O01389,P0041,3,3456,880.78
O01389,P0097,2,2464,691.52
O01390,P0002,2,370,31.03
O01390,P0057,1,1160,318.86
O01390,P0004,3,252,50.25
O01391,P0047,5,1675,183.31
O01392,P0077,3,4488,924.51
O01392,P0071,2,636,72.0
O01392,P0069,3,1710,180.83
O01393,P0021,4,5468,700.13
O01393,P0078,2,2472,519.39
O01394,P0059,5,1015,171.02
O01394,P0069,4,2280,304.97
O01395,P0030,2,1612,357.97
O01395,P0040,2,974,255.06
O01395,P0040,3,1461,330.33
O01396,P0009,1,1459,255.21
O01397,P0011,3,2724,615.39
O01398,P0066,5,5955,511.86
O01398,P0083,5,3470,536.88
O01398,P0013,2,430,53.77
O01399,P0023,2,1328,297.52
O01400,P0027,1,352,49.27
O01401,P0095,2,1534,360.43
O01401,P0004,2,168,15.81
O01401,P0092,1,1199,142.55
O01402,P0037,1,688,198.8
O01403,P0064,1,814,131.76
O01404,P0007,5,4970,1122.25
O01404,P0064,1,814,192.49
O01405,P0053,2,1514,410.81
O01405,P0091,5,7215,1239.35
O01405,P0003,4,5400,1609.82
O01406,P0027,1,352,36.21
O01406,P0050,5,3790,394.7
O01407,P0095,3,2301,465.68
O01407,P0042,1,904,149.78
O01408,P0018,2,230,60.76
O01408,P0071,1,318,28.42
O01409,P0022,2,774,158.98
O01409,P0047,5,1675,471.39
O01410,P0044,4,780,171.93
O01410,P0060,4,4620,618.16
O01411,P0094,5,2970,451.45
O01411,P0027,4,1408,310.21
O01412,P0004,4,336,82.24
O01412,P0068,1,367,77.46
O01413,P0073,2,1170,149.64
O01413,P0018,2,230,24.06
O01413,P0017,2,1986,471.22
O01414,P0079,2,1914,228.51
O01414,P0048,2,2954,355.26
O01415,P0072,1,362,32.58
O01415,P0100,2,1834,393.54
O01416,P0078,2,2472,630.57
O01416,P0049,1,817,115.94
O01416,P0031,4,5724,1638.7
O01417,P0095,1,767,76.55
O01417,P0063,5,3085,549.85
O01417,P0002,4,740,154.95
O01418,P0077,5,7480,1055.36
O01418,P0002,5,925,93.64
O01418,P0022,2,774,149.39
O01419,P0054,1,229,55.37
O01420,P0063,1,617,79.13
O01421,P0040,4,1948,331.47
O01421,P0039,2,1884,443.44
O01422,P0056,1,902,141.18
O01423,P0099,2,1930,383.36
O01424,P0031,5,7155,1195.79
O01425,P0016,1,1437,216.68
O01426,P0025,3,945,243.92
O01427,P0094,2,1188,326.68
O01427,P0071,2,636,127.81
O01428,P0016,3,4311,869.5
O01429,P0069,4,2280,604.97
O01430,P0018,2,230,51.8
O01430,P0060,5,5775,1436.86
O01430,P0014,1,107,9.96
O01431,P0021,5,6835,1595.64
O01431,P0020,2,2264,590.86
O01432,P0061,2,2484,667.49
O01432,P0065,2,2330,618.95
O01433,P0090,5,3365,720.35
O01434,P0085,2,2706,344.17
O01434,P0075,4,708,120.11
O01435,P0018,1,115,21.99
O01435,P0011,1,908,249.08
O01435,P0095,5,3835,1077.14
O01436,P0045,2,1048,175.52
O01436,P0088,1,1001,134.66
O01437,P0083,3,2082,608.63
O01437,P0051,1,207,16.6
O01437,P0012,1,698,85.0
O01438,P0085,5,6765,1718.6
O01438,P0100,2,1834,509.88
O01438,P0053,5,3785,429.67
O01439,P0030,5,4030,1075.26
O01439,P0045,2,1048,164.38
O01439,P0097,2,2464,447.07
O01440,P0076,1,535,104.99
O01440,P0046,3,564,133.0
O01440,P0030,1,806,136.48
O01441,P0036,4,5036,830.14
O01441,P0031,1,1431,247.49
O01442,P0084,3,2115,553.32
O01442,P0097,2,2464,200.52
O01442,P0076,5,2675,521.58
O01443,P0099,3,2895,389.15
O01443,P0054,1,229,49.61
O01443,P0016,4,5748,1227.05
O01444,P0057,1,1160,210.36
O01444,P0031,5,7155,1666.07
O01445,P0089,5,1915,329.72
O01445,P0024,5,2220,491.76
O01446,P0071,3,954,149.77
O01446,P0067,4,5692,678.5
O01446,P0091,1,1443,429.94
O01447,P0060,2,2310,541.3
O01447,P0094,4,2376,382.78
O01447,P0068,4,1468,289.86
O01448,P0068,5,1835,497.97
O01449,P0094,1,594,65.6
O01449,P0079,4,3828,478.16
O01449,P0080,5,1485,284.51
O01450,P0015,2,904,140.62
O01450,P0100,2,1834,389.75
O01450,P0004,4,336,73.32
O01451,P0062,4,3232,783.43
O01452,P0054,5,1145,308.65
O01453,P0007,4,3976,552.61
O01454,P0059,2,406,100.79
O01454,P0027,4,1408,243.68
O01455,P0031,1,1431,355.15
O01455,P0098,5,7080,1530.14
O01456,P0057,1,1160,236.33
O01456,P0032,5,5225,1316.73
O01457,P0046,3,564,130.24
O01457,P0074,4,2532,344.56
O01458,P0071,5,1590,424.74
O01458,P0013,3,645,109.16
O01459,P0086,5,3175,389.19
O01460,P0057,5,5800,1544.75
O01460,P0085,1,1353,230.56
O01460,P0059,2,406,58.29
O01461,P0005,5,4250,1222.38
O01461,P0007,3,2982,373.87
O01462,P0024,5,2220,439.59
O01462,P0026,5,885,91.6
O01462,P0091,4,5772,833.78
O01463,P0006,5,3960,341.15
O01463,P0079,3,2871,429.3
O01463,P0100,5,4585,534.92
O01464,P0011,5,4540,1168.44
O01464,P0026,1,177,26.88
O01464,P0037,2,1376,145.88
O01465,P0044,2,390,65.39
O01466,P0078,1,1236,206.75
O01466,P0018,3,345,69.56
O01467,P0023,1,664,175.81
O01468,P0021,3,4101,810.44
O01469,P0053,3,2271,441.52
O01469,P0094,2,1188,95.18
O01470,P0019,5,7105,1436.77
O01470,P0096,1,1174,179.12
O01470,P0040,3,1461,331.19
O01471,P0073,5,2925,386.48
O01471,P0027,5,1760,426.13
O01471,P0009,3,4377,1152.68
O01472,P0068,1,367,74.04
O01472,P0007,4,3976,1179.02
O01472,P0091,2,2886,240.13
O01473,P0049,3,2451,689.57
O01473,P0003,1,1350,108.19
O01474,P0070,3,1707,407.03
O01475,P0074,4,2532,259.28
O01475,P0075,5,885,140.09
O01475,P0015,2,904,75.76
O01476,P0090,4,2692,388.76
O01476,P0008,5,6620,909.81
O01477,P0057,2,2320,606.92
O01477,P0082,5,3500,792.02
O01477,P0069,3,1710,299.32
O01478,P0081,1,33,6.29
O01478,P0029,4,5624,1580.77
O01478,P0033,1,129,28.87
O01479,P0065,4,4660,538.88
O01479,P0017,1,993,86.26
O01479,P0007,2,1988,346.11
O01480,P0046,1,188,17.01
O01480,P0070,3,1707,481.66
O01480,P0100,3,2751,794.85
O01481,P0006,2,1584,336.31
O01481,P0089,1,383,63.79
O01482,P0091,3,4329,1255.55
O01482,P0086,5,3175,884.32
O01483,P0079,3,2871,333.79
O01483,P0100,1,917,149.58
O01484,P0011,1,908,137.28
O01485,P0037,5,3440,727.28
O01485,P0003,4,5400,594.67
O01486,P0085,2,2706,326.16
O01486,P0015,2,904,97.16
O01487,P0033,3,387,51.05
O01488,P0029,3,4218,745.35
O01488,P0064,1,814,111.43
O01488,P0098,3,4248,788.8
O01489,P0019,3,4263,848.59
O01489,P0086,3,1905,308.46
O01490,P0033,5,645,113.62
O01491,P0032,1,1045,278.58
O01492,P0077,5,7480,969.03
O01493,P0037,4,2752,722.94
O01494,P0024,3,1332,204.15
O01495,P0098,2,2832,289.88
O01495,P0018,5,575,53.13
O01496,P0016,2,2874,479.28
O01496,P0052,2,1302,375.28
O01496,P0065,1,1165,331.38
O01497,P0098,2,2832,801.71
O01497,P0066,2,2382,522.44
O01498,P0077,4,5984,685.48
O01498,P0059,3,609,120.54
O01499,P0045,2,1048,226.21
O01499,P0052,5,3255,490.26
O01499,P0070,3,1707,344.66
O01500,P0070,2,1138,237.36
O01501,P0028,2,2360,542.51
O01501,P0098,3,4248,470.63
O01502,P0006,1,792,134.12
O01502,P0017,5,4965,755.14
O01503,P0039,5,4710,463.88
O01503,P0081,1,33,3.04
O01504,P0010,5,945,252.66
O01505,P0085,3,4059,600.22
O01506,P0065,3,3495,624.25
O01507,P0013,3,645,118.52
O01507,P0079,3,2871,633.05
O01508,P0077,2,2992,435.23
O01508,P0034,5,4575,1102.56
O01509,P0099,3,2895,303.02
O01509,P0011,4,3632,385.71
O01509,P0089,5,1915,279.71
O01510,P0086,4,2540,314.65
O01510,P0085,3,4059,1081.44
O01510,P0030,5,4030,502.53
O01511,P0065,2,2330,436.72
O01511,P0098,5,7080,613.57
O01512,P0068,1,367,72.14
O01513,P0066,1,1191,324.25
O01513,P0083,1,694,160.62
O01514,P0096,5,5870,1655.68
O01515,P0076,4,2140,612.03
O01516,P0046,4,752,143.88
O01516,P0048,2,2954,764.08
O01516,P0086,5,3175,301.72
O01517,P0046,4,752,150.04
O01518,P0036,1,1259,179.73
O01519,P0012,4,2792,336.35
O01519,P0009,1,1459,217.33
O01519,P0082,1,700,124.56
O01520,P0054,4,916,139.12
O01520,P0053,2,1514,429.75
O01521,P0098,2,2832,527.26
O01521,P0048,5,7385,672.04
O01521,P0062,5,4040,824.95
O01522,P0029,3,4218,731.69
O01523,P0040,2,974,140.6
O01523,P0088,4,4004,757.73
O01524,P0003,4,5400,957.92
O01524,P0050,4,3032,865.25
O01524,P0002,5,925,238.65
O01525,P0056,1,902,268.01
O01525,P0072,2,724,91.35
O01525,P0096,4,4696,516.75
O01526,P0004,5,420,57.34
O01526,P0090,4,2692,587.94
O01526,P0017,4,3972,546.7
O01527,P0100,1,917,196.34
O01527,P0076,5,2675,558.77
O01528,P0033,1,129,13.5
O01529,P0062,5,4040,815.69
O01529,P0008,4,5296,689.18
O01529,P0027,1,352,69.3
O01530,P0084,3,2115,245.38
O01531,P0074,1,633,125.88
O01531,P0017,4,3972,897.61
O01531,P0033,3,387,107.98
O01532,P0043,3,4236,702.2
O01533,P0015,5,2260,566.87
O01533,P0067,3,4269,923.11
O01533,P0035,5,875,209.41
O01534,P0017,3,2979,525.4
O01534,P0032,5,5225,1465.01
O01534,P0036,3,3777,986.76
O01535,P0005,3,2550,560.3
O01535,P0065,5,5825,912.64
O01536,P0006,2,1584,456.19
O01536,P0040,1,487,129.23
O01536,P0045,1,524,62.57
O01537,P0062,4,3232,788.42
O01538,P0026,5,885,189.41
O01538,P0079,1,957,249.2
O01539,P0087,5,6275,1248.09
O01539,P0063,5,3085,862.59
O01540,P0092,1,1199,217.82
O01540,P0095,3,2301,564.06
O01541,P0004,3,252,70.94
O01541,P0004,3,252,71.47
O01541,P0001,1,1420,360.37
O01542,P0007,4,3976,752.24
O01543,P0039,5,4710,1407.73
O01544,P0091,1,1443,141.79
O01544,P0045,2,1048,230.98
O01544,P0038,2,2636,517.17
O01545,P0059,4,812,216.61
O01545,P0051,1,207,51.87
O01546,P0030,2,1612,345.2
O01546,P0057,4,4640,1222.85
O01546,P0035,1,175,24.59
O01547,P0036,5,6295,519.33
O01547,P0020,1,1132,274.32
O01548,P0093,5,3435,751.1
O01548,P0023,2,1328,349.72
O01548,P0004,4,336,61.48
O01549,P0001,3,4260,636.6
O01550,P0025,4,1260,357.1
O01550,P0054,5,1145,143.93
O01550,P0017,3,2979,296.93
O01551,P0086,3,1905,464.43
O01551,P0067,5,7115,1744.52
O01551,P0081,4,132,38.47
O01552,P0099,3,2895,355.9
O01553,P0059,4,812,68.53
O01553,P0074,1,633,67.61
O01553,P0048,2,2954,747.95
O01554,P0004,1,84,11.31
O01555,P0087,2,2510,671.73
O01555,P0014,4,428,63.18
O01555,P0039,3,2826,443.41
O01556,P0100,4,3668,327.54
O01557,P0030,5,4030,613.28
O01558,P0093,1,687,184.27
O01558,P0086,1,635,56.77
O01558,P0071,3,954,89.12
O01559,P0010,3,567,71.83
O01560,P0035,2,350,58.84
O01560,P0010,3,567,161.7
O01561,P0045,4,2096,262.51
O01561,P0028,4,4720,522.83
O01561,P0004,4,336,32.71
O01562,P0076,3,1605,308.36
O01562,P0057,5,5800,975.6
O01562,P0067,2,2846,358.53
O01563,P0022,5,1935,180.49
O01564,P0002,3,555,110.89
O01565,P0027,1,352,56.56
O01565,P0089,3,1149,205.76
O01566,P0066,1,1191,265.77
O01567,P0041,4,4608,611.34
O01567,P0042,4,3616,741.21
O01568,P0079,3,2871,728.57
O01568,P0022,1,387,39.58
O01569,P0013,2,430,71.57
O01569,P0020,5,5660,505.83
O01570,P0016,5,7185,2014.84
O01571,P0066,4,4764,571.57
O01571,P0051,1,207,55.51
O01572,P0078,5,6180,1067.91
O01572,P0023,4,2656,451.97
O01572,P0082,3,2100,590.32
O01573,P0048,2,2954,575.06
O01573,P0015,4,1808,465.73
O01574,P0050,1,758,196.88
O01574,P0034,4,3660,354.43
O01575,P0006,5,3960,1187.28
O01576,P0040,3,1461,320.86
O01576,P0007,2,1988,305.45
O01577,P0057,3,3480,591.99
O01577,P0016,3,4311,385.52
O01577,P0032,3,3135,915.21
O01578,P0069,2,1140,259.06
O01579,P0016,1,1437,157.76
O01579,P0065,2,2330,190.64
O01579,P0085,2,2706,506.17
O01580,P0074,4,2532,277.38
O01581,P0053,1,757,104.41
O01581,P0053,3,2271,519.64
O01581,P0071,4,1272,134.24
O01582,P0096,2,2348,493.63
O01582,P0060,2,2310,655.68
O01582,P0028,5,5900,1006.47
O01583,P0049,4,3268,617.54
O01584,P0080,5,1485,323.54
O01584,P0057,1,1160,238.18
O01585,P0008,5,6620,1311.08
O01586,P0085,5,6765,1298.96
O01586,P0002,3,555,150.77
O01587,P0024,1,444,119.1
O01587,P0065,2,2330,612.45
O01588,P0088,5,5005,1224.7
O01588,P0012,4,2792,306.76
O01589,P0037,1,688,123.68
O01589,P0049,2,1634,138.37
O01590,P0099,5,4825,1404.89
O01590,P0030,1,806,204.36
O01591,P0072,3,1086,272.2
O01591,P0050,1,758,94.51
O01592,P0062,5,4040,771.05
O01593,P0091,1,1443,276.47
O01593,P0006,2,1584,317.82
O01593,P0002,4,740,165.33
O01594,P0065,5,5825,751.06
O01594,P0026,2,354,45.02
O01595,P0051,4,828,148.12
O01595,P0097,3,3696,372.35
O01596,P0026,1,177,37.72
O01596,P0091,5,7215,2026.63
O01596,P0004,3,252,30.86
O01597,P0026,4,708,207.62
O01597,P0028,2,2360,471.74
O01597,P0056,4,3608,394.4
O01598,P0008,2,2648,776.86
O01598,P0078,3,3708,351.96
O01599,P0012,2,1396,386.38
O01600,P0084,1,705,168.72
O01600,P0061,3,3726,667.13
O01600,P0045,2,1048,85.53
O01601,P0098,1,1416,119.41
O01601,P0058,4,924,214.07
O01602,P0042,3,2712,276.45
O01602,P0011,2,1816,209.03
O01602,P0046,3,564,168.93
O01603,P0067,5,7115,1576.07
O01604,P0048,5,7385,1375.08
O01605,P0049,3,2451,249.35
O01605,P0010,2,378,42.23
O01605,P0011,3,2724,543.92
O01606,P0037,1,688,143.95
O01606,P0097,5,6160,1136.07
O01607,P0096,4,4696,1391.2
O01607,P0056,5,4510,764.5
O01607,P0044,2,390,46.43
O01608,P0007,4,3976,1054.58
O01609,P0081,2,66,9.49
O01610,P0091,2,2886,340.33
O01610,P0092,1,1199,124.38
O01611,P0016,1,1437,126.17
O01611,P0007,3,2982,489.54
O01611,P0039,4,3768,383.69
O01612,P0060,2,2310,210.34
O01612,P0006,1,792,89.38
O01613,P0063,4,2468,574.5
O01613,P0088,2,2002,184.86
O01614,P0081,1,33,2.87
O01615,P0017,2,1986,329.68
O01615,P0090,4,2692,642.63
O01616,P0040,5,2435,387.86
O01617,P0045,5,2620,545.87
O01617,P0025,1,315,48.69
O01618,P0059,5,1015,151.09
O01618,P0074,1,633,63.98
O01619,P0091,2,2886,442.65
O01620,P0075,1,177,15.17
O01620,P0029,4,5624,717.4
O01620,P0009,4,5836,581.76
O01621,P0064,4,3256,383.45
O01622,P0083,1,694,86.7
O01623,P0062,5,4040,359.87
O01623,P0045,5,2620,482.01
O01624,P0056,4,3608,682.04
O01625,P0015,1,452,38.64
O01626,P0047,3,1005,272.79
O01626,P0086,3,1905,463.99
O01627,P0079,4,3828,399.69
O01628,P0090,5,3365,867.17
O01629,P0090,4,2692,709.43
O01630,P0005,3,2550,375.89
O01630,P0025,4,1260,115.71
O01631,P0034,2,1830,452.21
O01632,P0049,2,1634,196.74
O01632,P0043,2,2824,283.6
O01633,P0077,1,1496,167.1
O01633,P0078,2,2472,314.51
O01634,P0080,3,891,219.34
O01634,P0100,2,1834,531.78
O01634,P0033,1,129,26.88
O01635,P0066,4,4764,1217.32
O01635,P0075,4,708,194.22
O01636,P0084,5,3525,299.53
O01636,P0037,2,1376,237.42
O01637,P0065,3,3495,522.42
O01637,P0007,2,1988,562.7
O01637,P0004,4,336,57.11
O01638,P0016,4,5748,1221.96
O01638,P0074,3,1899,452.81
O01638,P0063,1,617,181.1
O01639,P0059,2,406,56.63
O01639,P0044,3,585,153.26
O01639,P0097,3,3696,770.82
O01640,P0087,1,1255,205.94
O01640,P0011,2,1816,187.54
O01641,P0016,1,1437,216.02
O01641,P0079,5,4785,994.88
O01641,P0027,1,352,41.38
O01642,P0086,5,3175,869.27
O01642,P0041,3,3456,833.42
O01643,P0047,4,1340,182.46
O01643,P0023,5,3320,578.18
O01643,P0075,5,885,202.12
O01644,P0029,2,2812,511.77
O01645,P0048,1,1477,280.69
O01646,P0066,3,3573,644.43
O01646,P0084,1,705,135.68
O01647,P0022,4,1548,403.39
O01648,P0043,1,1412,416.37
O01648,P0079,1,957,196.97
O01648,P0099,4,3860,556.41
O01649,P0018,2,230,22.74
O01649,P0063,3,1851,165.84
O01649,P0060,4,4620,950.25
O01650,P0078,5,6180,1763.3
O01650,P0063,2,1234,205.42
O01650,P0038,2,2636,694.3
O01651,P0020,2,2264,319.89
O01651,P0014,3,321,61.69
O01652,P0023,4,2656,764.4
O01652,P0040,1,487,92.98
O01653,P0013,2,430,88.71
O01654,P0078,4,4944,742.01
O01654,P0073,4,2340,283.72
O01654,P0071,1,318,37.21
O01655,P0084,2,1410,343.43
O01656,P0062,2,1616,437.24
O01656,P0045,3,1572,437.94
O01657,P0021,2,2734,676.66
O01658,P0039,1,942,79.63
O01659,P0071,5,1590,259.04
O01659,P0096,3,3522,858.07
O01659,P0095,4,3068,551.49
O01660,P0079,1,957,205.45
O01660,P0020,1,1132,219.1
O01660,P0023,5,3320,826.63
O01661,P0038,1,1318,140.62
O01661,P0087,1,1255,212.55
O01661,P0038,1,1318,112.15
O01662,P0010,4,756,154.9
O01663,P0090,2,1346,350.62
O01663,P0079,2,1914,441.77
O01663,P0047,2,670,191.24
O01664,P0094,5,2970,677.5
O01664,P0032,5,5225,1253.41
O01664,P0053,5,3785,340.05
O01665,P0094,5,2970,757.16
O01666,P0048,3,4431,884.13
O01666,P0086,1,635,182.51
O01667,P0007,4,3976,737.97
O01667,P0003,3,4050,670.16
O01667,P0048,1,1477,134.62
O01668,P0046,5,940,181.71
O01668,P0025,2,630,84.92
O01668,P0040,1,487,134.35
O01669,P0030,2,1612,466.96
O01669,P0078,1,1236,351.65
O01669,P0010,5,945,259.05
O01670,P0055,1,198,44.68
O01670,P0031,5,7155,1588.89
O01671,P0063,3,1851,282.35
O01671,P0002,2,370,91.4
O01671,P0026,3,531,60.01
O01672,P0072,2,724,159.21
O01673,P0068,1,367,34.88
O01673,P0058,2,462,69.89
O01673,P0014,2,214,30.2
O01674,P0086,1,635,113.17
O01674,P0058,4,924,265.7
O01675,P0028,5,5900,797.0
O01675,P0090,5,3365,928.49
O01675,P0089,3,1149,310.13
O01676,P0050,4,3032,341.46
O01676,P0091,1,1443,145.75
O01677,P0037,2,1376,190.91
O01677,P0020,1,1132,292.31
O01677,P0074,5,3165,887.01
O01678,P0029,5,7030,797.8
O01678,P0015,2,904,202.11
O01678,P0087,5,6275,1118.72
O01679,P0095,1,767,86.55
O01679,P0010,4,756,83.89
O01680,P0076,3,1605,305.23
O01680,P0001,1,1420,268.83
O01680,P0037,3,2064,575.99
O01681,P0010,2,378,95.91
O01681,P0018,3,345,75.96
O01682,P0039,4,3768,559.72
O01683,P0040,3,1461,436.93
O01684,P0077,1,1496,216.66
O01685,P0072,5,1810,182.51
O01686,P0088,2,2002,403.13
O01686,P0048,3,4431,458.96
O01686,P0067,1,1423,328.79
O01687,P0061,2,2484,628.42
O01688,P0033,3,387,79.02
O01688,P0013,3,645,146.04
O01689,P0096,1,1174,322.08
O01689,P0074,1,633,115.35
O01690,P0098,2,2832,261.06
O01691,P0055,4,792,67.46
O01691,P0073,1,585,63.25
O01692,P0073,5,2925,326.23
O01693,P0094,1,594,59.25
O01694,P0089,2,766,95.07
O01694,P0093,2,1374,281.55
O01694,P0047,4,1340,127.44
O01695,P0075,2,354,30.61
O01696,P0009,5,7295,1731.63
O01696,P0086,1,635,120.34
O01697,P0028,4,4720,1157.89
O01697,P0008,2,2648,768.6
O01698,P0058,3,693,103.02
O01698,P0034,1,915,268.59
O01698,P0064,3,2442,547.3
O01699,P0021,4,5468,941.43
O01700,P0015,3,1356,222.68
O01701,P0087,1,1255,272.15
O01702,P0033,2,258,21.03
O01702,P0020,4,4528,1078.66
O01703,P0053,2,1514,442.22
O01703,P0073,3,1755,330.29
O01703,P0040,2,974,133.52
O01704,P0016,5,7185,2094.01
O01704,P0049,1,817,153.64
O01705,P0007,5,4970,582.47
O01705,P0081,3,99,24.4
O01706,P0063,2,1234,322.98
O01706,P0031,2,2862,477.19
O01706,P0023,1,664,127.53
O01707,P0065,4,4660,1331.31
O01707,P0082,4,2800,810.87
O01708,P0067,3,4269,1265.26
O01709,P0008,4,5296,1453.5
O01709,P0090,4,2692,720.13
O01709,P0025,4,1260,242.35
O01710,P0081,5,165,23.85
O01710,P0085,4,5412,1421.04
O01711,P0061,2,2484,514.68
O01711,P0041,2,2304,367.61
O01711,P0048,1,1477,252.29
O01712,P0063,5,3085,452.66
O01713,P0018,4,460,137.33
O01713,P0033,2,258,27.77
O01713,P0083,3,2082,562.35
O01714,P0088,3,3003,275.68
O01715,P0023,4,2656,725.92
O01715,P0056,4,3608,723.37
O01715,P0097,1,1232,139.44
O01716,P0040,4,1948,517.32
O01716,P0062,5,4040,979.36
O01717,P0019,2,2842,450.52
O01717,P0013,5,1075,271.81
O01718,P0037,4,2752,619.7
O01719,P0020,3,3396,751.94
O01719,P0010,1,189,46.99
O01720,P0002,5,925,174.34
O01721,P0028,5,5900,1186.46
O01722,P0026,2,354,64.43
O01722,P0021,1,1367,367.15
O01722,P0033,4,516,67.79
O01723,P0056,3,2706,619.61
O01724,P0025,5,1575,428.99
O01724,P0077,5,7480,1925.23
O01725,P0059,1,203,39.83
O01725,P0089,3,1149,240.22
O01725,P0098,4,5664,1122.07
O01726,P0069,4,2280,312.65
O01726,P0070,1,569,89.0
O01727,P0032,1,1045,311.88
O01728,P0082,1,700,80.79
O01729,P0035,3,525,64.65
O01729,P0035,3,525,51.5
O01730,P0036,2,2518,338.34
O01730,P0002,1,185,19.62
O01730,P0034,4,3660,333.83
O01731,P0096,5,5870,1017.0
O01731,P0055,2,396,74.95
O01731,P0079,1,957,226.79
O01732,P0068,5,1835,302.24
O01732,P0040,1,487,60.67
O01732,P0002,1,185,55.48
O01733,P0030,1,806,169.93
O01734,P0100,5,4585,995.12
O01734,P0027,1,352,34.37
O01734,P0005,3,2550,222.2
O01735,P0013,2,430,62.57
O01736,P0004,1,84,11.17
O01736,P0048,4,5908,1444.26
O01737,P0068,4,1468,363.51
O01737,P0070,5,2845,487.31
O01737,P0068,1,367,100.78
O01738,P0036,2,2518,622.76
O01738,P0032,3,3135,722.38
O01739,P0009,1,1459,348.39
O01739,P0036,3,3777,384.03
O01739,P0056,3,2706,719.76
O01740,P0041,4,4608,1201.42
O01740,P0096,3,3522,953.81
O01740,P0005,1,850,185.56
O01741,P0076,2,1070,311.16
O01742,P0055,2,396,61.1
O01742,P0016,2,2874,676.42
O01743,P0076,4,2140,605.57
O01744,P0061,5,6210,1420.35
O01744,P0019,4,5684,1108.2
O01744,P0029,1,1406,258.38
O01745,P0072,5,1810,447.61
O01745,P0005,2,1700,311.01
O01746,P0018,1,115,20.0
O01746,P0060,5,5775,1338.97
O01747,P0047,5,1675,307.19
O01748,P0056,2,1804,499.03
O01749,P0075,5,885,241.96
O01749,P0032,5,5225,1146.49
O01749,P0020,4,4528,612.59
O01750,P0050,1,758,149.94
O01750,P0076,4,2140,330.73
O01751,P0085,1,1353,241.42
O01752,P0037,5,3440,928.54
O01752,P0027,1,352,42.26
O01753,P0014,5,535,44.56
O01753,P0055,5,990,158.99
O01754,P0036,4,5036,1363.59
O01754,P0020,5,5660,492.0
O01755,P0021,3,4101,931.78
O01756,P0085,2,2706,691.79
O01756,P0061,2,2484,315.28
O01757,P0042,2,1808,209.18
O01757,P0025,1,315,52.28
O01758,P0079,4,3828,813.61
O01759,P0012,5,3490,549.78
O01759,P0030,4,3224,442.04
O01760,P0083,4,2776,234.25
O01760,P0094,4,2376,546.7
O01760,P0073,3,1755,166.0
O01761,P0072,1,362,48.54
O01761,P0019,3,4263,994.71
O01761,P0035,2,350,34.89
O01762,P0039,1,942,249.18
O01763,P0010,2,378,62.54
O01763,P0014,1,107,19.87
O01764,P0066,2,2382,294.12
O01765,P0066,5,5955,1481.04
O01766,P0055,3,594,158.41
O01767,P0012,1,698,151.05
O01767,P0064,2,1628,337.22
O01767,P0096,3,3522,701.59
O01768,P0023,5,3320,313.78
O01768,P0078,1,1236,101.66
O01769,P0027,4,1408,298.71
O01770,P0026,1,177,26.48
O01771,P0081,1,33,3.71
O01772,P0027,1,352,57.36
O01772,P0060,3,3465,859.33
O01773,P0086,5,3175,944.93
O01773,P0011,3,2724,460.2
O01773,P0089,2,766,100.22
O01774,P0069,3,1710,224.33
O01774,P0034,5,4575,457.3
O01774,P0061,1,1242,188.4
O01775,P0050,3,2274,638.22
O01776,P0039,3,2826,704.0
O01776,P0038,2,2636,495.38
O01777,P0050,4,3032,813.23
O01777,P0051,1,207,31.14
O01777,P0005,2,1700,342.38
O01778,P0056,1,902,99.31
O01778,P0051,1,207,57.81
O01779,P0026,3,531,136.77
O01779,P0043,2,2824,371.43
O01780,P0099,5,4825,914.36
O01780,P0043,1,1412,219.0
O01781,P0014,2,214,34.84
O01781,P0036,1,1259,311.9
O01782,P0023,4,2656,306.42
O01782,P0039,4,3768,317.07
O01782,P0044,3,585,148.06
O01783,P0010,3,567,141.62
O01783,P0070,4,2276,569.22
O01784,P0005,2,1700,149.72
O01784,P0063,1,617,109.3
O01785,P0025,4,1260,157.23
O01786,P0056,4,3608,385.88
O01786,P0099,4,3860,992.84
O01786,P0055,4,792,155.98
O01787,P0072,2,724,134.56
O01787,P0017,1,993,126.74
O01787,P0083,4,2776,416.32
O01788,P0072,5,1810,151.15
O01789,P0071,4,1272,184.73
O01790,P0065,3,3495,666.55
O01791,P0031,4,5724,1303.8
O01791,P0080,4,1188,108.06
O01792,P0005,2,1700,260.29
O01792,P0032,4,4180,964.56
O01792,P0039,4,3768,1114.87
O01793,P0024,2,888,179.46
O01793,P0012,3,2094,626.83
O01794,P0064,4,3256,567.5
O01794,P0030,2,1612,132.61
O01795,P0028,4,4720,1087.03
O01795,P0074,2,1266,234.48
O01795,P0003,1,1350,363.32
O01796,P0056,2,1804,518.61
O01796,P0049,2,1634,391.93
O01796,P0054,4,916,169.18
O01797,P0060,2,2310,366.8
O01797,P0004,2,168,21.49
O01797,P0012,5,3490,610.3
O01798,P0052,4,2604,556.28
O01798,P0011,4,3632,1006.44
O01798,P0042,1,904,230.89
O01799,P0002,5,925,276.21
O01799,P0090,5,3365,772.18
O01799,P0046,2,376,34.84
O01800,P0096,3,3522,884.14
O01800,P0082,3,2100,170.78
O01801,P0050,5,3790,1089.97
O01802,P0062,2,1616,297.89
O01802,P0024,5,2220,381.81
O01802,P0048,1,1477,429.13
O01803,P0074,5,3165,847.67
O01803,P0019,4,5684,1644.61
O01804,P0080,3,891,108.89
O01805,P0086,3,1905,324.86
O01805,P0065,1,1165,282.03
O01805,P0007,5,4970,1048.59
O01806,P0016,4,5748,1358.54
O01806,P0043,3,4236,576.23
O01807,P0060,1,1155,241.48
O01807,P0085,1,1353,180.05
O01808,P0091,3,4329,486.47
O01808,P0048,2,2954,546.22
O01808,P0098,4,5664,1387.16
O01809,P0091,4,5772,1387.02
O01810,P0038,1,1318,310.2
O01811,P0032,2,2090,388.89
O01812,P0075,1,177,46.71
O01813,P0013,4,860,149.39
O01813,P0036,1,1259,369.03
O01814,P0099,4,3860,448.39
O01815,P0031,2,2862,617.31
O01815,P0022,5,1935,313.14
O01816,P0021,3,4101,1083.37
O01816,P0099,4,3860,798.89
O01817,P0071,1,318,51.66
O01818,P0011,4,3632,1053.93
O01819,P0038,2,2636,549.85
O01820,P0068,2,734,63.5
O01821,P0052,4,2604,778.28
O01822,P0056,5,4510,374.61
O01822,P0084,3,2115,254.99
O01822,P0036,4,5036,700.51
O01823,P0019,1,1421,245.7
O01824,P0099,1,965,172.86
O01825,P0047,2,670,172.44
O01826,P0067,4,5692,1612.24
O01827,P0060,1,1155,318.08
O01827,P0058,1,231,66.32
O01828,P0065,5,5825,720.1
O01828,P0056,2,1804,308.34
O01829,P0097,2,2464,334.7
O01829,P0064,3,2442,397.76
O01830,P0015,1,452,121.98
O01831,P0013,2,430,87.68
O01831,P0081,4,132,23.14
O01832,P0087,5,6275,509.36
O01833,P0088,5,5005,436.2
O01834,P0098,3,4248,582.93
O01834,P0041,2,2304,630.87
O01835,P0088,5,5005,1300.69
O01835,P0023,5,3320,503.02
O01835,P0046,5,940,120.49
O01836,P0100,2,1834,198.05
O01836,P0068,2,734,218.8
O01836,P0045,4,2096,250.77
O01837,P0069,2,1140,315.62
O01838,P0001,4,5680,732.07
O01839,P0053,1,757,110.27
O01839,P0035,5,875,227.29
O01839,P0078,1,1236,132.99
O01840,P0051,4,828,148.68
O01840,P0006,3,2376,620.83
O01841,P0036,2,2518,507.76
O01841,P0083,3,2082,329.58
O01842,P0050,5,3790,711.14
O01843,P0075,5,885,143.55
O01843,P0054,4,916,218.94
O01843,P0090,5,3365,905.24
O01844,P0045,3,1572,407.99
O01844,P0013,4,860,210.36
O01845,P0042,4,3616,962.68
O01845,P0033,1,129,15.13
O01846,P0097,1,1232,278.83
O01846,P0063,1,617,126.06
O01846,P0079,2,1914,403.67
O01847,P0029,2,2812,702.33
O01848,P0033,3,387,106.06
O01848,P0012,2,1396,302.0
O01849,P0001,3,4260,848.96
O01849,P0075,1,177,36.93
O01850,P0048,2,2954,462.8
O01851,P0078,2,2472,309.95
O01852,P0071,2,636,85.12
O01853,P0080,1,297,33.82
O01854,P0017,3,2979,463.81
O01854,P0057,1,1160,121.77
O01855,P0067,2,2846,847.11
O01855,P0081,3,99,15.08
O01855,P0035,1,175,22.7
O01856,P0010,5,945,180.44
O01856,P0023,5,3320,856.15
O01857,P0015,2,904,196.38
O01857,P0055,2,396,48.47
O01858,P0027,3,1056,281.91
O01859,P0006,2,1584,333.05
O01859,P0072,2,724,59.07
O01860,P0087,1,1255,196.16
O01860,P0086,5,3175,952.38
O01860,P0089,2,766,81.92
O01861,P0013,3,645,64.44
O01861,P0083,5,3470,321.52
O01862,P0003,5,6750,1123.34
O01862,P0055,5,990,210.13
O01863,P0071,1,318,33.69
O01864,P0025,4,1260,212.09
O01865,P0036,4,5036,912.29
O01866,P0058,3,693,97.8
O01866,P0065,1,1165,325.51
O01866,P0019,4,5684,682.62
O01867,P0083,1,694,141.99
O01867,P0031,4,5724,888.47
O01868,P0078,5,6180,674.46
O01869,P0099,4,3860,373.35
O01869,P0070,2,1138,116.04
O01870,P0053,2,1514,361.79
O01870,P0085,2,2706,778.55
O01871,P0082,4,2800,420.2
O01871,P0080,5,1485,324.48
O01872,P0086,3,1905,312.96
O01872,P0081,2,66,15.46
O01873,P0066,4,4764,507.38
O01873,P0051,2,414,35.53
O01873,P0024,5,2220,467.27
O01874,P0033,5,645,179.65
O01874,P0079,3,2871,782.07
O01874,P0029,3,4218,394.12
O01875,P0061,1,1242,116.52
O01876,P0026,2,354,95.3
O01876,P0071,3,954,78.4
O01876,P0048,1,1477,206.19
O01877,P0086,2,1270,129.64
O01877,P0021,1,1367,199.44
O01877,P0051,1,207,40.12
O01878,P0040,4,1948,548.97
O01878,P0061,4,4968,1094.43
O01879,P0009,4,5836,1244.25
O01879,P0085,2,2706,439.35
O01880,P0013,3,645,173.63
O01880,P0040,2,974,285.93
O01880,P0069,5,2850,569.88
O01881,P0026,3,531,115.88
O01881,P0070,3,1707,399.59
O01881,P0081,5,165,41.92
O01882,P0031,2,2862,692.35
O01882,P0077,1,1496,219.24
O01882,P0091,5,7215,1344.03
O01883,P0010,4,756,142.43
O01884,P0039,5,4710,582.25
O01884,P0065,2,2330,637.81
O01885,P0044,5,975,204.46
O01886,P0063,4,2468,389.81
O01886,P0049,3,2451,666.61
O01886,P0046,1,188,21.9
O01887,P0094,5,2970,672.45
O01887,P0077,4,5984,840.67
O01888,P0095,3,2301,506.31
O01888,P0071,3,954,230.63
O01888,P0055,5,990,121.04
O01889,P0012,5,3490,411.11
O01889,P0098,3,4248,993.54
O01889,P0024,4,1776,194.82
O01890,P0030,1,806,195.64
O01891,P0026,4,708,131.76
O01891,P0017,5,4965,1248.01
O01892,P0027,3,1056,299.14
O01892,P0047,3,1005,243.38
O01893,P0007,5,4970,825.98
O01894,P0004,2,168,19.82
O01894,P0091,3,4329,354.53
O01894,P0023,1,664,131.02
O01895,P0027,4,1408,164.68
O01895,P0039,3,2826,504.13
O01896,P0087,4,5020,610.0
O01896,P0059,3,609,166.73
O01896,P0009,1,1459,145.81
O01897,P0014,2,214,28.69
O01898,P0086,1,635,90.96
O01898,P0096,5,5870,695.6
O01899,P0096,1,1174,250.3
O01900,P0081,4,132,22.01
O01900,P0030,4,3224,286.12
O01900,P0055,4,792,132.79
O01901,P0073,3,1755,460.1
O01901,P0033,1,129,37.65
O01902,P0093,4,2748,337.25
O01902,P0028,1,1180,218.28
O01903,P0100,1,917,77.15
O01903,P0068,2,734,157.95
O01904,P0007,1,994,205.24
O01905,P0059,3,609,150.95
O01906,P0033,5,645,76.81
O01906,P0057,2,2320,337.64
O01906,P0069,4,2280,229.37
O01907,P0050,2,1516,248.79
O01907,P0026,1,177,41.22
O01907,P0004,4,336,98.22
O01908,P0092,2,2398,435.26
O01908,P0025,1,315,47.4
O01908,P0065,3,3495,587.34
O01909,P0064,4,3256,855.71
O01909,P0044,1,195,35.93
O01909,P0006,4,3168,860.01
O01910,P0040,3,1461,187.07
O01910,P0082,5,3500,829.19
O01911,P0100,1,917,76.33
O01911,P0041,3,3456,450.04
O01912,P0067,2,2846,397.59
O01913,P0069,4,2280,596.8
O01914,P0091,2,2886,775.25
O01914,P0064,1,814,101.94
O01914,P0051,2,414,104.75
O01915,P0051,1,207,45.84
O01916,P0085,3,4059,577.54
O01916,P0087,1,1255,366.84
O01916,P0001,3,4260,469.4
O01917,P0062,1,808,133.8
O01918,P0094,3,1782,188.16
O01918,P0031,2,2862,518.45
O01919,P0051,4,828,186.19
O01919,P0018,4,460,89.76
O01920,P0088,4,4004,1108.09
O01920,P0012,1,698,120.64
O01921,P0099,2,1930,489.85
O01921,P0016,5,7185,1036.87
O01921,P0009,5,7295,2147.86
O01922,P0036,4,5036,1299.02
O01922,P0056,4,3608,548.83
O01923,P0077,1,1496,288.06
O01923,P0056,4,3608,304.33
O01924,P0072,4,1448,313.26
O01925,P0062,2,1616,190.58
O01925,P0084,2,1410,125.57
O01925,P0017,2,1986,284.29
O01926,P0029,4,5624,830.57
O01927,P0025,1,315,78.46
O01927,P0096,2,2348,300.98
O01928,P0017,4,3972,1000.15
O01928,P0079,2,1914,364.07
O01929,P0074,5,3165,431.12
O01929,P0046,5,940,232.54
O01930,P0033,2,258,41.01
O01931,P0048,5,7385,1191.49
O01931,P0099,2,1930,315.11
O01932,P0097,4,4928,1000.73
O01933,P0079,3,2871,664.37
O01934,P0059,2,406,78.54
O01935,P0029,3,4218,396.1
O01935,P0093,1,687,202.96
O01935,P0093,1,687,144.98
O01936,P0016,5,7185,1956.96
O01937,P0018,3,345,64.16
O01937,P0022,3,1161,137.42
O01937,P0064,4,3256,780.61
O01938,P0041,3,3456,869.7
O01939,P0100,1,917,241.86
O01939,P0057,1,1160,241.21
O01939,P0087,2,2510,464.17
O01940,P0018,3,345,78.6
O01941,P0060,3,3465,649.76
O01942,P0079,4,3828,926.94
O01942,P0060,3,3465,446.53
O01942,P0031,5,7155,2077.53
O01943,P0007,3,2982,419.5
O01943,P0083,4,2776,253.37
O01943,P0031,4,5724,561.63
O01944,P0027,3,1056,288.57
O01944,P0025,3,945,261.9
O01945,P0015,2,904,207.45
O01945,P0099,4,3860,949.96
O01946,P0014,5,535,151.63
O01946,P0092,1,1199,192.92
O01947,P0061,1,1242,241.3
O01947,P0018,5,575,140.44
O01948,P0029,1,1406,402.74
O01948,P0066,2,2382,427.85
O01948,P0075,2,354,73.25
O01949,P0011,1,908,227.87
O01950,P0100,3,2751,244.9
O01950,P0069,4,2280,508.35
O01951,P0043,4,5648,477.23
O01951,P0038,2,2636,421.59
O01951,P0058,4,924,80.68
O01952,P0035,2,350,82.35
O01953,P0042,3,2712,762.79
O01953,P0085,5,6765,1299.04
O01954,P0071,1,318,53.17
O01955,P0038,4,5272,1194.06
O01955,P0013,1,215,55.86
O01955,P0030,4,3224,755.01
O01956,P0075,5,885,252.46
O01957,P0070,2,1138,196.35
O01958,P0007,5,4970,1099.97
O01958,P0028,1,1180,253.87
O01959,P0074,4,2532,485.58
O01959,P0090,5,3365,588.2
O01959,P0030,2,1612,307.12
O01960,P0090,5,3365,867.61
O01960,P0056,1,902,149.0
O01961,P0049,5,4085,699.5
O01962,P0037,2,1376,320.89
O01962,P0062,5,4040,1095.09
O01963,P0092,4,4796,1425.52
O01963,P0096,1,1174,285.54
O01963,P0039,3,2826,722.72
O01964,P0082,3,2100,559.85
O01964,P0065,3,3495,718.64
O01964,P0035,2,350,91.79
O01965,P0088,4,4004,372.01
O01965,P0061,5,6210,1074.14
O01965,P0053,1,757,151.34
O01966,P0014,4,428,37.04
O01966,P0078,4,4944,619.51
O01967,P0060,1,1155,194.6
O01968,P0012,5,3490,993.97
O01969,P0097,1,1232,227.19
O01969,P0025,5,1575,327.44
O01969,P0003,5,6750,1786.37
O01970,P0065,5,5825,1512.22
O01971,P0043,4,5648,600.94
O01972,P0094,4,2376,557.25
O01973,P0092,2,2398,436.44
O01974,P0041,1,1152,227.47
O01974,P0088,3,3003,643.74
O01975,P0093,4,2748,574.91
O01976,P0002,1,185,23.19
O01977,P0089,5,1915,378.83
O01977,P0002,2,370,108.76
O01977,P0044,1,195,44.54
O01978,P0034,3,2745,402.27
O01979,P0077,5,7480,1737.7
O01979,P0067,1,1423,202.21
O01979,P0005,5,4250,910.81
O01980,P0083,4,2776,238.44
O01980,P0025,4,1260,266.79
O01981,P0057,5,5800,897.81
O01982,P0042,4,3616,440.31
O01982,P0073,3,1755,240.19
O01982,P0052,5,3255,640.29
O01983,P0046,2,376,76.52
O01983,P0018,5,575,139.93
O01984,P0053,2,1514,391.49
O01984,P0012,2,1396,352.1
O01985,P0096,1,1174,214.25
O01985,P0026,5,885,92.54
O01985,P0009,4,5836,1111.41
O01986,P0059,4,812,178.22
O01987,P0090,3,2019,456.16
O01987,P0058,1,231,35.95
O01987,P0021,5,6835,1418.79
O01988,P0082,1,700,114.46
O01989,P0075,5,885,250.12
O01989,P0007,2,1988,553.21
O01990,P0048,5,7385,742.15
O01990,P0095,1,767,95.06
O01990,P0037,4,2752,689.2
O01991,P0007,4,3976,365.66
O01992,P0071,2,636,108.56
O01992,P0009,3,4377,391.12
O01992,P0035,1,175,21.84
O01993,P0060,5,5775,501.95
O01993,P0084,1,705,126.86
O01993,P0091,4,5772,652.52
O01994,P0085,5,6765,1948.94
O01995,P0081,2,66,14.74
O01995,P0085,3,4059,1068.5
O01995,P0027,5,1760,267.12
O01996,P0085,1,1353,244.46
O01997,P0082,5,3500,788.02
O01997,P0041,3,3456,999.86
O01997,P0037,2,1376,304.3
O01998,P0039,3,2826,281.3
O01998,P0047,4,1340,266.34
O01999,P0002,5,925,213.48
O01999,P0001,5,7100,1949.68
O02000,P0094,1,594,69.93
O02000,P0012,4,2792,472.83
O02001,P0014,1,107,21.68
O02002,P0078,2,2472,654.95
O02002,P0072,2,724,157.45
O02002,P0025,4,1260,116.55
O02003,P0063,4,2468,303.11
O02004,P0080,3,891,124.07
O02004,P0017,3,2979,764.64
O02005,P0054,2,458,101.32
O02005,P0054,3,687,205.85
O02006,P0008,4,5296,1472.28
O02006,P0098,1,1416,168.93
O02006,P0044,3,585,151.11
O02007,P0007,2,1988,289.49
O02007,P0083,3,2082,265.02
O02007,P0079,5,4785,402.35
O02008,P0072,2,724,210.32
O02009,P0091,3,4329,583.12
O02009,P0036,2,2518,506.85
O02010,P0040,5,2435,436.59
O02010,P0079,1,957,129.18
O02011,P0060,4,4620,370.38
O02011,P0092,3,3597,479.49
O02012,P0021,2,2734,726.65
O02012,P0091,3,4329,386.35
O02013,P0088,2,2002,467.76
O02013,P0014,4,428,58.33
O02014,P0024,5,2220,575.72
O02015,P0013,3,645,148.05
O02015,P0070,2,1138,309.78
O02016,P0006,3,2376,629.37
O02016,P0042,5,4520,905.32
O02016,P0099,1,965,151.99
O02017,P0039,5,4710,844.92
O02017,P0007,4,3976,535.68
O02017,P0009,3,4377,616.36
O02018,P0054,4,916,156.13
O02018,P0091,2,2886,840.87
O02018,P0061,2,2484,432.55
O02019,P0048,4,5908,1521.28
O02019,P0011,5,4540,1137.73
O02020,P0040,4,1948,277.42
O02020,P0076,1,535,58.02
O02020,P0095,5,3835,568.69
O02021,P0009,2,2918,320.03
O02021,P0076,1,535,154.77
O02022,P0001,5,7100,1387.17
O02023,P0041,2,2304,671.56
O02024,P0061,5,6210,672.78
O02024,P0092,4,4796,823.62
O02024,P0070,1,569,166.51
O02025,P0065,5,5825,989.08
O02025,P0044,2,390,107.78
O02025,P0080,4,1188,254.54
O02026,P0054,5,1145,257.17
O02026,P0068,2,734,153.67
O02026,P0066,5,5955,1512.85
O02027,P0069,5,2850,383.46
O02027,P0066,3,3573,876.56
O02027,P0035,4,700,189.23
O02028,P0086,5,3175,613.57
O02028,P0079,4,3828,686.0
O02029,P0013,3,645,181.63
O02030,P0037,1,688,100.62
O02030,P0046,2,376,51.16
O02031,P0054,1,229,44.68
O02032,P0050,5,3790,981.16
O02032,P0099,1,965,146.7
O02033,P0036,5,6295,1536.78
O02033,P0019,5,7105,700.7
O02033,P0100,2,1834,309.1
O02034,P0084,1,705,195.49
O02035,P0014,3,321,29.19
O02035,P0041,4,4608,1311.38
O02036,P0038,5,6590,1577.4
O02037,P0098,3,4248,1032.53
O02038,P0051,2,414,110.8
O02038,P0013,3,645,155.34
O02038,P0069,5,2850,272.34
O02039,P0036,1,1259,105.34
O02039,P0098,5,7080,1830.44
O02040,P0021,3,4101,465.49
O02040,P0081,5,165,30.26
O02041,P0093,5,3435,737.97
O02042,P0069,3,1710,450.11
O02042,P0023,4,2656,386.09
O02043,P0076,2,1070,155.48
O02043,P0074,1,633,96.53
O02043,P0054,2,458,42.24
O02044,P0059,2,406,62.57
O02045,P0096,1,1174,241.2
O02046,P0048,4,5908,1029.08
O02046,P0044,1,195,42.3
O02047,P0100,5,4585,1280.42
O02047,P0087,4,5020,539.76
O02048,P0073,5,2925,826.8
O02048,P0016,1,1437,320.15
O02048,P0020,3,3396,572.25
O02049,P0044,1,195,19.25
O02050,P0096,3,3522,472.37
O02050,P0088,1,1001,178.86
O02050,P0032,4,4180,710.55
O02051,P0077,4,5984,1231.58
O02051,P0053,4,3028,344.12
O02051,P0093,3,2061,550.09
O02052,P0009,3,4377,588.88
O02053,P0092,4,4796,655.51
O02053,P0007,2,1988,298.12
O02054,P0074,2,1266,235.57
O02055,P0053,3,2271,606.57
O02055,P0089,1,383,31.71
O02055,P0075,4,708,132.99
O02056,P0089,2,766,73.63
O02057,P0023,1,664,86.1
O02057,P0078,1,1236,304.88
O02058,P0044,2,390,114.08
O02058,P0073,2,1170,272.5
O02058,P0084,5,3525,859.14
O02059,P0054,5,1145,273.53
O02059,P0056,5,4510,557.53
O02059,P0069,4,2280,279.4
O02060,P0020,1,1132,137.85
O02060,P0052,2,1302,336.28
O02061,P0068,3,1101,293.15
O02061,P0014,3,321,64.52
O02062,P0016,3,4311,812.81
O02063,P0059,4,812,198.9
O02064,P0044,4,780,211.01
O02064,P0074,2,1266,189.07
O02064,P0008,1,1324,374.77
O02065,P0099,4,3860,659.98
O02066,P0012,5,3490,333.94
O02067,P0071,1,318,93.82
O02067,P0081,5,165,44.18
O02068,P0035,1,175,32.61
O02068,P0054,2,458,133.47
O02069,P0067,5,7115,1497.56
O02070,P0041,3,3456,543.87
O02071,P0091,3,4329,381.6
O02072,P0040,5,2435,620.57
O02073,P0070,1,569,88.62
O02073,P0041,5,5760,1401.05
O02073,P0057,1,1160,174.71
O02074,P0014,3,321,44.84
O02074,P0024,5,2220,369.25
O02075,P0009,2,2918,620.08
O02075,P0042,1,904,255.65
O02076,P0077,4,5984,1559.89
O02077,P0052,1,651,92.91
O02078,P0034,2,1830,505.62
O02078,P0067,1,1423,338.25
O02078,P0093,3,2061,569.69
O02079,P0076,5,2675,376.6
O02080,P0074,2,1266,269.56
O02081,P0024,5,2220,250.67
O02081,P0034,1,915,235.1
O02081,P0015,1,452,103.88
O02082,P0071,4,1272,211.92
O02082,P0034,2,1830,455.27
O02082,P0051,1,207,27.42
O02083,P0010,5,945,190.92
O02083,P0068,3,1101,240.28
O02084,P0029,1,1406,316.65
O02084,P0009,5,7295,1451.02
O02084,P0082,2,1400,232.66
O02085,P0059,5,1015,237.02
O02086,P0083,4,2776,394.6
O02087,P0085,5,6765,848.75
O02087,P0077,2,2992,714.86
O02088,P0076,4,2140,233.42
O02088,P0072,1,362,103.23
O02089,P0086,4,2540,370.83
O02089,P0054,1,229,43.67
O02089,P0042,5,4520,1256.56
O02090,P0062,4,3232,288.83
O02090,P0039,5,4710,955.4
O02091,P0087,5,6275,734.18
O02092,P0089,1,383,81.15
O02092,P0076,5,2675,268.53
O02092,P0008,3,3972,1074.2
O02093,P0009,1,1459,180.82
O02094,P0062,4,3232,527.74
O02095,P0096,3,3522,697.94
O02096,P0006,3,2376,483.26
O02096,P0021,3,4101,475.15
O02096,P0030,4,3224,428.83
O02097,P0097,1,1232,128.76
O02097,P0014,4,428,37.29
O02097,P0019,4,5684,1453.5
O02098,P0020,2,2264,254.21
O02098,P0084,3,2115,274.31
O02098,P0024,4,1776,407.04
O02099,P0022,4,1548,448.04
O02099,P0007,3,2982,705.11
O02100,P0068,4,1468,352.04
O02100,P0062,1,808,218.14
O02101,P0095,2,1534,432.71
O02101,P0019,2,2842,277.33
O02101,P0041,1,1152,165.47
O02102,P0070,1,569,148.53
O02102,P0052,5,3255,503.13
O02102,P0064,2,1628,336.75
O02103,P0069,4,2280,585.64
O02103,P0028,4,4720,514.95
O02104,P0081,2,66,8.88
O02104,P0082,5,3500,569.46
O02105,P0068,3,1101,144.3
O02106,P0057,2,2320,567.91
O02107,P0053,5,3785,553.61
O02108,P0022,3,1161,217.06
O02109,P0030,4,3224,262.13
O02109,P0003,4,5400,1046.12
O02109,P0008,1,1324,202.23
O02110,P0015,4,1808,238.71
O02111,P0066,4,4764,631.3
O02111,P0022,1,387,62.54
O02112,P0011,5,4540,1249.23
O02113,P0097,4,4928,682.61
O02114,P0021,5,6835,1366.34
O02115,P0070,1,569,153.12
O02116,P0016,1,1437,302.23
O02116,P0022,2,774,71.92
O02116,P0029,2,2812,620.33
O02117,P0070,3,1707,187.35
O02118,P0027,3,1056,163.23
O02118,P0048,2,2954,735.03
O02118,P0012,4,2792,688.33
O02119,P0067,4,5692,1327.06
O02119,P0097,3,3696,483.73
O02119,P0100,1,917,189.26
O02120,P0017,4,3972,354.16
O02121,P0095,5,3835,669.91
O02121,P0045,2,1048,282.82
O02121,P0032,4,4180,655.17
O02122,P0015,3,1356,305.84
O02122,P0059,3,609,157.42
O02123,P0098,5,7080,2048.95
O02123,P0033,1,129,19.37
O02123,P0061,5,6210,1811.96
O02124,P0074,3,1899,538.67
O02124,P0007,2,1988,383.75
O02125,P0015,5,2260,188.9
O02126,P0054,1,229,54.51
O02126,P0046,5,940,155.71
O02126,P0056,3,2706,531.64
O02127,P0042,3,2712,671.65
O02127,P0009,4,5836,1725.57
O02128,P0033,2,258,54.53
O02129,P0094,3,1782,201.13
O02129,P0003,4,5400,1164.44
O02129,P0047,1,335,50.01
O02130,P0051,4,828,68.44
O02130,P0010,4,756,77.54
O02131,P0053,2,1514,224.24
O02131,P0061,4,4968,430.76
O02132,P0017,3,2979,532.53
O02133,P0029,2,2812,693.75
O02133,P0044,4,780,65.15
O02133,P0089,2,766,120.82
O02134,P0012,3,2094,399.69
O02135,P0014,1,107,17.37
O02136,P0012,1,698,66.26
O02137,P0052,1,651,112.69
O02138,P0082,3,2100,363.54
O02139,P0002,5,925,163.55
O02139,P0038,1,1318,213.72
O02140,P0053,3,2271,332.68
O02141,P0040,2,974,204.5
O02142,P0026,4,708,144.98
O02142,P0091,1,1443,340.73
O02143,P0043,3,4236,538.12
O02143,P0079,3,2871,668.27
O02144,P0008,5,6620,608.85
O02144,P0091,4,5772,618.09
O02145,P0069,1,570,140.71
O02145,P0078,5,6180,1360.77
O02145,P0023,5,3320,556.2
O02146,P0032,3,3135,835.4
O02146,P0028,4,4720,980.64
O02146,P0039,4,3768,575.08
O02147,P0057,5,5800,763.93
O02148,P0089,5,1915,361.7
O02148,P0008,5,6620,1199.55
O02149,P0012,1,698,113.31
O02149,P0049,4,3268,296.8
O02149,P0053,2,1514,444.4
O02150,P0047,4,1340,357.06
O02150,P0049,1,817,162.79
O02150,P0100,2,1834,491.91
O02151,P0097,1,1232,251.33
O02151,P0051,2,414,35.45
O02151,P0066,3,3573,625.8
O02152,P0067,2,2846,346.43
O02153,P0058,5,1155,269.92
O02154,P0075,2,354,44.7
O02155,P0022,3,1161,159.05
O02155,P0025,2,630,170.78
O02156,P0049,3,2451,325.53
O02157,P0084,4,2820,805.53
O02158,P0075,4,708,152.79
O02158,P0027,5,1760,393.54
O02159,P0083,2,1388,245.18
O02159,P0076,2,1070,232.01
O02160,P0045,2,1048,135.45
O02160,P0002,5,925,250.53
O02160,P0079,2,1914,172.8
O02161,P0007,2,1988,168.53
O02162,P0001,3,4260,986.29
O02163,P0100,1,917,158.75
O02164,P0075,2,354,87.6
O02165,P0073,5,2925,413.47
O02166,P0056,2,1804,525.93
O02167,P0078,1,1236,263.3
O02167,P0014,5,535,60.38
O02168,P0022,1,387,99.05
O02168,P0058,4,924,141.29
O02168,P0069,3,1710,461.09
O02169,P0099,3,2895,671.09
O02169,P0063,2,1234,342.16
O02170,P0092,4,4796,725.12
O02171,P0032,5,5225,1133.37
O02171,P0074,2,1266,254.78
O02171,P0088,2,2002,214.91
O02172,P0027,4,1408,356.92
O02173,P0090,2,1346,307.1
O02174,P0051,4,828,247.11
O02175,P0040,2,974,273.69
O02175,P0054,4,916,163.84
O02175,P0064,4,3256,416.88
O02176,P0092,4,4796,1319.26
O02177,P0085,1,1353,392.49
O02177,P0091,4,5772,1640.91
O02177,P0024,4,1776,153.13
O02178,P0060,1,1155,145.08
O02178,P0067,3,4269,390.7
O02179,P0029,1,1406,216.12
O02179,P0077,3,4488,526.36
O02180,P0091,3,4329,475.15
O02180,P0080,3,891,87.91
O02180,P0037,1,688,151.96
O02181,P0059,3,609,146.25
O02181,P0097,2,2464,683.8
O02181,P0066,3,3573,300.38
O02182,P0067,4,5692,1047.97
O02182,P0087,3,3765,720.6
O02182,P0066,4,4764,856.36
O02183,P0009,3,4377,898.24
O02184,P0068,4,1468,385.63
O02185,P0099,1,965,129.24
O02186,P0064,2,1628,418.51
O02186,P0072,3,1086,238.43
O02187,P0027,3,1056,304.22
O02187,P0029,1,1406,199.93
O02188,P0091,3,4329,646.38
O02188,P0029,4,5624,1248.82
O02189,P0064,1,814,158.73
O02190,P0030,5,4030,942.12
O02191,P0011,4,3632,888.69
O02191,P0053,5,3785,892.41
O02191,P0027,5,1760,446.53
O02192,P0090,5,3365,945.76
O02192,P0033,5,645,112.23
O02193,P0021,5,6835,1883.2
O02193,P0076,3,1605,133.42
O02193,P0080,3,891,188.35
O02194,P0072,2,724,80.68
O02194,P0071,4,1272,318.66
O02194,P0016,4,5748,834.91
O02195,P0088,2,2002,488.42
O02196,P0031,3,4293,1187.02
O02196,P0053,1,757,82.34
O02196,P0057,2,2320,552.37
O02197,P0094,5,2970,763.97
O02197,P0003,1,1350,304.18
O02197,P0023,1,664,101.26
O02198,P0033,5,645,183.96
O02198,P0072,2,724,97.98
O02199,P0058,1,231,27.75
O02200,P0091,4,5772,1403.11
O02200,P0068,2,734,80.92
O02201,P0052,5,3255,956.57
O02202,P0005,3,2550,730.81
O02202,P0030,3,2418,285.27
O02202,P0007,2,1988,308.18
O02203,P0096,4,4696,1146.93
O02203,P0037,4,2752,259.04
O02203,P0046,5,940,235.34
O02204,P0092,2,2398,671.39
O02204,P0070,2,1138,142.37
O02204,P0013,5,1075,238.06
O02205,P0075,4,708,65.64
O02205,P0033,5,645,189.6
O02205,P0064,3,2442,231.57
O02206,P0085,1,1353,222.67
O02206,P0049,1,817,242.84
O02206,P0095,2,1534,358.25
O02207,P0004,5,420,92.96
O02207,P0041,4,4608,678.8
O02208,P0050,5,3790,803.03
O02208,P0088,3,3003,498.83
O02208,P0017,3,2979,576.05
O02209,P0069,4,2280,495.16
O02209,P0075,5,885,221.7
O02209,P0008,4,5296,648.31
O02210,P0062,5,4040,537.79
O02210,P0050,1,758,203.44
O02210,P0071,4,1272,144.9
O02211,P0074,1,633,57.7
O02211,P0100,5,4585,426.67
O02212,P0033,4,516,50.78
O02213,P0071,2,636,51.92
O02213,P0049,4,3268,493.41
O02214,P0081,4,132,30.43
O02214,P0009,4,5836,1687.99
O02215,P0078,4,4944,1119.38
O02215,P0002,5,925,266.72
O02216,P0025,3,945,231.86
O02216,P0001,3,4260,1173.47
O02217,P0052,1,651,194.04
O02217,P0016,2,2874,391.0
O02218,P0060,3,3465,281.56
O02218,P0044,1,195,32.18
O02219,P0006,3,2376,462.43
O02219,P0021,4,5468,1409.86
O02220,P0061,3,3726,858.19
O02221,P0076,1,535,91.61
O02221,P0056,3,2706,368.5
O02222,P0021,2,2734,324.05
O02223,P0021,3,4101,562.67
O02223,P0053,5,3785,793.03
O02224,P0067,3,4269,346.16
O02224,P0020,2,2264,281.53
O02225,P0057,5,5800,1737.59
O02225,P0048,1,1477,284.71
O02226,P0035,3,525,136.78
O02227,P0001,1,1420,255.0
O02228,P0094,4,2376,291.48
O02229,P0019,3,4263,1100.6
O02229,P0078,3,3708,422.17
O02229,P0063,2,1234,237.91
O02230,P0003,1,1350,159.49
O02230,P0054,3,687,165.49
O02231,P0070,5,2845,688.19
O02231,P0072,2,724,62.76
O02231,P0075,5,885,222.05
O02232,P0046,1,188,23.83
O02232,P0055,5,990,81.84
O02233,P0091,1,1443,376.92
O02233,P0010,4,756,159.67
O02234,P0082,4,2800,307.12
O02234,P0055,3,594,91.51
O02234,P0049,2,1634,330.32
O02235,P0070,2,1138,181.82
O02236,P0067,3,4269,836.12
O02236,P0014,3,321,48.12
O02236,P0022,1,387,70.47
O02237,P0077,4,5984,1468.44
O02237,P0090,4,2692,392.53
O02238,P0084,1,705,145.28
O02238,P0007,4,3976,878.09
O02238,P0019,2,2842,585.65
O02239,P0044,1,195,53.71
O02239,P0003,5,6750,1770.15
O02239,P0015,5,2260,203.25
O02240,P0061,4,4968,398.63
O02240,P0037,5,3440,465.14
O02240,P0085,2,2706,603.84
O02241,P0016,2,2874,842.88
O02242,P0033,5,645,136.81
O02242,P0093,2,1374,210.31
O02243,P0065,5,5825,1544.42
O02243,P0002,1,185,33.87
O02244,P0013,2,430,38.27
O02244,P0058,1,231,47.12
O02245,P0009,4,5836,1071.82
O02245,P0050,5,3790,667.39
O02246,P0091,5,7215,1157.04
O02246,P0040,1,487,109.28
O02247,P0055,5,990,275.08
O02248,P0045,3,1572,469.33
O02248,P0087,5,6275,1498.22
O02248,P0080,2,594,48.0
O02249,P0024,2,888,234.97
O02249,P0056,3,2706,684.82
O02249,P0049,5,4085,1112.08
O02250,P0046,5,940,241.88
O02250,P0076,3,1605,165.84
O02250,P0053,4,3028,348.28
O02251,P0038,2,2636,308.49
O02251,P0005,4,3400,295.28
O02251,P0074,3,1899,453.8
O02252,P0054,5,1145,282.22
O02252,P0034,2,1830,331.29
O02253,P0006,3,2376,675.21
O02253,P0086,2,1270,129.16
O02254,P0028,2,2360,552.13
O02254,P0075,4,708,119.39
O02255,P0079,2,1914,429.86
O02255,P0068,1,367,59.36
O02255,P0052,5,3255,921.59
O02256,P0032,4,4180,831.8
O02257,P0093,3,2061,518.07
O02258,P0078,3,3708,966.95
O02258,P0011,5,4540,675.23
O02259,P0100,5,4585,965.69
O02259,P0053,1,757,216.04
O02259,P0051,2,414,54.58
O02260,P0012,2,1396,179.27
O02260,P0082,4,2800,297.33
O02261,P0002,5,925,266.48
O02261,P0024,1,444,131.31
O02261,P0080,2,594,77.31
O02262,P0036,5,6295,582.0
O02262,P0100,4,3668,548.73
O02262,P0031,3,4293,1167.88
O02263,P0074,5,3165,690.26
O02263,P0039,4,3768,347.55
O02263,P0088,5,5005,709.33
O02264,P0019,4,5684,1181.16
O02264,P0098,3,4248,405.82
O02265,P0025,4,1260,238.4
O02265,P0020,3,3396,422.99
O02266,P0035,1,175,52.07
O02266,P0032,5,5225,1039.63
O02266,P0077,1,1496,397.13
O02267,P0092,2,2398,435.98
O02267,P0085,1,1353,213.24
O02267,P0007,1,994,149.59
O02268,P0015,1,452,91.63
O02268,P0085,3,4059,654.76
O02268,P0099,5,4825,1194.98
O02269,P0027,4,1408,164.57
O02269,P0067,5,7115,898.07
O02269,P0041,3,3456,695.03
O02270,P0008,4,5296,662.95
O02270,P0092,1,1199,323.1
O02271,P0095,4,3068,514.47
O02272,P0076,2,1070,225.35
O02273,P0016,1,1437,171.99
O02273,P0088,5,5005,431.07
O02273,P0072,3,1086,263.26
O02274,P0052,5,3255,331.84
O02274,P0092,5,5995,1332.98
O02274,P0075,5,885,172.63
O02275,P0090,1,673,129.46
O02275,P0090,2,1346,349.16
O02276,P0080,4,1188,96.88
O02277,P0039,4,3768,894.37
O02277,P0016,5,7185,632.73
O02278,P0087,1,1255,225.94
O02279,P0017,2,1986,369.06
O02280,P0026,5,885,178.83
O02281,P0075,5,885,188.92
O02281,P0018,2,230,29.73
O02282,P0014,5,535,120.81
O02282,P0008,4,5296,1194.24
O02282,P0066,5,5955,1658.27
O02283,P0011,2,1816,430.48
O02284,P0043,4,5648,1061.73
O02285,P0051,5,1035,222.65
O02285,P0089,5,1915,483.05
O02286,P0062,2,1616,249.56
O02287,P0057,4,4640,384.75
O02287,P0096,4,4696,832.59
O02287,P0075,1,177,43.99
O02288,P0082,2,1400,142.85
O02288,P0091,3,4329,670.38
O02288,P0068,1,367,84.37
O02289,P0076,4,2140,489.52
O02289,P0049,1,817,129.61
O02290,P0023,1,664,129.78
O02290,P0028,5,5900,1255.35
O02290,P0075,2,354,68.55
O02291,P0065,3,3495,482.13
O02291,P0044,3,585,94.12
O02291,P0046,5,940,186.33
O02292,P0079,1,957,142.11
O02293,P0058,4,924,267.23
O02293,P0033,1,129,31.68
O02294,P0044,3,585,156.3
O02295,P0055,4,792,156.71
O02296,P0072,1,362,54.79
O02296,P0016,4,5748,1495.69
O02297,P0066,5,5955,574.2
O02297,P0078,1,1236,257.35
O02297,P0060,4,4620,1262.35
O02298,P0032,5,5225,931.15
O02298,P0041,1,1152,313.59
O02299,P0045,2,1048,231.12
O02300,P0095,3,2301,364.88
O02300,P0040,5,2435,351.18
O02301,P0089,4,1532,316.19
O02301,P0036,3,3777,322.72
O02302,P0095,4,3068,735.21
O02303,P0013,3,645,167.16
O02303,P0096,1,1174,205.5
O02304,P0009,5,7295,1096.04
O02305,P0048,4,5908,1130.36
O02306,P0077,1,1496,236.54
O02307,P0009,3,4377,786.38
O02307,P0047,2,670,142.25
O02308,P0004,2,168,37.93
O02308,P0070,2,1138,117.19
O02308,P0058,4,924,269.42
O02309,P0012,2,1396,329.94
O02309,P0039,2,1884,384.87
O02309,P0060,1,1155,176.62
O02310,P0073,3,1755,388.48
O02310,P0026,2,354,45.97
O02311,P0060,1,1155,187.92
O02311,P0015,3,1356,129.06
O02312,P0011,3,2724,540.06
O02312,P0082,5,3500,613.3
O02313,P0058,1,231,66.59
O02313,P0023,2,1328,193.86
O02314,P0058,4,924,218.05
O02314,P0039,4,3768,447.91
O02315,P0063,3,1851,450.65
O02316,P0075,3,531,106.12
O02316,P0041,1,1152,325.72
O02316,P0045,4,2096,291.14
O02317,P0026,1,177,30.7
O02317,P0023,4,2656,214.2
O02317,P0080,1,297,85.72
O02318,P0071,1,318,61.37
O02319,P0011,4,3632,741.65
O02320,P0016,3,4311,1190.15
O02321,P0036,2,2518,637.81
O02322,P0029,3,4218,956.99
O02322,P0030,4,3224,753.74
O02323,P0034,5,4575,622.8
O02324,P0050,2,1516,352.74
O02324,P0017,4,3972,569.25
O02324,P0003,2,2700,567.35
O02325,P0074,2,1266,250.57
O02325,P0010,3,567,128.24
O02325,P0063,2,1234,362.35
O02326,P0003,2,2700,468.3
O02327,P0083,3,2082,610.51
O02327,P0033,1,129,26.64
O02327,P0056,5,4510,742.27
O02328,P0099,1,965,195.63
O02329,P0039,4,3768,614.05
O02330,P0011,1,908,192.45
O02330,P0046,4,752,223.94
O02331,P0079,4,3828,1108.44
O02331,P0096,1,1174,129.96
O02332,P0043,4,5648,1589.12
O02332,P0070,3,1707,201.86
O02333,P0083,2,1388,353.32
O02334,P0063,2,1234,283.34
O02335,P0029,3,4218,906.95
O02336,P0028,1,1180,113.19
O02336,P0062,2,1616,387.1
O02336,P0055,4,792,159.84
O02337,P0062,4,3232,513.17
O02337,P0035,1,175,17.61
O02338,P0011,5,4540,435.28
O02338,P0053,2,1514,332.85
O02339,P0025,4,1260,134.15
O02339,P0009,3,4377,376.06
O02340,P0069,2,1140,152.72
O02341,P0009,1,1459,263.7
O02341,P0083,4,2776,776.59
O02342,P0088,3,3003,332.81
O02342,P0091,4,5772,1494.85
O02343,P0022,5,1935,318.15
O02344,P0094,2,1188,194.25
O02344,P0002,1,185,37.9
O02345,P0016,4,5748,1589.89
O02345,P0073,3,1755,277.86
O02346,P0004,2,168,31.4
O02347,P0045,4,2096,560.0
O02347,P0005,3,2550,659.47
O02348,P0025,5,1575,141.59
O02348,P0061,2,2484,705.47
O02349,P0013,3,645,51.95
O02349,P0027,2,704,171.39
O02349,P0100,3,2751,427.84
O02350,P0070,2,1138,299.28
O02350,P0089,3,1149,288.96
O02350,P0040,3,1461,398.12
O02351,P0001,4,5680,630.2
O02351,P0079,5,4785,1341.39
O02352,P0032,5,5225,418.91
O02353,P0065,2,2330,676.81
O02353,P0013,1,215,29.15
O02354,P0090,3,2019,329.41
O02354,P0029,1,1406,228.1
O02355,P0095,3,2301,477.82
O02355,P0088,2,2002,225.7
O02356,P0019,1,1421,195.18
O02357,P0079,4,3828,749.2
O02357,P0045,4,2096,439.58
O02357,P0066,3,3573,453.79
O02358,P0011,1,908,130.47
O02359,P0090,3,2019,288.3
O02359,P0059,4,812,153.48
O02359,P0044,4,780,135.32
O02360,P0018,2,230,21.02
O02360,P0045,5,2620,673.25
O02360,P0064,5,4070,371.8
O02361,P0096,5,5870,1090.02
O02362,P0081,1,33,4.91
O02363,P0042,1,904,136.87
O02363,P0020,1,1132,152.86
O02363,P0018,4,460,85.52
O02364,P0011,2,1816,397.5
O02364,P0039,1,942,176.05
O02365,P0065,1,1165,233.86
O02365,P0015,1,452,40.67
O02365,P0045,4,2096,458.58
O02366,P0009,4,5836,853.59
O02366,P0058,3,693,171.46
O02367,P0047,4,1340,296.55
O02368,P0041,1,1152,128.35
O02368,P0035,4,700,182.58
O02368,P0067,2,2846,380.7
O02369,P0053,1,757,122.56
O02369,P0025,3,945,112.86
O02369,P0041,2,2304,190.52
O02370,P0020,1,1132,136.55
O02371,P0091,2,2886,839.73
O02372,P0014,3,321,94.66
O02372,P0045,3,1572,440.46
O02373,P0036,3,3777,1062.9
O02374,P0058,2,462,66.26
O02375,P0085,1,1353,194.35
O02376,P0040,1,487,82.21
O02377,P0013,1,215,22.08
O02377,P0043,1,1412,192.51
O02378,P0038,5,6590,1348.35
O02378,P0029,1,1406,142.0
O02378,P0050,4,3032,525.66
O02379,P0074,2,1266,337.69
O02380,P0086,2,1270,137.57
O02380,P0004,2,168,23.71
O02380,P0086,1,635,189.27
O02381,P0031,5,7155,777.81
O02382,P0077,2,2992,270.42
O02382,P0034,4,3660,405.4
O02382,P0065,1,1165,117.7
O02383,P0044,5,975,240.49
O02383,P0096,1,1174,123.33
O02383,P0032,2,2090,284.92
O02384,P0086,2,1270,164.08
O02384,P0018,1,115,14.07
O02385,P0094,2,1188,190.07
O02385,P0030,5,4030,658.27
O02385,P0055,1,198,50.54
O02386,P0029,2,2812,678.38
O02387,P0064,3,2442,642.56
O02387,P0055,4,792,181.72
O02388,P0090,2,1346,171.81
O02388,P0026,2,354,67.31
O02389,P0036,3,3777,808.54
O02389,P0090,4,2692,685.04
O02390,P0069,3,1710,356.37
O02391,P0042,4,3616,443.08
O02391,P0030,2,1612,393.32
O02392,P0061,5,6210,1795.72
O02392,P0033,2,258,45.46
O02392,P0040,4,1948,428.69
O02393,P0045,2,1048,147.64
O02393,P0088,5,5005,1006.17
O02394,P0089,3,1149,136.75
O02394,P0018,4,460,120.83
O02394,P0029,3,4218,713.05
O02395,P0081,3,99,22.91
O02396,P0072,4,1448,234.0
O02396,P0032,3,3135,638.91
O02397,P0041,3,3456,647.46
O02398,P0040,2,974,157.15
O02398,P0099,2,1930,524.79
O02399,P0030,1,806,174.35
O02399,P0078,4,4944,848.53
O02399,P0001,1,1420,196.89
O02400,P0046,2,376,50.69
O02400,P0013,5,1075,251.07
O02401,P0009,3,4377,1195.77
O02402,P0042,4,3616,634.78
O02402,P0074,3,1899,430.55
O02403,P0092,2,2398,487.9
O02403,P0064,4,3256,351.65
O02404,P0051,5,1035,208.36
O02404,P0010,3,567,138.66
O02404,P0061,2,2484,357.0
O02405,P0072,4,1448,273.16
O02405,P0049,5,4085,462.27
O02405,P0096,1,1174,181.41
O02406,P0042,2,1808,399.59
O02407,P0078,4,4944,1429.8
O02407,P0036,5,6295,1793.25
O02407,P0032,3,3135,438.02
O02408,P0027,3,1056,179.92
O02408,P0036,3,3777,717.81
O02408,P0057,4,4640,622.68
O02409,P0016,1,1437,245.51
O02409,P0005,1,850,141.55
O02409,P0030,5,4030,452.83
O02410,P0032,4,4180,877.18
O02410,P0022,2,774,166.8
O02410,P0039,5,4710,1192.63
O02411,P0097,4,4928,498.52
O02412,P0056,5,4510,443.45
O02413,P0099,5,4825,1082.11
O02413,P0025,4,1260,125.3
O02414,P0046,1,188,35.6
O02415,P0070,4,2276,247.57
O02416,P0079,4,3828,888.28
O02417,P0083,1,694,97.33
O02418,P0007,4,3976,1030.56
O02418,P0035,5,875,243.99
O02418,P0042,1,904,182.88
O02419,P0069,4,2280,549.53
O02420,P0087,2,2510,265.86
O02420,P0091,1,1443,426.25
O02420,P0018,4,460,116.12
O02421,P0001,3,4260,1074.63
O02421,P0047,4,1340,224.19
O02421,P0092,3,3597,796.15
O02422,P0029,5,7030,2095.85
O02423,P0060,2,2310,382.29
O02423,P0006,3,2376,370.14
O02423,P0060,4,4620,578.08
O02424,P0032,5,5225,543.16
O02425,P0030,5,4030,1085.39
O02426,P0041,3,3456,285.11
O02426,P0093,4,2748,715.98
O02426,P0045,3,1572,300.63
O02427,P0079,1,957,285.73
O02427,P0097,1,1232,147.76
O02427,P0039,4,3768,883.8
O02428,P0014,3,321,65.73
O02428,P0062,1,808,174.93
O02429,P0051,1,207,35.31
O02429,P0096,5,5870,759.13
O02430,P0100,2,1834,388.84
O02430,P0017,1,993,102.35
O02431,P0053,1,757,88.84
O02431,P0087,5,6275,540.02
O02432,P0055,2,396,81.14
O02432,P0053,3,2271,547.09
O02433,P0046,1,188,23.09
O02434,P0074,3,1899,558.03
O02435,P0046,4,752,211.97
O02436,P0011,4,3632,815.36
O02436,P0009,2,2918,847.79
O02437,P0064,5,4070,1037.05
O02437,P0083,3,2082,187.44
O02438,P0077,5,7480,1910.18
O02438,P0017,3,2979,296.39
O02438,P0091,1,1443,418.62
O02439,P0062,4,3232,685.54
O02439,P0017,1,993,95.59
O02440,P0033,5,645,64.53
O02440,P0048,4,5908,486.19
O02441,P0089,5,1915,428.92
O02441,P0051,5,1035,233.75
O02442,P0023,1,664,60.07
O02443,P0100,2,1834,507.28
O02443,P0006,1,792,89.59
O02444,P0028,4,4720,1263.58
O02444,P0003,1,1350,228.05
O02444,P0061,5,6210,1861.98
O02445,P0034,1,915,249.57
O02445,P0071,5,1590,141.04
O02445,P0008,3,3972,443.92
O02446,P0016,3,4311,820.93
O02447,P0094,3,1782,261.1
O02447,P0028,3,3540,974.9
O02447,P0062,1,808,101.89
O02448,P0053,1,757,131.42
O02449,P0077,4,5984,1223.16
O02449,P0055,1,198,37.0
O02449,P0015,5,2260,230.37
O02450,P0011,4,3632,337.51
O02450,P0084,3,2115,535.49
O02450,P0008,1,1324,355.03
O02451,P0046,4,752,79.35
O02452,P0046,1,188,39.15
O02453,P0050,1,758,226.79
O02453,P0053,3,2271,634.44
O02454,P0074,1,633,73.14
O02454,P0015,5,2260,457.07
O02454,P0081,1,33,4.74
O02455,P0075,2,354,93.77
O02456,P0054,3,687,102.89
O02456,P0044,4,780,222.65
O02457,P0050,5,3790,480.91
O02458,P0060,4,4620,1232.66
O02458,P0081,3,99,18.61
O02459,P0062,4,3232,391.9
O02459,P0072,1,362,47.98
O02460,P0060,1,1155,325.66
O02461,P0075,3,531,114.29
O02461,P0092,1,1199,269.39
O02462,P0087,1,1255,316.44
O02462,P0025,3,945,110.8
O02463,P0093,2,1374,145.88
O02463,P0033,3,387,105.63
O02463,P0072,1,362,85.5
O02464,P0085,3,4059,519.21
O02465,P0038,4,5272,1113.97
O02466,P0005,2,1700,281.31
O02466,P0040,4,1948,390.63
O02467,P0006,3,2376,277.49
O02467,P0068,3,1101,130.59
O02468,P0098,4,5664,1374.71
O02468,P0095,1,767,61.7
O02468,P0003,3,4050,576.15
O02469,P0020,1,1132,323.22
O02469,P0094,4,2376,495.22
O02469,P0066,5,5955,1399.74
O02470,P0099,5,4825,944.04
O02470,P0012,3,2094,363.73
O02471,P0022,3,1161,222.3
O02471,P0019,5,7105,913.7
O02471,P0030,1,806,69.91
O02472,P0054,5,1145,341.08
O02473,P0043,3,4236,742.11
O02473,P0043,3,4236,1214.03
O02473,P0032,4,4180,525.87
O02474,P0066,5,5955,864.51
O02474,P0039,2,1884,503.75
O02475,P0029,4,5624,1239.49
O02476,P0003,4,5400,617.4
O02477,P0042,2,1808,447.11
O02477,P0098,3,4248,718.42
O02478,P0030,3,2418,397.06
O02479,P0022,4,1548,131.52
O02480,P0038,1,1318,190.71
O02481,P0014,3,321,33.54
O02481,P0068,2,734,59.54
O02481,P0093,4,2748,527.71
O02482,P0017,2,1986,272.77
O02482,P0066,5,5955,1059.5
O02483,P0082,1,700,56.53
O02484,P0027,4,1408,239.39
O02484,P0063,5,3085,286.84
O02484,P0064,3,2442,726.3
O02485,P0079,4,3828,420.42
O02486,P0055,1,198,36.39
O02487,P0066,2,2382,453.37
O02488,P0033,1,129,20.29
O02489,P0047,2,670,74.24
O02489,P0039,2,1884,379.6
O02489,P0084,2,1410,167.08
O02490,P0004,3,252,20.89
O02491,P0002,4,740,112.39
O02491,P0029,2,2812,550.37
O02492,P0098,5,7080,1487.03
O02492,P0039,3,2826,245.94
O02493,P0025,1,315,27.9
O02493,P0021,5,6835,949.76
O02494,P0029,1,1406,183.06
O02494,P0028,1,1180,277.3
O02494,P0024,2,888,138.84
O02495,P0004,3,252,30.93
O02496,P0003,2,2700,313.85
O02496,P0016,5,7185,1510.65
O02497,P0034,4,3660,525.72
O02498,P0073,3,1755,509.71
O02498,P0065,5,5825,1722.57
O02498,P0086,5,3175,784.28
O02499,P0010,2,378,32.67
O02499,P0081,5,165,13.82
O02499,P0084,1,705,60.08
O02500,P0061,1,1242,269.33
O02500,P0052,3,1953,260.47
O02501,P0035,5,875,134.09
O02502,P0009,5,7295,1804.85
O02503,P0058,3,693,99.33
O02504,P0030,4,3224,825.25
O02504,P0030,3,2418,583.24
O02504,P0059,2,406,81.66
O02505,P0079,1,957,211.63
O02506,P0092,5,5995,1701.35
O02506,P0053,2,1514,128.64
O02506,P0076,2,1070,263.56
O02507,P0038,5,6590,1458.66
O02507,P0030,1,806,183.94
O02508,P0044,4,780,158.21
O02509,P0069,2,1140,115.61
O02510,P0049,5,4085,978.7
O02510,P0002,4,740,99.99
O02510,P0089,2,766,199.81
O02511,P0030,5,4030,832.82
O02511,P0018,3,345,89.41
O02512,P0042,3,2712,788.43
O02512,P0054,4,916,231.32
O02512,P0063,5,3085,635.13
O02513,P0054,1,229,45.76
O02513,P0063,3,1851,224.06
O02513,P0077,1,1496,394.2
O02514,P0009,4,5836,1194.14
O02514,P0032,1,1045,242.11
O02514,P0014,3,321,88.8
O02515,P0080,5,1485,380.49
O02515,P0020,4,4528,376.96
O02515,P0085,1,1353,324.9
O02516,P0066,3,3573,616.28
O02516,P0069,2,1140,149.77
O02517,P0066,3,3573,634.89
O02517,P0073,1,585,57.48
O02518,P0058,2,462,82.1
O02518,P0051,1,207,58.75
O02519,P0049,5,4085,388.91
O02519,P0029,5,7030,1952.67
O02520,P0025,2,630,99.98
O02521,P0076,1,535,103.07
O02521,P0087,2,2510,465.25
O02521,P0060,4,4620,995.67
O02522,P0026,5,885,236.08
O02523,P0062,3,2424,354.59
O02523,P0014,4,428,115.19
O02524,P0070,3,1707,438.01
O02525,P0082,5,3500,497.13
O02526,P0038,2,2636,642.31
O02527,P0002,2,370,46.9
O02527,P0018,5,575,46.6
O02528,P0059,3,609,59.44
O02529,P0072,2,724,106.95
O02529,P0031,3,4293,666.45
O02529,P0002,4,740,156.94
O02530,P0089,5,1915,295.61
O02530,P0071,4,1272,180.62
O02531,P0086,1,635,104.47
O02531,P0073,4,2340,477.08
O02531,P0023,4,2656,221.21
O02532,P0027,2,704,113.46
O02532,P0043,1,1412,187.25
O02533,P0035,2,350,78.6
O02534,P0008,3,3972,908.18
O02534,P0057,3,3480,553.13
O02534,P0037,2,1376,366.88
O02535,P0085,5,6765,1912.85
O02535,P0083,2,1388,271.46
O02536,P0032,1,1045,147.86
O02537,P0092,5,5995,1053.43
O02538,P0055,5,990,209.9
O02539,P0017,2,1986,202.23
O02539,P0004,3,252,72.9
O02540,P0094,2,1188,311.77
O02540,P0041,1,1152,168.71
O02540,P0043,4,5648,1028.4
O02541,P0056,1,902,143.44
O02542,P0001,5,7100,843.06
O02543,P0087,4,5020,1068.79
O02543,P0085,4,5412,1455.05
O02544,P0096,4,4696,604.3
O02545,P0094,3,1782,437.19
O02546,P0013,1,215,56.88
O02547,P0013,2,430,81.71
O02547,P0027,3,1056,207.99
O02547,P0089,3,1149,93.84
O02548,P0036,1,1259,216.49
O02549,P0003,5,6750,612.39
O02549,P0062,5,4040,535.94
O02549,P0040,2,974,123.27
O02550,P0057,2,2320,435.39
O02550,P0021,4,5468,539.39
O02550,P0048,1,1477,118.83
O02551,P0042,1,904,108.88
O02551,P0034,5,4575,1018.24
O02551,P0041,4,4608,469.46
O02552,P0098,2,2832,750.96
O02553,P0007,3,2982,697.8
O02553,P0014,1,107,20.66
O02554,P0073,3,1755,514.85
O02554,P0059,3,609,49.05
O02555,P0086,5,3175,950.75
O02555,P0070,2,1138,147.85
O02556,P0041,3,3456,829.2
O02556,P0016,2,2874,316.36
O02557,P0006,1,792,231.04
O02558,P0069,4,2280,415.88
O02558,P0020,5,5660,1409.59
O02558,P0054,3,687,105.06
O02559,P0054,4,916,221.18
O02559,P0072,2,724,128.63
O02560,P0003,1,1350,290.64
O02560,P0081,3,99,12.18
O02560,P0095,5,3835,896.8
O02561,P0058,1,231,52.53
O02562,P0093,4,2748,805.78
O02562,P0005,4,3400,526.31
O02563,P0080,2,594,133.62
O02563,P0008,4,5296,501.62
O02564,P0022,5,1935,222.96
O02565,P0080,3,891,164.74
O02566,P0038,4,5272,1189.78
O02567,P0009,5,7295,679.69
O02567,P0079,2,1914,256.67
O02567,P0056,1,902,149.71
O02568,P0065,5,5825,1337.1
O02568,P0057,4,4640,395.74
O02568,P0090,4,2692,590.02
O02569,P0014,3,321,43.06
O02570,P0047,2,670,154.42
O02571,P0004,5,420,66.47
O02572,P0073,1,585,158.64
O02573,P0007,5,4970,1185.35
O02573,P0099,5,4825,776.24
O02574,P0061,4,4968,489.02
O02575,P0010,2,378,80.66
O02575,P0082,2,1400,118.64
O02576,P0025,2,630,113.26
O02577,P0091,2,2886,592.66
O02577,P0051,5,1035,211.36
O02578,P0085,2,2706,736.61
O02578,P0094,1,594,74.59
O02578,P0091,3,4329,762.85
O02579,P0082,5,3500,935.62
O02579,P0009,4,5836,1253.42
O02579,P0090,2,1346,395.18
O02580,P0087,3,3765,386.75
O02580,P0051,5,1035,128.73
O02580,P0032,4,4180,713.95
O02581,P0092,1,1199,328.68
O02581,P0089,3,1149,318.29
O02581,P0051,5,1035,114.56
O02582,P0006,1,792,199.08
O02583,P0051,1,207,53.65
O02583,P0023,3,1992,231.09
O02583,P0098,4,5664,942.73
O02584,P0042,4,3616,643.38
O02585,P0035,3,525,49.35
O02586,P0069,4,2280,274.23
O02587,P0053,3,2271,652.86
O02587,P0094,2,1188,346.53
O02588,P0043,4,5648,1632.5
O02589,P0043,4,5648,842.02
O02589,P0070,4,2276,489.32
O02590,P0046,3,564,110.75
O02590,P0019,5,7105,1027.18
O02591,P0005,2,1700,197.59
O02591,P0044,5,975,139.77
O02592,P0067,1,1423,120.63
O02592,P0079,4,3828,832.99
O02593,P0049,1,817,237.65
O02593,P0001,5,7100,770.46
O02594,P0016,4,5748,873.34
O02594,P0067,5,7115,2023.07
O02594,P0054,1,229,25.52
O02595,P0093,1,687,185.9
O02595,P0066,2,2382,583.95
O02595,P0099,4,3860,912.55
O02596,P0040,5,2435,700.85
O02597,P0090,3,2019,473.4
O02597,P0028,5,5900,1044.22
O02597,P0055,2,396,54.1
O02598,P0079,2,1914,183.84
O02598,P0026,5,885,92.27
O02599,P0099,3,2895,805.47
O02599,P0045,2,1048,117.81
O02600,P0091,3,4329,1196.78
O02601,P0068,5,1835,544.03
O02601,P0010,1,189,27.05
O02602,P0055,4,792,189.34
O02602,P0030,4,3224,866.46
O02603,P0092,3,3597,379.73
O02604,P0064,3,2442,570.42
O02604,P0065,1,1165,210.83
O02604,P0017,2,1986,259.45
O02605,P0033,5,645,70.61
O02605,P0044,3,585,105.07
O02605,P0016,2,2874,719.41
O02606,P0050,4,3032,672.87
O02607,P0088,1,1001,284.11
O02608,P0075,3,531,79.47
O02608,P0012,4,2792,523.26
O02608,P0045,4,2096,173.1
O02609,P0001,4,5680,1241.82
O02610,P0008,2,2648,706.26
O02610,P0043,5,7060,1226.99
O02610,P0067,1,1423,149.16
O02611,P0098,2,2832,243.42
O02612,P0083,5,3470,500.65
O02613,P0049,2,1634,270.09
O02613,P0039,3,2826,706.82
O02614,P0014,2,214,26.75
O02614,P0039,2,1884,325.99
O02614,P0027,4,1408,321.94
O02615,P0027,1,352,101.5
O02615,P0044,5,975,113.69
O02616,P0084,5,3525,751.37
O02616,P0054,4,916,219.14
O02616,P0095,1,767,179.02
O02617,P0092,1,1199,320.61
O02617,P0010,3,567,121.03
O02618,P0028,4,4720,1287.97
O02618,P0003,5,6750,737.62
O02619,P0041,3,3456,973.87
O02619,P0042,3,2712,556.01
O02619,P0027,1,352,36.97
O02620,P0083,2,1388,190.91
O02621,P0051,1,207,57.91
O02621,P0032,2,2090,339.26
O02622,P0043,1,1412,137.02
O02622,P0061,3,3726,537.25
O02622,P0013,1,215,39.68
O02623,P0005,1,850,169.15
O02623,P0089,1,383,48.9
O02623,P0042,5,4520,1091.24
O02624,P0047,1,335,47.87
O02624,P0095,1,767,71.7
O02624,P0023,1,664,92.84
O02625,P0067,3,4269,722.51
O02626,P0092,3,3597,347.78
O02626,P0077,2,2992,788.09
O02626,P0049,2,1634,318.53
O02627,P0038,1,1318,185.02
O02627,P0095,2,1534,283.8
O02627,P0030,4,3224,484.69
O02628,P0023,1,664,81.91
O02628,P0061,5,6210,1370.02
O02628,P0087,1,1255,355.01
O02629,P0053,3,2271,372.25
O02629,P0011,4,3632,378.45
O02629,P0028,4,4720,947.59
O02630,P0052,1,651,189.87
O02631,P0081,1,33,3.76
O02631,P0047,4,1340,340.18
O02631,P0095,1,767,129.67
O02632,P0072,5,1810,421.12
O02632,P0042,2,1808,337.05
O02632,P0025,1,315,55.41
O02633,P0066,3,3573,691.41
O02634,P0057,4,4640,1372.56
O02634,P0057,5,5800,1711.63
O02635,P0091,1,1443,296.0
O02636,P0007,4,3976,701.68
O02636,P0094,5,2970,718.4
O02637,P0011,2,1816,410.56
O02637,P0017,2,1986,339.69
O02637,P0015,4,1808,490.61
O02638,P0054,3,687,185.67
O02638,P0096,3,3522,1033.08
O02638,P0031,5,7155,898.84
O02639,P0040,3,1461,231.48
O02640,P0021,1,1367,286.21
O02640,P0011,4,3632,551.97
O02640,P0092,2,2398,479.59
O02641,P0066,3,3573,1034.06
O02642,P0051,5,1035,232.2
O02643,P0053,2,1514,215.14
O02643,P0096,4,4696,789.11
O02643,P0096,2,2348,236.53
O02644,P0021,4,5468,840.61
O02644,P0020,1,1132,107.13
O02644,P0026,3,531,105.5
O02645,P0012,4,2792,486.11
O02645,P0012,4,2792,594.82
O02646,P0084,1,705,182.77
O02647,P0088,1,1001,113.47
O02648,P0085,3,4059,507.34
O02648,P0001,4,5680,677.79
O02648,P0018,4,460,80.32
O02649,P0037,2,1376,187.29
O02649,P0065,1,1165,256.71
O02649,P0079,1,957,111.22
O02650,P0047,5,1675,270.57
O02651,P0073,4,2340,242.02
O02651,P0091,2,2886,233.69
O02652,P0037,4,2752,715.52
O02652,P0021,1,1367,270.31
O02652,P0086,5,3175,899.31
O02653,P0060,1,1155,254.75
O02654,P0039,5,4710,1273.14
O02655,P0039,4,3768,959.1
O02656,P0099,4,3860,1089.94
O02656,P0041,1,1152,122.79
O02657,P0100,3,2751,304.94
O02657,P0007,2,1988,462.26
O02657,P0074,4,2532,566.01
O02658,P0077,2,2992,240.08
O02658,P0086,5,3175,296.94
O02659,P0026,1,177,19.86
O02659,P0033,1,129,33.8
O02660,P0051,3,621,68.92
O02660,P0005,3,2550,582.75
O02660,P0017,4,3972,507.04
O02661,P0031,1,1431,224.29
O02661,P0065,4,4660,1242.96
O02661,P0060,4,4620,1371.22
O02662,P0015,5,2260,595.57
O02663,P0042,4,3616,1032.83
O02663,P0012,5,3490,726.49
O02663,P0016,4,5748,596.84
O02664,P0012,5,3490,612.81
O02664,P0075,4,708,119.35
O02665,P0011,4,3632,527.07
O02665,P0029,5,7030,1504.9
O02666,P0010,4,756,147.63
O02666,P0014,2,214,26.29
O02666,P0020,3,3396,283.69
O02667,P0018,3,345,39.16
O02667,P0015,3,1356,390.39
O02667,P0087,4,5020,1154.97
O02668,P0082,2,1400,352.34
O02668,P0016,5,7185,891.4
O02669,P0069,2,1140,123.1
O02669,P0087,1,1255,260.39
O02669,P0081,3,99,13.23
O02670,P0024,1,444,80.32
O02670,P0079,3,2871,667.57
O02670,P0047,4,1340,305.24
O02671,P0036,1,1259,311.85
O02671,P0055,3,594,111.92
O02672,P0039,5,4710,495.23
O02672,P0085,3,4059,357.89
O02672,P0055,1,198,17.75
O02673,P0049,2,1634,281.36
O02673,P0079,1,957,182.66
O02674,P0045,4,2096,328.45
O02675,P0023,2,1328,301.82
O02675,P0048,4,5908,1655.08
O02675,P0061,5,6210,1119.4
O02676,P0050,2,1516,194.87
O02676,P0024,3,1332,255.31
O02676,P0054,2,458,72.73
O02677,P0077,5,7480,905.95
O02678,P0068,5,1835,309.46
O02678,P0046,5,940,94.08
O02679,P0076,4,2140,285.35
O02679,P0005,5,4250,1204.06
O02680,P0028,4,4720,1263.42
O02680,P0064,2,1628,421.18
O02680,P0045,1,524,142.97
O02681,P0031,4,5724,1330.19
O02682,P0061,4,4968,860.07
O02682,P0055,2,396,99.52
O02682,P0018,2,230,34.11
O02683,P0071,3,954,131.7
O02683,P0073,5,2925,814.21
O02683,P0016,4,5748,1306.86
O02684,P0003,1,1350,119.7
O02684,P0061,1,1242,287.68
O02685,P0061,2,2484,210.08
O02685,P0031,4,5724,1294.17
O02685,P0042,1,904,132.82
O02686,P0031,4,5724,1452.64
O02686,P0099,3,2895,286.38
O02686,P0071,1,318,64.58
O02687,P0073,3,1755,220.89
O02687,P0060,2,2310,436.62
O02688,P0067,4,5692,1650.45
O02689,P0095,1,767,209.7
O02690,P0001,2,2840,844.72
O02690,P0022,3,1161,322.4
O02690,P0090,2,1346,220.62
O02691,P0064,2,1628,421.0
O02691,P0089,1,383,107.07
O02691,P0003,1,1350,322.55
O02692,P0095,1,767,150.17
O02692,P0018,5,575,120.46
O02692,P0084,1,705,142.18
O02693,P0003,1,1350,323.95
O02693,P0052,3,1953,523.0
O02693,P0086,5,3175,929.57
O02694,P0094,5,2970,658.19
O02695,P0061,3,3726,871.08
O02696,P0080,1,297,45.66
O02696,P0010,5,945,232.77
O02697,P0030,1,806,174.71
O02697,P0015,2,904,82.14
O02697,P0051,3,621,146.17
O02698,P0090,4,2692,462.42
O02698,P0071,1,318,42.4
O02698,P0029,4,5624,937.29
O02699,P0088,1,1001,192.8
O02699,P0093,1,687,76.17
O02699,P0027,2,704,160.77
O02700,P0057,5,5800,549.21
O02700,P0086,5,3175,465.72
O02701,P0076,3,1605,399.97
O02701,P0005,1,850,231.03
O02702,P0054,2,458,44.06
O02702,P0092,1,1199,105.5
O02702,P0020,3,3396,780.38
O02703,P0087,2,2510,205.42
O02704,P0100,4,3668,694.66
O02704,P0004,2,168,35.79
O02704,P0088,5,5005,955.18
O02705,P0045,1,524,106.21
O02706,P0021,3,4101,454.33
O02707,P0075,5,885,116.12
O02707,P0099,4,3860,931.64
O02708,P0023,1,664,163.77
O02708,P0017,1,993,168.03
O02709,P0052,4,2604,482.69
O02709,P0066,1,1191,228.67
O02710,P0032,4,4180,1134.21
O02710,P0033,2,258,58.0
O02711,P0025,2,630,107.11
O02711,P0058,2,462,80.91
O02711,P0036,5,6295,1758.39
O02712,P0047,3,1005,85.83
O02712,P0042,4,3616,988.62
O02712,P0007,2,1988,360.18
O02713,P0035,2,350,73.59
O02713,P0069,2,1140,197.82
O02714,P0006,4,3168,612.18
O02714,P0052,5,3255,268.42
O02715,P0010,2,378,67.46
O02715,P0057,4,4640,458.61
O02715,P0023,4,2656,790.67
O02716,P0078,2,2472,299.6
O02716,P0090,5,3365,769.63
O02717,P0086,5,3175,929.77
O02717,P0065,1,1165,212.07
O02717,P0003,5,6750,1406.84
O02718,P0076,5,2675,529.12
O02718,P0094,2,1188,179.58
O02719,P0099,4,3860,716.65
O02719,P0083,2,1388,243.52
O02719,P0024,5,2220,585.88
O02720,P0068,3,1101,94.12
O02720,P0065,2,2330,653.96
O02721,P0003,5,6750,576.59
O02721,P0063,1,617,174.82
O02722,P0090,3,2019,216.95
O02722,P0019,4,5684,591.47
O02722,P0074,4,2532,386.19
O02723,P0029,5,7030,853.89
O02723,P0055,1,198,57.37
O02723,P0065,2,2330,488.95
O02724,P0094,4,2376,373.51
O02724,P0016,1,1437,283.9
O02725,P0061,1,1242,276.5
O02725,P0060,3,3465,677.85
O02726,P0092,1,1199,326.21
O02727,P0036,1,1259,101.93
O02727,P0017,5,4965,597.79
O02728,P0010,5,945,221.96
O02728,P0030,2,1612,314.38
O02729,P0071,5,1590,419.38
O02729,P0052,4,2604,408.59
O02730,P0054,1,229,49.88
O02730,P0067,1,1423,356.13
O02731,P0073,2,1170,98.24
O02731,P0098,1,1416,341.03
O02731,P0100,2,1834,283.86
O02732,P0033,1,129,28.59
O02733,P0050,1,758,142.92
O02733,P0068,2,734,151.03
O02734,P0007,4,3976,896.77
O02735,P0076,3,1605,181.09
O02735,P0043,2,2824,326.6
O02735,P0063,2,1234,209.5
O02736,P0100,1,917,201.26
O02737,P0049,4,3268,382.33
O02738,P0063,1,617,155.57
O02739,P0070,2,1138,96.0
O02739,P0011,2,1816,469.84
O02740,P0098,4,5664,1264.58
O02741,P0044,2,390,53.47
O02741,P0093,5,3435,615.8
O02742,P0078,4,4944,1423.59
O02743,P0059,3,609,181.92
O02743,P0020,3,3396,641.37
O02743,P0095,1,767,197.49
O02744,P0015,3,1356,225.13
O02744,P0078,5,6180,994.02
O02745,P0080,4,1188,161.87
O02745,P0035,4,700,139.58
O02746,P0020,2,2264,361.37
O02746,P0090,3,2019,273.97
O02747,P0039,2,1884,256.16
O02747,P0018,1,115,16.3
O02748,P0061,4,4968,1377.09
O02748,P0058,5,1155,260.78
O02748,P0090,4,2692,424.97
O02749,P0046,2,376,85.19
O02749,P0067,3,4269,817.38
O02749,P0078,3,3708,754.74
O02750,P0039,3,2826,633.25
O02751,P0064,2,1628,436.35
O02751,P0031,4,5724,729.72
O02752,P0002,3,555,107.6
O02752,P0093,2,1374,156.55
O02753,P0070,4,2276,418.8
O02753,P0084,5,3525,647.26
O02753,P0033,5,645,179.46
O02754,P0033,2,258,29.67
O02754,P0063,4,2468,616.31
O02755,P0094,5,2970,380.33
O02755,P0018,3,345,50.43
O02755,P0030,4,3224,964.94
O02756,P0081,3,99,26.79
O02756,P0019,1,1421,224.98
O02756,P0046,3,564,84.72
O02757,P0059,3,609,181.97
O02758,P0100,5,4585,543.19
O02759,P0007,4,3976,723.5
O02759,P0050,1,758,69.17
O02760,P0097,3,3696,435.71
O02761,P0057,2,2320,475.07
O02761,P0019,4,5684,1013.48
O02761,P0094,4,2376,664.18
O02762,P0009,3,4377,609.81
O02762,P0068,3,1101,249.63
O02762,P0084,1,705,93.89
O02763,P0007,1,994,171.74
O02764,P0021,5,6835,2039.68
O02764,P0090,1,673,106.3
O02765,P0016,2,2874,665.64
O02765,P0013,1,215,31.39
O02765,P0079,3,2871,244.31
O02766,P0026,5,885,89.14
O02767,P0007,3,2982,387.47
O02768,P0059,2,406,113.66
O02769,P0057,3,3480,869.27
O02769,P0099,2,1930,504.43
O02769,P0006,4,3168,685.86
O02770,P0037,2,1376,133.89
O02770,P0018,1,115,12.03
O02771,P0066,3,3573,738.69
O02772,P0091,2,2886,485.55
O02772,P0090,2,1346,369.72
O02773,P0004,2,168,33.82
O02773,P0037,4,2752,768.76
O02774,P0037,3,2064,215.53
O02774,P0095,1,767,149.71
O02774,P0098,4,5664,731.55
O02775,P0010,5,945,224.23
O02776,P0022,3,1161,167.6
O02776,P0066,1,1191,163.29
O02777,P0016,1,1437,367.3
O02777,P0064,1,814,169.81
O02778,P0012,1,698,67.88
O02778,P0036,3,3777,588.02
O02779,P0039,3,2826,695.98
O02779,P0018,2,230,53.25
O02780,P0038,1,1318,373.31
O02780,P0043,4,5648,620.47
O02780,P0064,2,1628,325.01
O02781,P0030,4,3224,581.09
O02782,P0081,4,132,17.83
O02783,P0038,2,2636,701.41
O02784,P0064,3,2442,641.51
O02784,P0052,3,1953,570.14
O02784,P0058,2,462,114.31
O02785,P0039,1,942,111.38
O02785,P0053,4,3028,261.39
O02786,P0073,5,2925,310.27
O02786,P0076,4,2140,355.87
O02787,P0069,5,2850,617.64
O02788,P0035,4,700,143.94
O02789,P0069,5,2850,749.83
O02790,P0039,1,942,239.1
O02791,P0011,5,4540,960.2
O02792,P0007,4,3976,969.51
O02793,P0019,3,4263,655.77
O02794,P0070,3,1707,407.36
O02794,P0043,5,7060,1403.3
O02794,P0046,2,376,105.72
O02795,P0068,4,1468,259.77
O02795,P0010,1,189,54.52
O02795,P0047,2,670,94.93
O02796,P0080,5,1485,419.28
O02797,P0014,1,107,15.82
O02797,P0061,3,3726,995.01
O02797,P0026,1,177,39.77
O02798,P0089,2,766,70.92
O02798,P0084,3,2115,452.01
O02798,P0049,2,1634,274.78
O02799,P0092,1,1199,322.51
O02799,P0027,2,704,141.97
O02800,P0099,2,1930,199.86
O02800,P0010,3,567,61.89
O02800,P0052,3,1953,485.84
O02801,P0008,4,5296,967.28
O02801,P0010,5,945,202.34
O02802,P0080,3,891,128.68
O02803,P0096,3,3522,768.91
O02804,P0034,1,915,178.15
O02805,P0009,2,2918,648.72
O02805,P0026,2,354,62.27
O02805,P0044,5,975,157.9
O02806,P0074,1,633,146.13
O02807,P0091,5,7215,1345.15
O02808,P0064,1,814,122.55
O02809,P0050,2,1516,349.18
O02809,P0053,1,757,218.56
O02810,P0061,5,6210,669.63
O02810,P0090,3,2019,520.82
O02811,P0029,2,2812,755.28
O02811,P0060,5,5775,603.72
O02812,P0090,2,1346,310.61
O02812,P0082,1,700,170.52
O02813,P0075,5,885,166.04
O02813,P0092,5,5995,684.85
O02813,P0099,1,965,203.24
O02814,P0069,4,2280,466.91
O02815,P0034,3,2745,486.92
O02816,P0041,4,4608,809.78
O02816,P0069,4,2280,239.54
O02816,P0007,1,994,158.02
O02817,P0094,5,2970,683.51
O02817,P0022,4,1548,124.17
O02817,P0036,3,3777,589.88
O02818,P0003,5,6750,1788.12
O02818,P0055,1,198,32.09
O02818,P0018,2,230,21.26
O02819,P0093,3,2061,188.06
O02819,P0041,2,2304,187.3
O02820,P0075,4,708,172.28
O02820,P0031,5,7155,956.54
O02820,P0085,4,5412,1093.71
O02821,P0024,2,888,216.54
O02822,P0088,3,3003,821.95
O02822,P0077,2,2992,630.65
O02823,P0023,4,2656,476.94
O02823,P0053,4,3028,273.7
O02823,P0052,1,651,91.06
O02824,P0012,2,1396,195.57
O02824,P0025,4,1260,289.14
O02824,P0092,3,3597,782.69
O02825,P0040,2,974,129.37
O02825,P0007,4,3976,791.92
O02825,P0076,1,535,48.06
O02826,P0034,5,4575,1035.35
O02827,P0062,2,1616,154.76
O02827,P0091,3,4329,441.68
O02828,P0016,3,4311,700.82
O02829,P0100,5,4585,680.01
O02830,P0016,1,1437,146.11
O02831,P0084,5,3525,413.11
O02831,P0021,2,2734,323.26
O02831,P0095,5,3835,931.33
O02832,P0046,1,188,51.5
O02832,P0051,4,828,161.5
O02832,P0039,4,3768,485.69
O02833,P0034,2,1830,362.79
O02834,P0012,1,698,155.43
O02834,P0069,4,2280,679.16
O02834,P0053,4,3028,642.09
O02835,P0021,5,6835,1437.76
O02835,P0042,3,2712,603.59
O02836,P0008,4,5296,638.28
O02836,P0090,1,673,57.27
O02837,P0014,1,107,14.61
O02838,P0028,1,1180,297.03
O02838,P0048,4,5908,1659.74
O02838,P0078,4,4944,519.67
O02839,P0085,3,4059,825.35
O02840,P0056,5,4510,1192.21
O02841,P0028,1,1180,141.21
O02841,P0053,4,3028,246.52
O02842,P0074,1,633,157.14
O02842,P0086,5,3175,780.3
O02843,P0095,3,2301,588.32
O02843,P0082,3,2100,335.15
O02843,P0046,3,564,97.27
O02844,P0027,2,704,151.86
O02844,P0069,3,1710,264.12
O02845,P0039,5,4710,569.6
O02846,P0084,4,2820,274.14
O02846,P0095,4,3068,546.57
O02847,P0059,1,203,46.97
O02847,P0033,5,645,122.62
O02847,P0091,2,2886,768.31
O02848,P0037,5,3440,543.39
O02849,P0040,2,974,236.96
O02850,P0053,4,3028,604.57
O02850,P0083,1,694,112.36
O02851,P0099,2,1930,349.19
O02851,P0061,2,2484,496.26
O02852,P0063,4,2468,603.27
O02852,P0062,1,808,94.13
O02852,P0091,2,2886,368.92
O02853,P0088,3,3003,681.04
O02853,P0042,1,904,132.37
O02853,P0048,4,5908,1623.9
O02854,P0072,4,1448,250.99
O02855,P0064,2,1628,130.54
O02855,P0076,1,535,51.23
O02855,P0017,4,3972,681.36
O02856,P0030,3,2418,286.06
O02857,P0012,1,698,113.36
O02857,P0068,3,1101,211.94
O02857,P0077,1,1496,317.47
O02858,P0095,4,3068,385.3
O02858,P0022,4,1548,213.04
O02858,P0085,1,1353,358.79
O02859,P0039,3,2826,460.54
O02859,P0059,5,1015,167.73
O02860,P0031,4,5724,1625.24
O02860,P0048,2,2954,481.59
O02860,P0084,5,3525,886.43
O02861,P0079,1,957,82.52
O02862,P0045,2,1048,195.99
O02862,P0072,5,1810,511.36
O02862,P0066,2,2382,401.0
O02863,P0007,1,994,246.92
O02864,P0084,2,1410,344.46
O02864,P0064,2,1628,409.41
O02864,P0011,5,4540,476.68
O02865,P0028,2,2360,439.34
O02865,P0089,1,383,62.94
O02865,P0016,5,7185,927.38
O02866,P0023,1,664,185.74
O02867,P0044,4,780,189.87
O02868,P0086,2,1270,263.38
O02868,P0007,1,994,198.31
O02868,P0002,2,370,40.04
O02869,P0075,3,531,98.53
O02870,P0044,2,390,32.95
O02870,P0063,5,3085,324.32
O02870,P0005,5,4250,1062.45
O02871,P0026,1,177,47.18
O02871,P0003,4,5400,829.58
O02872,P0068,5,1835,394.2
O02872,P0073,5,2925,656.24
O02873,P0050,4,3032,839.15
O02873,P0023,5,3320,714.29
O02873,P0033,5,645,136.78
O02874,P0023,2,1328,377.91
O02874,P0030,2,1612,166.71
O02875,P0029,1,1406,198.83
O02876,P0026,3,531,157.88
O02876,P0015,3,1356,262.65
O02877,P0074,5,3165,684.77
O02878,P0073,1,585,174.84
O02878,P0045,1,524,91.8
O02878,P0091,4,5772,730.03
O02879,P0058,3,693,117.4
O02879,P0057,2,2320,233.94
O02879,P0087,4,5020,622.61
O02880,P0056,2,1804,381.01
O02881,P0007,3,2982,532.88
O02881,P0098,2,2832,690.63
O02882,P0045,1,524,90.17
O02882,P0015,3,1356,290.1
O02883,P0024,4,1776,499.14
O02884,P0035,1,175,17.41
O02884,P0091,2,2886,564.57
O02884,P0041,5,5760,1282.29
O02885,P0022,1,387,64.33
O02885,P0080,2,594,138.7
O02885,P0018,1,115,28.52
O02886,P0019,1,1421,269.86
O02886,P0076,4,2140,637.81
O02886,P0081,3,99,12.03
O02887,P0056,2,1804,189.93
O02887,P0010,2,378,96.97
O02887,P0014,2,214,36.97
O02888,P0037,2,1376,133.35
O02889,P0059,5,1015,154.76
O02889,P0037,5,3440,302.92
O02889,P0065,1,1165,172.77
O02890,P0056,1,902,120.32
O02890,P0016,2,2874,610.16
O02890,P0034,3,2745,443.99
O02891,P0013,5,1075,139.19
O02891,P0026,4,708,197.42
O02892,P0068,5,1835,517.02
O02893,P0079,1,957,108.8
O02893,P0030,3,2418,724.97
O02893,P0063,2,1234,262.63
O02894,P0014,2,214,60.0
O02895,P0058,1,231,40.74
O02895,P0068,3,1101,104.97
O02896,P0007,2,1988,300.16
O02896,P0093,1,687,150.08
O02896,P0036,3,3777,993.56
O02897,P0005,2,1700,474.32
O02897,P0020,1,1132,294.5
O02898,P0073,2,1170,198.06
O02899,P0001,1,1420,331.1
O02900,P0064,2,1628,334.91
O02900,P0084,3,2115,335.78
O02901,P0045,2,1048,250.61
O02902,P0094,3,1782,267.36
O02902,P0019,1,1421,211.83
O02902,P0001,2,2840,712.03
O02903,P0064,2,1628,133.35
O02903,P0054,4,916,193.75
O02903,P0029,5,7030,1585.44
O02904,P0055,5,990,89.25
O02904,P0018,5,575,100.22
O02905,P0017,3,2979,475.81
O02905,P0057,5,5800,1150.97
O02905,P0010,2,378,82.6
O02906,P0006,1,792,161.35
O02906,P0097,5,6160,1313.17
O02906,P0079,2,1914,448.98
O02907,P0072,4,1448,318.46
O02907,P0012,2,1396,212.61
O02908,P0094,4,2376,399.41
O02909,P0084,1,705,192.48
O02910,P0052,5,3255,597.3
O02911,P0006,4,3168,273.5
O02911,P0073,2,1170,124.75
O02912,P0020,2,2264,533.07
O02912,P0082,1,700,164.78
O02912,P0026,2,354,52.12
O02913,P0088,2,2002,444.83
O02913,P0087,3,3765,379.11
O02913,P0012,5,3490,682.46
O02914,P0070,2,1138,294.02
O02914,P0099,1,965,164.62
O02914,P0001,2,2840,342.68
O02915,P0017,4,3972,590.98
O02916,P0030,1,806,222.57
O02917,P0052,3,1953,280.92
O02918,P0073,3,1755,434.14
O02919,P0051,3,621,70.9
O02919,P0005,1,850,97.42
O02919,P0050,3,2274,304.31
O02920,P0040,1,487,113.71
O02920,P0001,3,4260,752.44
O02921,P0030,1,806,85.41
O02921,P0022,5,1935,336.06
O02922,P0031,3,4293,736.83
O02923,P0059,1,203,43.6
O02923,P0041,5,5760,821.96
O02924,P0050,4,3032,477.06
O02924,P0066,5,5955,1182.74
O02925,P0065,1,1165,323.17
O02925,P0054,4,916,81.13
O02925,P0075,3,531,139.54
O02926,P0066,3,3573,945.16
O02927,P0047,5,1675,154.56
O02928,P0033,4,516,138.92
O02929,P0059,1,203,17.45
O02929,P0058,2,462,69.31
O02929,P0081,3,99,21.35
O02930,P0036,5,6295,1325.72
O02931,P0043,1,1412,309.96
O02932,P0083,2,1388,257.7
O02933,P0025,4,1260,220.77
O02933,P0038,4,5272,1117.6
O02933,P0011,2,1816,372.95
O02934,P0065,2,2330,461.8
O02935,P0095,5,3835,517.77
O02936,P0093,5,3435,866.09
O02937,P0044,5,975,223.18
O02938,P0055,2,396,99.93
O02938,P0095,3,2301,248.28
O02938,P0084,2,1410,204.02
O02939,P0020,4,4528,1033.0
O02939,P0023,5,3320,809.51
O02940,P0060,4,4620,564.05
O02940,P0085,3,4059,927.08
O02941,P0071,5,1590,207.68
O02941,P0099,2,1930,263.67
O02941,P0096,4,4696,758.89
O02942,P0008,5,6620,1084.85
O02942,P0070,5,2845,386.83
O02942,P0059,1,203,38.92
O02943,P0084,3,2115,250.97
O02943,P0030,2,1612,386.95
O02944,P0055,4,792,227.8
O02945,P0067,5,7115,1085.39
O02946,P0075,4,708,98.54
O02947,P0046,1,188,38.93
O02947,P0051,3,621,71.96
O02948,P0043,5,7060,1818.17
O02948,P0019,3,4263,911.99
O02948,P0058,4,924,245.39
O02949,P0014,2,214,43.92
O02950,P0058,4,924,131.53
O02950,P0058,2,462,69.76
O02950,P0034,1,915,242.19
O02951,P0057,4,4640,706.16
O02951,P0052,3,1953,352.98
O02952,P0043,5,7060,877.63
O02952,P0054,1,229,56.71
O02952,P0007,5,4970,769.6
O02953,P0005,5,4250,815.6
O02954,P0087,2,2510,716.86
O02954,P0017,3,2979,723.02
O02955,P0036,4,5036,1141.82
O02955,P0032,5,5225,1524.82
O02955,P0002,4,740,132.46
O02956,P0062,5,4040,838.16
O02956,P0076,4,2140,178.92
O02956,P0095,1,767,138.57
O02957,P0072,1,362,98.42
O02957,P0061,4,4968,1035.99
O02957,P0083,1,694,184.73
O02958,P0001,4,5680,1589.27
O02958,P0061,1,1242,106.55
O02958,P0012,2,1396,356.89
O02959,P0098,4,5664,581.0
O02959,P0079,4,3828,710.84
O02960,P0059,4,812,142.16
O02960,P0092,3,3597,287.8
O02961,P0058,1,231,46.07
O02961,P0024,5,2220,383.89
O02962,P0006,1,792,130.33
O02963,P0051,3,621,85.3
O02963,P0039,2,1884,235.44
O02963,P0066,2,2382,698.7
O02964,P0083,5,3470,955.19
O02964,P0021,4,5468,1129.72
O02965,P0055,1,198,54.3
O02965,P0035,3,525,79.45
O02966,P0080,3,891,224.48
O02967,P0094,5,2970,754.43
O02967,P0029,2,2812,524.67
O02968,P0066,1,1191,130.84
O02968,P0085,3,4059,1129.51
O02969,P0066,4,4764,456.69
O02969,P0100,5,4585,959.74
O02969,P0004,3,252,64.6
O02970,P0037,3,2064,600.57
O02971,P0003,3,4050,373.63
O02972,P0095,2,1534,304.59
O02972,P0025,4,1260,219.4
O02972,P0069,2,1140,280.7
O02973,P0020,5,5660,1688.93
O02973,P0097,1,1232,269.09
O02974,P0091,5,7215,1603.91
O02975,P0010,2,378,93.34
O02975,P0038,4,5272,1418.59
O02975,P0085,1,1353,308.02
O02976,P0077,3,4488,864.72
O02977,P0070,1,569,135.66
O02978,P0057,1,1160,289.25
O02979,P0033,4,516,103.63
O02980,P0096,5,5870,900.23
O02980,P0049,5,4085,909.63
O02981,P0051,3,621,137.49
O02982,P0090,3,2019,227.01
O02982,P0081,4,132,23.91
O02982,P0078,5,6180,1005.67
O02983,P0063,1,617,170.38
O02983,P0092,4,4796,729.28
O02984,P0082,1,700,201.58
O02985,P0008,4,5296,674.92
O02985,P0042,3,2712,622.68
O02985,P0071,2,636,138.87
O02986,P0023,4,2656,509.71
O02986,P0027,5,1760,286.98
O02987,P0039,2,1884,247.14
O02987,P0099,5,4825,462.36
O02987,P0028,2,2360,290.65
O02988,P0045,4,2096,481.07
O02988,P0006,1,792,146.43
O02989,P0038,1,1318,235.49
O02989,P0037,2,1376,363.82
O02989,P0010,4,756,110.62
O02990,P0042,4,3616,656.45
O02990,P0047,4,1340,158.22
O02991,P0050,2,1516,250.73
O02991,P0043,4,5648,1004.15
O02992,P0047,1,335,64.35
O02992,P0099,5,4825,1357.09
O02993,P0054,4,916,237.26
O02993,P0051,3,621,156.73
O02993,P0058,3,693,148.94
O02994,P0058,3,693,154.55
O02994,P0083,3,2082,551.0
O02994,P0037,3,2064,227.94
O02995,P0088,2,2002,356.65
O02995,P0100,4,3668,928.69
O02996,P0001,2,2840,524.73
O02997,P0092,4,4796,971.99
O02997,P0095,3,2301,196.75
O02998,P0016,1,1437,417.92
O02999,P0090,4,2692,492.08
O02999,P0006,1,792,117.05
O03000,P0088,3,3003,372.19
O03000,P0007,1,994,96.15
O03001,P0036,2,2518,562.48
O03001,P0057,2,2320,215.92
O03002,P0087,1,1255,318.18
O03002,P0064,1,814,167.37
O03002,P0062,3,2424,587.73
O03003,P0089,3,1149,192.63
O03003,P0037,5,3440,388.73
O03004,P0066,3,3573,853.65
O03004,P0048,3,4431,592.5
O03004,P0025,3,945,211.71
O03005,P0046,3,564,75.64
O03005,P0074,2,1266,355.79
O03006,P0065,2,2330,669.01
O03006,P0100,4,3668,1087.37
O03006,P0066,1,1191,321.06
O03007,P0070,3,1707,311.72
O03008,P0058,1,231,22.04
O03008,P0022,2,774,200.69
O03008,P0082,5,3500,1041.99
O03009,P0038,3,3954,1033.51
O03009,P0096,1,1174,114.24
O03009,P0061,5,6210,1182.45
O03010,P0041,4,4608,1213.66
O03010,P0074,1,633,62.72
O03010,P0017,1,993,228.61
O03011,P0080,5,1485,189.05
O03011,P0084,4,2820,714.2
O03012,P0049,4,3268,567.99
O03012,P0084,3,2115,508.95
O03013,P0026,4,708,122.85
O03013,P0099,1,965,185.63
O03014,P0005,4,3400,654.32
O03014,P0048,1,1477,209.36
O03014,P0028,4,4720,1138.83
O03015,P0040,4,1948,443.5
O03015,P0039,4,3768,755.35
O03016,P0076,5,2675,223.31
O03017,P0060,2,2310,372.25
O03017,P0016,3,4311,1272.39
O03018,P0042,3,2712,226.97
O03018,P0027,5,1760,167.05
O03018,P0032,2,2090,489.7
O03019,P0047,2,670,54.13
O03019,P0010,2,378,77.99
O03019,P0048,2,2954,558.91
O03020,P0067,1,1423,212.62
O03020,P0061,4,4968,1141.1
O03021,P0039,5,4710,814.42
O03021,P0060,2,2310,218.89
O03021,P0064,1,814,128.61
O03022,P0040,1,487,95.95
O03023,P0022,1,387,57.21
O03023,P0081,3,99,17.74
O03024,P0031,2,2862,576.37
O03025,P0021,3,4101,737.49
O03026,P0021,5,6835,1057.43
O03026,P0070,3,1707,307.51
O03026,P0094,3,1782,467.02
O03027,P0019,2,2842,432.01
O03028,P0006,3,2376,243.98
O03028,P0046,2,376,105.88
O03029,P0082,5,3500,650.26
O03030,P0081,3,99,29.53
O03031,P0033,4,516,88.23
O03031,P0066,4,4764,883.22
O03031,P0085,1,1353,168.9
O03032,P0039,3,2826,273.55
O03033,P0031,2,2862,234.41
O03033,P0026,3,531,102.54
O03033,P0056,2,1804,250.5
O03034,P0037,3,2064,407.83
O03034,P0038,1,1318,206.71
O03035,P0025,5,1575,394.82
O03035,P0052,3,1953,430.23
O03035,P0062,1,808,151.56
O03036,P0074,3,1899,295.52
O03036,P0006,5,3960,1019.62
O03036,P0086,1,635,163.8
O03037,P0064,3,2442,574.59
O03037,P0009,1,1459,410.95
O03037,P0090,5,3365,994.11
O03038,P0071,3,954,245.83
O03038,P0080,1,297,48.38
O03039,P0011,5,4540,540.8
O03039,P0038,5,6590,825.18
O03040,P0068,5,1835,235.75
O03041,P0033,5,645,64.61
O03041,P0039,1,942,227.13
O03041,P0088,2,2002,583.21
O03042,P0076,3,1605,434.24
O03043,P0057,3,3480,375.73
O03044,P0092,2,2398,356.31
O03044,P0008,2,2648,271.73
O03044,P0015,5,2260,616.5
O03045,P0075,4,708,172.61
O03045,P0054,2,458,135.19
O03045,P0015,1,452,119.73
O03046,P0024,1,444,52.46
O03046,P0100,5,4585,683.93
O03046,P0097,4,4928,1374.97
O03047,P0017,1,993,295.75
O03047,P0019,3,4263,1019.8
O03048,P0065,2,2330,314.27
O03049,P0044,3,585,93.45
O03049,P0066,1,1191,344.79
O03050,P0078,2,2472,218.97
O03050,P0093,1,687,177.15
O03051,P0006,1,792,141.73
O03051,P0025,5,1575,156.47
O03052,P0056,1,902,249.51
O03052,P0087,5,6275,1882.25
O03052,P0003,4,5400,860.35
O03053,P0015,3,1356,306.46
O03053,P0068,3,1101,165.53
O03053,P0059,4,812,197.41
O03054,P0090,4,2692,355.95
O03054,P0082,3,2100,318.4
O03054,P0032,3,3135,333.34
O03055,P0021,2,2734,578.19
O03055,P0048,1,1477,164.09
O03055,P0068,5,1835,493.05
O03056,P0047,3,1005,155.85
O03056,P0009,1,1459,250.56
O03056,P0096,1,1174,335.4
O03057,P0089,1,383,32.57
O03057,P0058,1,231,65.12
O03057,P0082,4,2800,829.04
O03058,P0068,5,1835,184.46
O03058,P0004,1,84,23.26
O03059,P0043,5,7060,1553.33
O03059,P0014,2,214,48.39
O03059,P0068,2,734,187.91
O03060,P0098,4,5664,1120.45
O03061,P0094,5,2970,842.03
O03061,P0040,2,974,225.13
O03062,P0001,4,5680,899.06
O03062,P0007,4,3976,467.22
O03062,P0073,4,2340,617.4
O03063,P0029,4,5624,1631.03
O03063,P0041,1,1152,226.25
O03063,P0008,3,3972,751.68
O03064,P0001,1,1420,346.57
O03064,P0088,1,1001,156.11
O03064,P0004,2,168,18.58
O03065,P0045,3,1572,296.01
O03065,P0047,2,670,134.86
O03065,P0010,4,756,68.66
O03066,P0041,2,2304,258.21
O03067,P0056,4,3608,1013.24
O03068,P0073,5,2925,452.53
O03068,P0055,4,792,191.43
O03069,P0025,2,630,127.53
O03069,P0043,1,1412,157.92
O03070,P0035,1,175,25.37
O03070,P0057,2,2320,645.45
O03071,P0008,3,3972,909.25
O03072,P0054,1,229,53.91
O03072,P0018,2,230,64.62
O03072,P0059,5,1015,170.39
O03073,P0003,1,1350,193.55
O03073,P0053,1,757,89.46
O03074,P0011,3,2724,225.59
O03075,P0041,3,3456,950.43
O03075,P0005,3,2550,457.1
O03076,P0056,5,4510,1319.3
O03076,P0045,1,524,124.69
O03077,P0009,3,4377,1188.52
O03078,P0080,5,1485,436.37
O03078,P0065,5,5825,1113.23
O03078,P0063,4,2468,410.36
O03079,P0083,3,2082,260.11
O03079,P0052,1,651,181.06
O03079,P0039,3,2826,615.9
O03080,P0099,4,3860,992.63
O03080,P0018,2,230,44.45
O03081,P0072,5,1810,347.35
O03081,P0011,5,4540,805.47
O03082,P0045,3,1572,272.94
O03082,P0006,5,3960,859.94
O03083,P0077,1,1496,187.48
O03084,P0069,1,570,97.85
O03084,P0062,2,1616,443.93
O03084,P0009,2,2918,774.83
O03085,P0002,1,185,55.19
O03086,P0056,2,1804,364.99
O03086,P0096,1,1174,332.08
O03086,P0018,4,460,120.87
O03087,P0037,4,2752,766.6
O03087,P0064,1,814,200.09
O03088,P0042,1,904,114.94
O03088,P0035,1,175,21.98
O03088,P0097,1,1232,304.53
O03089,P0015,3,1356,364.09
O03089,P0096,5,5870,1227.48
O03089,P0010,3,567,136.4
O03090,P0069,2,1140,329.65
O03090,P0014,5,535,76.92
O03090,P0015,1,452,94.74
O03091,P0028,3,3540,641.14
O03092,P0051,1,207,60.14
O03092,P0063,2,1234,182.23
O03092,P0088,2,2002,407.16
O03093,P0030,3,2418,663.0
O03093,P0057,4,4640,855.3
O03093,P0037,1,688,179.17
O03094,P0005,2,1700,183.16
O03094,P0015,4,1808,340.9
O03095,P0024,3,1332,359.9
O03095,P0038,5,6590,1112.94
O03095,P0028,5,5900,1443.18
O03096,P0076,3,1605,262.58
O03096,P0096,2,2348,494.16
O03097,P0060,3,3465,867.45
O03098,P0085,5,6765,1528.76
O03098,P0067,2,2846,556.73
O03098,P0034,2,1830,435.03
O03099,P0005,1,850,166.54
O03100,P0043,2,2824,457.98
O03101,P0002,4,740,205.44
O03102,P0010,3,567,98.64
O03102,P0098,3,4248,976.75
O03102,P0085,4,5412,1010.37
O03103,P0038,4,5272,1004.44
O03103,P0001,5,7100,2050.48
O03104,P0037,3,2064,529.16
O03104,P0048,2,2954,548.02
O03105,P0084,3,2115,436.53
O03105,P0093,5,3435,633.72
O03106,P0087,1,1255,164.19
O03107,P0083,2,1388,135.82
O03107,P0014,4,428,64.6
O03107,P0023,3,1992,458.98
O03108,P0043,3,4236,897.75
O03108,P0013,2,430,121.79
O03108,P0081,5,165,30.93
O03109,P0030,4,3224,942.64
O03109,P0041,1,1152,337.23
O03109,P0080,1,297,69.87
O03110,P0088,5,5005,825.17
O03110,P0084,2,1410,245.73
O03111,P0037,1,688,182.04
O03111,P0088,1,1001,254.03
O03112,P0004,4,336,58.25
O03112,P0065,3,3495,451.85
O03112,P0095,5,3835,649.56
O03113,P0066,1,1191,296.38
O03113,P0042,4,3616,536.43
O03114,P0056,5,4510,760.96
O03115,P0088,5,5005,870.31
O03115,P0100,1,917,257.65
O03115,P0037,1,688,140.67
O03116,P0049,3,2451,593.16
O03117,P0075,1,177,46.68
O03118,P0064,2,1628,430.06
O03118,P0076,1,535,132.09
O03119,P0081,5,165,30.46
O03119,P0085,2,2706,319.2
O03120,P0045,2,1048,112.95
O03120,P0060,3,3465,856.03
O03121,P0094,2,1188,174.84
O03121,P0010,5,945,110.4
O03121,P0048,4,5908,1005.81
O03122,P0023,5,3320,724.6
O03123,P0093,4,2748,615.77
O03123,P0079,1,957,277.61
O03124,P0036,5,6295,1848.1
O03124,P0098,3,4248,347.42
O03124,P0002,2,370,45.6
O03125,P0089,5,1915,155.31
O03125,P0048,3,4431,1203.03
O03126,P0091,2,2886,468.8
O03126,P0065,5,5825,977.49
O03127,P0025,4,1260,129.72
O03127,P0063,3,1851,280.95
O03127,P0038,3,3954,678.91
O03128,P0084,3,2115,283.22
O03129,P0028,4,4720,420.07
O03130,P0060,4,4620,1239.43
O03130,P0001,4,5680,1245.39
O03131,P0049,4,3268,359.24
O03132,P0033,3,387,94.76
O03132,P0054,4,916,259.72
O03132,P0006,3,2376,516.28
O03133,P0059,1,203,43.0
O03134,P0010,5,945,246.29
O03135,P0086,4,2540,451.56
O03135,P0015,2,904,232.02
O03136,P0096,1,1174,138.01
O03136,P0095,1,767,209.76
O03137,P0066,3,3573,853.89
O03137,P0091,2,2886,584.58
O03138,P0076,4,2140,384.94
O03139,P0079,5,4785,528.87
O03139,P0092,2,2398,395.62
O03140,P0017,3,2979,380.89
O03140,P0081,5,165,26.66
O03141,P0098,5,7080,982.27
O03141,P0006,4,3168,255.2
O03142,P0054,5,1145,287.27
O03142,P0008,1,1324,348.03
O03142,P0093,3,2061,202.14
O03143,P0012,5,3490,999.52
O03143,P0024,5,2220,424.18
O03143,P0053,4,3028,564.18
O03144,P0083,1,694,78.91
O03144,P0016,3,4311,628.4
O03145,P0009,5,7295,1836.63
O03145,P0083,3,2082,260.92
O03146,P0034,4,3660,1031.69
O03147,P0083,5,3470,413.37
O03147,P0090,2,1346,260.88
O03147,P0068,3,1101,248.66
O03148,P0044,3,585,103.42
O03148,P0006,4,3168,497.73
O03149,P0081,5,165,45.79
O03149,P0084,4,2820,237.23
O03150,P0019,3,4263,1021.26
O03150,P0084,3,2115,471.01
O03151,P0019,2,2842,626.67
O03151,P0064,3,2442,314.98
O03151,P0032,4,4180,828.27
O03152,P0097,4,4928,504.66
O03152,P0013,4,860,220.29
O03152,P0007,2,1988,574.86
O03153,P0044,1,195,51.21
O03153,P0093,3,2061,512.96
O03153,P0029,1,1406,263.08
O03154,P0087,2,2510,365.61
O03154,P0033,1,129,20.13
O03154,P0076,3,1605,338.05
O03155,P0041,1,1152,344.11
O03155,P0090,1,673,70.1
O03156,P0037,3,2064,375.06
O03156,P0053,2,1514,376.43
O03157,P0088,3,3003,399.06
O03157,P0051,1,207,53.84
O03157,P0067,3,4269,993.53
O03158,P0004,2,168,19.83
O03158,P0089,3,1149,210.3
O03159,P0001,3,4260,716.89
O03159,P0035,1,175,22.6
O03159,P0028,3,3540,787.99
O03160,P0037,4,2752,407.25
O03160,P0019,4,5684,1122.44
O03160,P0072,3,1086,198.6
O03161,P0035,3,525,59.52
O03161,P0025,2,630,124.75
O03161,P0041,3,3456,542.23
O03162,P0075,5,885,223.79
O03163,P0035,4,700,171.01
O03163,P0011,3,2724,717.04
O03164,P0018,5,575,58.36
O03164,P0009,4,5836,983.6
O03165,P0067,5,7115,1779.82
O03166,P0005,1,850,213.24
O03166,P0056,4,3608,421.71
O03167,P0058,3,693,123.14
O03168,P0064,1,814,148.39
O03168,P0031,3,4293,721.65
O03169,P0012,4,2792,612.54
O03169,P0022,1,387,52.63
O03169,P0087,4,5020,1140.93
O03170,P0066,2,2382,701.08
O03170,P0012,1,698,141.21
O03171,P0094,3,1782,366.77
O03171,P0095,1,767,148.8
O03171,P0030,2,1612,306.04
O03172,P0078,3,3708,879.0
O03172,P0087,4,5020,442.55
O03173,P0014,1,107,13.06
O03173,P0021,4,5468,558.67
O03174,P0049,4,3268,511.59
O03175,P0097,1,1232,277.19
O03175,P0083,1,694,171.25
O03175,P0049,4,3268,800.45
O03176,P0099,4,3860,795.2
O03176,P0058,3,693,143.05
O03177,P0041,5,5760,1008.83
O03177,P0089,5,1915,228.23
O03178,P0095,3,2301,342.94
O03178,P0046,1,188,31.5
O03178,P0096,2,2348,244.58
O03179,P0020,5,5660,1461.94
O03179,P0080,2,594,134.37
O03180,P0051,4,828,147.33
O03180,P0046,2,376,59.28
O03180,P0021,2,2734,694.24
O03181,P0059,2,406,65.35
O03181,P0069,3,1710,401.36
O03182,P0050,4,3032,272.89
O03182,P0043,1,1412,254.13
O03182,P0076,2,1070,211.3
O03183,P0082,3,2100,527.94
O03184,P0013,2,430,110.16
O03185,P0062,2,1616,346.89
O03186,P0030,3,2418,294.28
O03187,P0071,4,1272,356.63
O03187,P0028,3,3540,411.68
O03187,P0045,3,1572,463.15
O03188,P0005,4,3400,575.08
O03189,P0070,2,1138,169.56
O03189,P0055,5,990,169.38
O03189,P0100,1,917,265.15
O03190,P0087,5,6275,1831.79
O03190,P0001,2,2840,666.81
O03191,P0046,1,188,42.51
O03191,P0038,4,5272,1202.96
O03191,P0071,2,636,163.46
O03192,P0018,4,460,122.16
O03192,P0057,5,5800,1502.36
O03192,P0063,4,2468,645.04
O03193,P0059,2,406,119.51
O03193,P0076,3,1605,192.48
O03193,P0025,4,1260,166.58
O03194,P0039,4,3768,972.71
O03194,P0065,3,3495,823.63
O03194,P0071,1,318,35.34
O03195,P0079,5,4785,793.71
O03195,P0062,5,4040,415.36
O03195,P0010,2,378,86.14
O03196,P0057,2,2320,224.17
O03197,P0056,2,1804,272.22
O03197,P0063,2,1234,317.29
O03197,P0053,1,757,214.32
O03198,P0071,4,1272,322.75
O03198,P0025,5,1575,322.68
O03198,P0021,2,2734,725.71
O03199,P0007,3,2982,497.25
O03199,P0061,3,3726,668.19
O03199,P0006,3,2376,518.96
O03200,P0082,4,2800,787.46
O03200,P0027,2,704,84.33
O03201,P0006,3,2376,336.53
O03201,P0054,1,229,23.83
O03201,P0016,1,1437,367.02
O03202,P0074,5,3165,716.75
O03202,P0004,3,252,24.89
O03202,P0021,4,5468,1545.81
O03203,P0033,5,645,188.73
O03204,P0084,3,2115,236.38
O03204,P0048,2,2954,595.45
O03204,P0027,5,1760,179.62
O03205,P0058,2,462,82.14
O03205,P0079,4,3828,738.26
O03205,P0071,1,318,63.01
O03206,P0097,4,4928,1412.37
O03206,P0010,3,567,93.01
O03207,P0059,2,406,34.97
O03208,P0029,3,4218,951.63
O03209,P0042,2,1808,241.27
O03210,P0014,1,107,29.73
O03210,P0037,1,688,82.98
O03211,P0078,5,6180,775.92
O03212,P0043,1,1412,173.72
O03212,P0002,5,925,172.02
O03213,P0070,3,1707,312.58
O03213,P0031,4,5724,516.11
O03214,P0056,1,902,268.89
O03214,P0035,4,700,123.07
O03214,P0099,5,4825,637.83
O03215,P0078,4,4944,552.56
O03215,P0047,5,1675,271.52
O03216,P0096,4,4696,1051.55
O03216,P0058,1,231,50.83
O03217,P0019,1,1421,269.67
O03218,P0008,3,3972,794.53
O03219,P0043,4,5648,1148.81
O03219,P0054,3,687,70.52
O03219,P0081,4,132,34.2
O03220,P0043,1,1412,183.22
O03221,P0076,2,1070,176.73
O03221,P0012,3,2094,468.96
O03221,P0018,4,460,62.78
O03222,P0057,4,4640,675.92
O03222,P0075,5,885,190.13
O03223,P0046,1,188,28.4
O03223,P0068,2,734,157.1
O03224,P0068,4,1468,370.84
O03225,P0059,5,1015,88.61
O03225,P0075,5,885,210.85
O03226,P0009,1,1459,190.37
O03226,P0071,2,636,97.93
O03227,P0074,1,633,148.84
O03227,P0063,5,3085,552.64
O03227,P0012,1,698,74.79
O03228,P0014,3,321,65.13
O03229,P0089,2,766,128.2
O03230,P0027,2,704,146.08
O03230,P0012,4,2792,809.64
O03230,P0078,4,4944,697.1
O03231,P0013,3,645,182.47
O03232,P0059,5,1015,136.79
O03233,P0090,2,1346,338.94
O03233,P0055,3,594,172.01
O03234,P0098,1,1416,157.08
O03234,P0078,1,1236,214.02
O03235,P0014,1,107,21.52
O03235,P0078,5,6180,1113.69
O03235,P0030,3,2418,467.08
O03236,P0008,5,6620,867.35
O03237,P0009,5,7295,954.0
O03237,P0025,5,1575,412.75
O03238,P0076,5,2675,589.92
O03239,P0026,4,708,113.04
O03240,P0034,3,2745,733.69
O03241,P0038,3,3954,610.4
O03241,P0059,3,609,99.28
O03242,P0092,3,3597,384.4
O03243,P0055,1,198,29.09
O03244,P0065,2,2330,653.32
O03245,P0044,2,390,38.65
O03246,P0014,3,321,61.92
O03246,P0013,5,1075,253.1
O03247,P0016,5,7185,593.66
O03247,P0068,2,734,113.44
O03247,P0073,5,2925,526.02
O03248,P0014,4,428,41.91
O03248,P0006,4,3168,740.8
O03249,P0017,1,993,154.9
O03250,P0062,4,3232,903.87
O03250,P0064,5,4070,597.32
O03250,P0047,2,670,90.99
O03251,P0097,4,4928,399.46
O03251,P0006,1,792,231.18
O03251,P0100,3,2751,547.43
O03252,P0012,5,3490,732.66
O03253,P0052,2,1302,232.55
O03254,P0022,3,1161,122.33
O03254,P0040,5,2435,437.76
O03254,P0076,4,2140,386.59
O03255,P0096,4,4696,1261.8
O03255,P0010,1,189,31.24
O03255,P0009,2,2918,432.55
O03256,P0093,5,3435,878.63
O03256,P0098,4,5664,1295.87
O03256,P0011,2,1816,481.98
O03257,P0079,4,3828,946.54
O03257,P0004,1,84,10.93
O03257,P0010,2,378,52.21
O03258,P0021,4,5468,838.42
O03258,P0028,4,4720,1308.15
O03259,P0048,3,4431,467.86
O03259,P0073,1,585,85.69
O03260,P0051,5,1035,278.35
O03260,P0084,5,3525,517.34
O03261,P0037,2,1376,365.48
O03261,P0027,5,1760,176.7
O03262,P0047,4,1340,112.96
O03262,P0031,3,4293,1141.63
O03263,P0067,4,5692,519.81
O03264,P0020,5,5660,1562.27
O03264,P0002,3,555,144.23
O03264,P0074,3,1899,487.29
O03265,P0048,1,1477,152.34
O03265,P0044,1,195,36.37
O03266,P0085,4,5412,899.93
O03266,P0042,4,3616,577.3
O03266,P0090,3,2019,347.33
O03267,P0018,2,230,44.29
O03267,P0036,4,5036,570.95
O03268,P0044,5,975,123.06
O03268,P0031,5,7155,1104.21
O03269,P0052,1,651,160.67
O03269,P0013,5,1075,88.46
O03269,P0008,5,6620,905.09
O03270,P0017,4,3972,779.52
O03270,P0039,3,2826,687.17
O03270,P0095,1,767,203.58
O03271,P0026,5,885,212.72
O03271,P0056,2,1804,510.31
O03272,P0057,4,4640,440.29
O03272,P0018,5,575,62.73
O03272,P0008,4,5296,1334.56
O03273,P0002,1,185,40.23
O03273,P0003,4,5400,1481.18
O03274,P0063,4,2468,521.12
O03274,P0001,4,5680,505.48
O03275,P0086,2,1270,260.72
O03275,P0046,4,752,84.04
O03275,P0070,2,1138,215.47
O03276,P0088,2,2002,547.46
O03276,P0046,4,752,71.7
O03276,P0036,1,1259,116.0
O03277,P0060,2,2310,687.08
O03277,P0011,1,908,98.61
O03278,P0056,4,3608,425.48
O03278,P0015,1,452,76.62
O03278,P0074,2,1266,181.33
O03279,P0051,2,414,50.66
O03280,P0054,1,229,58.01
O03281,P0072,5,1810,379.49
O03282,P0058,3,693,98.12
O03283,P0079,4,3828,992.09
O03284,P0087,4,5020,1026.69
O03285,P0025,2,630,144.66
O03285,P0059,1,203,34.05
O03286,P0095,2,1534,187.09
O03286,P0077,4,5984,1186.57
O03287,P0069,3,1710,429.68
O03287,P0055,5,990,145.74
O03288,P0012,5,3490,543.04
O03289,P0061,1,1242,108.38
O03289,P0039,4,3768,1015.58
O03290,P0098,3,4248,836.15
O03290,P0063,5,3085,475.07
O03291,P0059,4,812,204.28
O03291,P0070,3,1707,228.72
O03291,P0080,1,297,86.61
O03292,P0021,5,6835,1724.65
O03292,P0047,3,1005,117.26
O03292,P0043,3,4236,1236.4
O03293,P0045,5,2620,671.97
O03294,P0038,2,2636,775.97
O03294,P0007,4,3976,982.98
O03295,P0024,2,888,142.38
O03295,P0037,1,688,127.64
O03296,P0033,5,645,126.81
O03296,P0026,4,708,141.43
O03297,P0016,2,2874,256.5
O03298,P0059,5,1015,293.55
O03298,P0065,2,2330,249.11
O03298,P0056,1,902,254.14
O03299,P0009,1,1459,316.19
O03300,P0027,3,1056,214.62
O03300,P0012,4,2792,790.0
O03300,P0059,5,1015,254.41
O03301,P0098,2,2832,562.97
O03301,P0015,4,1808,369.72
O03301,P0028,4,4720,543.2
O03302,P0006,4,3168,394.91
O03302,P0025,1,315,42.64
O03302,P0034,2,1830,470.72
O03303,P0093,3,2061,526.35
O03303,P0025,2,630,130.27
O03303,P0063,1,617,113.69
O03304,P0041,5,5760,957.92
O03304,P0074,3,1899,199.9
O03304,P0006,1,792,104.21
O03305,P0064,5,4070,824.08
O03306,P0067,4,5692,460.98
O03307,P0010,1,189,44.29
O03307,P0078,2,2472,484.4
O03308,P0060,3,3465,799.2
O03308,P0062,2,1616,463.11
O03309,P0061,2,2484,597.99
O03310,P0009,1,1459,143.13
O03310,P0063,4,2468,393.37
O03310,P0093,3,2061,594.32
O03311,P0067,4,5692,800.26
O03312,P0050,5,3790,417.84
O03312,P0066,1,1191,109.84
O03313,P0007,4,3976,681.13
O03313,P0079,4,3828,575.34
O03314,P0076,1,535,134.6
O03314,P0006,3,2376,279.53
O03314,P0097,5,6160,1099.0
O03315,P0095,2,1534,401.22
O03315,P0075,2,354,95.9
O03316,P0053,1,757,140.71
O03316,P0083,3,2082,300.47
O03317,P0055,2,396,49.25
O03317,P0097,5,6160,1804.09
O03317,P0086,5,3175,919.21
O03318,P0038,2,2636,610.33
O03319,P0088,4,4004,791.51
O03320,P0027,1,352,61.17
O03320,P0048,1,1477,399.05
O03320,P0068,3,1101,195.97
O03321,P0016,2,2874,374.79
O03321,P0082,4,2800,523.02
O03321,P0070,3,1707,415.03
O03322,P0098,3,4248,807.28
O03322,P0064,1,814,176.32
O03322,P0065,4,4660,379.94
O03323,P0062,1,808,193.05
O03323,P0036,5,6295,1102.27
O03324,P0045,4,2096,476.31
O03324,P0082,1,700,151.08
O03324,P0072,3,1086,104.47
O03325,P0029,1,1406,149.34
O03326,P0092,2,2398,481.84
O03326,P0011,3,2724,293.63
O03326,P0023,2,1328,312.22
O03327,P0076,4,2140,567.51
O03327,P0075,3,531,109.69
O03327,P0061,2,2484,610.74
O03328,P0075,3,531,101.53
O03328,P0067,5,7115,1992.83
O03328,P0018,3,345,68.25
O03329,P0088,3,3003,844.4
O03329,P0010,1,189,18.34
O03329,P0099,2,1930,494.96
O03330,P0093,4,2748,270.19
O03330,P0072,5,1810,210.45
O03330,P0078,1,1236,344.71
O03331,P0029,3,4218,1108.1
O03331,P0027,4,1408,206.41
O03332,P0012,3,2094,588.92
O03333,P0052,5,3255,840.94
O03333,P0013,2,430,89.54
O03334,P0067,4,5692,618.51
O03335,P0080,1,297,57.55
O03335,P0008,5,6620,875.84
O03335,P0070,1,569,67.78
O03336,P0084,5,3525,1020.64
O03336,P0019,4,5684,1364.59
O03336,P0038,2,2636,651.46
O03337,P0019,4,5684,1340.41
O03337,P0031,4,5724,1062.4
O03337,P0019,3,4263,619.65
O03338,P0016,3,4311,532.24
O03338,P0056,3,2706,728.41
O03338,P0039,5,4710,1306.0
O03339,P0058,4,924,107.42
O03339,P0043,4,5648,901.53
O03339,P0007,1,994,153.34
O03340,P0100,3,2751,354.92
O03340,P0058,5,1155,312.59
O03341,P0084,1,705,185.9
O03341,P0076,5,2675,752.94
O03341,P0033,1,129,31.97
O03342,P0089,3,1149,326.52
O03343,P0063,1,617,136.33
O03343,P0093,2,1374,198.49
O03343,P0050,5,3790,1023.72
O03344,P0015,1,452,107.86
O03345,P0030,3,2418,198.48
O03345,P0083,1,694,119.49
O03345,P0076,3,1605,298.92
O03346,P0086,4,2540,274.42
O03346,P0099,2,1930,326.58
O03347,P0054,2,458,49.32
O03347,P0079,3,2871,604.8
O03347,P0048,1,1477,189.91
O03348,P0070,2,1138,104.32
O03348,P0014,1,107,25.46
O03348,P0048,3,4431,1254.19
O03349,P0043,1,1412,396.38
O03349,P0011,3,2724,306.8
O03349,P0009,2,2918,303.24
O03350,P0026,1,177,43.45
O03350,P0016,2,2874,748.13
O03350,P0080,4,1188,176.25
O03351,P0098,3,4248,799.03
O03352,P0036,4,5036,1036.14
O03352,P0057,1,1160,317.07
O03353,P0057,1,1160,225.94
O03353,P0033,2,258,72.77
O03353,P0042,2,1808,231.12
O03354,P0073,5,2925,573.44
O03354,P0071,3,954,170.42
O03355,P0100,2,1834,210.44
O03355,P0084,5,3525,776.28
O03356,P0100,3,2751,593.17
O03356,P0077,4,5984,1678.81
O03356,P0043,4,5648,1430.38
O03357,P0027,3,1056,142.37
O03358,P0046,1,188,47.7
O03358,P0059,2,406,71.0
O03358,P0098,2,2832,688.7
O03359,P0068,2,734,123.75
O03359,P0003,1,1350,120.68
O03360,P0028,2,2360,502.98
O03361,P0041,5,5760,508.87
O03362,P0008,1,1324,231.85
O03362,P0097,4,4928,835.04
O03362,P0060,3,3465,506.73
O03363,P0066,5,5955,1116.9
O03363,P0032,3,3135,470.19
O03364,P0049,1,817,193.77
O03364,P0093,3,2061,244.7
O03364,P0098,2,2832,304.4
O03365,P0058,4,924,195.62
O03365,P0019,1,1421,343.36
O03365,P0038,4,5272,1524.03
O03366,P0011,5,4540,587.56
O03366,P0018,2,230,33.87
O03367,P0076,5,2675,449.54
O03368,P0095,3,2301,345.8
O03369,P0034,5,4575,1236.75
O03370,P0059,3,609,72.1
O03370,P0075,4,708,143.54
O03370,P0091,2,2886,443.18
O03371,P0037,2,1376,360.5
O03372,P0034,1,915,252.75
O03372,P0065,2,2330,196.5
O03372,P0062,4,3232,423.84
O03373,P0085,2,2706,590.98
O03373,P0056,2,1804,164.35
O03374,P0024,4,1776,263.29
O03375,P0031,2,2862,413.52
O03376,P0030,3,2418,204.95
O03376,P0082,5,3500,694.82
O03377,P0098,4,5664,649.11
O03378,P0039,2,1884,294.48
O03379,P0037,1,688,115.55
O03379,P0027,2,704,94.81
O03380,P0041,3,3456,349.35
O03381,P0023,4,2656,626.59
O03382,P0026,3,531,80.36
O03382,P0090,4,2692,247.42
O03383,P0028,3,3540,777.0
O03383,P0060,1,1155,161.87
O03383,P0034,2,1830,506.87
O03384,P0048,3,4431,1276.96
O03384,P0092,4,4796,706.07
O03384,P0060,1,1155,243.27
O03385,P0060,3,3465,896.96
O03386,P0053,2,1514,227.95
O03387,P0085,1,1353,388.45
O03387,P0022,5,1935,186.88
O03387,P0057,1,1160,308.31
O03388,P0005,3,2550,710.82
O03388,P0064,3,2442,579.75
O03388,P0024,2,888,213.5
O03389,P0002,5,925,269.56
O03389,P0032,1,1045,225.33
O03390,P0049,1,817,125.25
O03390,P0082,4,2800,752.73
O03391,P0049,3,2451,463.63
O03391,P0078,1,1236,342.01
O03392,P0051,4,828,211.52
O03392,P0031,2,2862,832.65
O03393,P0061,2,2484,734.63
O03393,P0080,4,1188,159.34
O03393,P0025,4,1260,134.15
O03394,P0003,2,2700,718.15
O03394,P0095,1,767,174.64
O03395,P0095,3,2301,635.52
O03395,P0039,4,3768,498.27
O03395,P0013,2,430,35.28
O03396,P0012,4,2792,491.06
O03397,P0030,3,2418,215.54
O03398,P0057,1,1160,173.03
O03399,P0097,4,4928,937.38
O03399,P0024,3,1332,302.21
O03399,P0006,4,3168,668.58
O03400,P0012,1,698,102.84
O03400,P0048,2,2954,686.51
O03401,P0061,1,1242,348.8
O03401,P0054,5,1145,102.19
O03402,P0021,1,1367,142.23
O03402,P0071,1,318,89.56
O03402,P0005,4,3400,820.09
O03403,P0021,2,2734,579.55
O03404,P0024,5,2220,433.74
O03404,P0027,5,1760,178.81
O03405,P0078,2,2472,218.57
O03405,P0042,4,3616,811.49
O03405,P0059,4,812,232.57
O03406,P0081,5,165,17.33
O03406,P0022,5,1935,356.21
O03406,P0048,5,7385,1783.1
O03407,P0013,5,1075,279.29
O03408,P0028,4,4720,1344.31
O03408,P0066,1,1191,355.47
O03409,P0070,1,569,128.24
O03409,P0015,4,1808,277.52
O03409,P0053,4,3028,747.69
O03410,P0060,2,2310,378.01
O03410,P0056,2,1804,352.29
O03410,P0008,1,1324,245.49
O03411,P0043,4,5648,646.42
O03412,P0037,5,3440,360.16
O03413,P0092,3,3597,641.83
O03413,P0008,2,2648,478.71
O03413,P0033,3,387,66.72
O03414,P0013,4,860,166.38
O03415,P0041,1,1152,335.32
O03415,P0041,2,2304,209.52
O03415,P0030,4,3224,686.08
O03416,P0050,5,3790,790.13
O03416,P0097,5,6160,995.89
O03416,P0081,3,99,15.47
O03417,P0051,5,1035,207.72
O03417,P0054,4,916,166.27
O03418,P0064,3,2442,403.56
O03419,P0059,5,1015,89.09
O03419,P0012,4,2792,456.11
O03420,P0062,4,3232,578.13
O03420,P0008,1,1324,358.87
O03420,P0002,3,555,137.55
O03421,P0079,1,957,166.04
O03422,P0033,4,516,46.44
O03422,P0056,5,4510,1150.2
O03423,P0043,2,2824,845.28
O03423,P0034,2,1830,519.26
O03424,P0051,5,1035,93.92
O03425,P0010,4,756,95.33
O03425,P0032,2,2090,174.68
O03425,P0012,1,698,76.52
O03426,P0066,3,3573,622.68
O03426,P0005,2,1700,225.84
O03426,P0046,4,752,176.55
O03427,P0030,2,1612,135.5
O03427,P0019,2,2842,289.52
O03428,P0031,5,7155,1329.59
O03428,P0038,5,6590,1662.05
O03429,P0005,1,850,137.41
O03429,P0074,5,3165,587.76
O03430,P0006,1,792,211.83
O03431,P0046,3,564,127.61
O03432,P0045,3,1572,456.14
O03433,P0096,3,3522,530.68
O03433,P0075,1,177,52.97
O03434,P0087,5,6275,1872.22
O03434,P0071,5,1590,474.74
O03435,P0063,1,617,139.74
O03435,P0070,5,2845,802.43
O03435,P0041,2,2304,472.24
O03436,P0078,4,4944,1081.95
O03436,P0056,2,1804,350.87
O03437,P0094,2,1188,176.02
O03437,P0009,1,1459,242.46
O03438,P0014,2,214,54.71
O03439,P0067,2,2846,557.11
O03439,P0021,1,1367,117.63
O03440,P0052,1,651,93.76
O03440,P0050,3,2274,260.66
O03440,P0071,3,954,206.12
O03441,P0034,1,915,172.18
O03442,P0080,3,891,92.13
O03442,P0057,5,5800,1186.72
O03442,P0039,4,3768,561.81
O03443,P0057,4,4640,1141.49
O03443,P0016,2,2874,553.64
O03444,P0083,2,1388,220.73
O03444,P0055,5,990,211.11
O03445,P0006,2,1584,177.34
O03445,P0085,2,2706,485.77
O03446,P0095,4,3068,283.03
O03446,P0025,2,630,68.06
O03447,P0072,2,724,93.67
O03448,P0090,1,673,108.96
O03448,P0058,4,924,165.72
O03449,P0082,2,1400,222.7
O03450,P0022,3,1161,225.36
O03450,P0060,1,1155,302.3
O03450,P0042,1,904,255.89
O03451,P0096,2,2348,586.73
O03451,P0001,5,7100,1946.56
O03451,P0028,1,1180,181.84
O03452,P0081,4,132,23.09
O03452,P0073,5,2925,749.47
O03453,P0090,2,1346,279.17
O03454,P0054,5,1145,230.98
O03454,P0082,3,2100,392.49
O03455,P0037,1,688,143.39
O03455,P0093,4,2748,703.28
O03455,P0094,4,2376,233.41
O03456,P0054,4,916,152.06
O03457,P0059,5,1015,262.14
O03457,P0059,3,609,89.28
O03458,P0041,1,1152,128.84
O03459,P0033,5,645,72.77
O03459,P0025,5,1575,314.57
O03460,P0014,2,214,51.21
O03460,P0008,2,2648,717.68
O03461,P0098,4,5664,548.83
O03462,P0057,1,1160,150.57
O03462,P0090,1,673,177.85
O03463,P0090,5,3365,292.57
O03464,P0063,4,2468,566.13
O03465,P0097,5,6160,1593.46
O03465,P0044,3,585,148.21
O03465,P0015,5,2260,559.78
O03466,P0097,5,6160,1046.76
O03466,P0045,4,2096,207.0
O03466,P0018,3,345,62.07
O03467,P0083,5,3470,711.11
O03468,P0047,1,335,88.03
O03468,P0078,5,6180,1587.84
O03468,P0077,5,7480,804.42
O03469,P0013,4,860,249.75
O03469,P0001,5,7100,791.39
O03470,P0083,4,2776,471.99
O03470,P0065,5,5825,1323.43
O03471,P0070,3,1707,160.37
O03472,P0033,2,258,35.5
O03473,P0041,1,1152,142.34
O03473,P0051,1,207,40.04
O03474,P0030,5,4030,884.05
O03475,P0066,1,1191,343.88
O03475,P0021,3,4101,1159.59
O03476,P0025,2,630,72.1
O03476,P0088,1,1001,178.06
O03476,P0078,5,6180,1403.31
O03477,P0028,3,3540,634.0
O03477,P0050,5,3790,604.33
O03478,P0028,5,5900,1438.8
O03479,P0099,4,3860,693.69
O03480,P0070,5,2845,514.74
O03480,P0004,2,168,16.0
O03481,P0039,1,942,129.8
O03482,P0071,4,1272,177.81
O03482,P0043,4,5648,607.34
O03483,P0040,4,1948,296.46
O03484,P0018,5,575,80.0
O03484,P0002,1,185,33.32
O03485,P0008,1,1324,170.73
O03485,P0062,4,3232,447.36
O03486,P0088,5,5005,1075.86
O03486,P0071,5,1590,284.53
O03486,P0074,5,3165,909.51
O03487,P0053,5,3785,391.52
O03488,P0039,4,3768,921.33
O03489,P0088,3,3003,299.01
O03489,P0028,4,4720,1378.07
O03489,P0058,1,231,18.7
O03490,P0068,1,367,47.46
O03490,P0031,4,5724,1413.81
O03491,P0034,3,2745,360.76
O03491,P0053,1,757,177.61
O03492,P0083,1,694,108.6
O03492,P0027,4,1408,187.43
O03492,P0072,1,362,35.43
O03493,P0015,5,2260,382.69
O03493,P0097,3,3696,535.81
O03493,P0048,1,1477,172.02
O03494,P0074,4,2532,223.42
O03495,P0048,1,1477,138.12
O03495,P0067,4,5692,819.25
O03496,P0058,4,924,168.22
O03496,P0013,3,645,176.02
O03496,P0013,4,860,215.41
O03497,P0075,5,885,229.74
O03497,P0087,5,6275,876.98
O03497,P0060,3,3465,671.13
O03498,P0008,1,1324,367.54
O03498,P0097,2,2464,416.82
O03499,P0018,1,115,34.2
O03500,P0026,4,708,57.25
O03500,P0086,1,635,112.9
O03501,P0030,4,3224,480.07
O03502,P0025,5,1575,194.35
O03502,P0052,2,1302,337.86
O03503,P0060,4,4620,906.06
O03504,P0004,1,84,14.89
O03505,P0041,4,4608,1212.24
O03505,P0016,1,1437,202.86
O03505,P0096,1,1174,137.88
O03506,P0023,3,1992,284.97
O03507,P0066,3,3573,548.53
O03508,P0067,4,5692,1016.04
O03508,P0015,2,904,118.53
O03508,P0096,5,5870,860.94
O03509,P0090,4,2692,798.67
O03509,P0011,3,2724,442.07
O03509,P0047,2,670,87.33
O03510,P0095,4,3068,769.31
O03511,P0013,2,430,103.16
O03512,P0077,2,2992,836.3
O03512,P0078,1,1236,183.48
O03513,P0076,5,2675,557.45
O03513,P0050,4,3032,660.47
O03513,P0009,3,4377,556.66
O03514,P0093,1,687,199.64
O03514,P0003,5,6750,1249.27
O03515,P0077,2,2992,307.66
O03515,P0087,4,5020,640.65
O03516,P0036,3,3777,936.46
O03516,P0045,2,1048,146.79
O03516,P0043,4,5648,1343.57
O03517,P0034,2,1830,465.57
O03518,P0042,3,2712,721.6
O03518,P0064,4,3256,874.96
O03518,P0075,2,354,93.4
O03519,P0072,4,1448,325.72
O03520,P0023,5,3320,596.64
O03520,P0014,1,107,14.7
O03521,P0067,2,2846,398.91
O03522,P0078,1,1236,342.13
O03523,P0060,5,5775,958.15
O03523,P0029,1,1406,245.62
O03524,P0080,3,891,180.9
O03524,P0034,1,915,169.36
O03525,P0026,3,531,96.51
O03526,P0081,1,33,9.03
O03527,P0002,4,740,81.38
O03528,P0023,4,2656,620.04
O03529,P0010,5,945,202.91
O03529,P0092,3,3597,881.36
O03529,P0030,4,3224,472.31
O03530,P0069,5,2850,563.52
O03531,P0047,4,1340,111.79
O03531,P0010,3,567,128.02
O03531,P0016,3,4311,686.9
O03532,P0062,2,1616,342.34
O03533,P0036,3,3777,851.75
O03534,P0013,1,215,51.46
O03534,P0014,4,428,71.67
O03535,P0006,5,3960,1157.4
O03535,P0056,3,2706,408.26
O03535,P0022,5,1935,509.73
O03536,P0078,1,1236,188.41
O03536,P0009,5,7295,2066.39
O03536,P0022,4,1548,459.26
O03537,P0073,1,585,132.62
O03538,P0061,1,1242,122.08
O03539,P0050,4,3032,291.79
O03539,P0089,1,383,101.93
O03540,P0023,2,1328,270.39
O03540,P0041,3,3456,1012.43
O03541,P0025,5,1575,343.19
O03541,P0016,1,1437,159.0
O03541,P0100,1,917,245.93
O03542,P0081,1,33,7.52
O03543,P0096,5,5870,650.31
O03543,P0052,2,1302,256.22
O03543,P0037,3,2064,467.54
O03544,P0041,5,5760,1252.16
O03544,P0052,5,3255,871.02
O03545,P0049,2,1634,201.41
O03545,P0055,2,396,38.09
O03546,P0034,3,2745,539.2
O03546,P0040,4,1948,445.66
O03547,P0068,2,734,160.15
O03547,P0032,4,4180,1121.65
O03548,P0028,3,3540,847.55
O03548,P0099,1,965,205.83
O03549,P0079,1,957,239.12
O03550,P0092,5,5995,659.25
O03550,P0058,2,462,39.09
O03550,P0073,2,1170,286.82
O03551,P0036,4,5036,1313.53
O03551,P0086,1,635,117.95
O03551,P0005,1,850,187.32
O03552,P0085,2,2706,709.68
O03552,P0068,2,734,89.33
O03552,P0067,3,4269,1059.6
O03553,P0096,4,4696,1003.35
O03553,P0002,4,740,141.7
O03553,P0066,3,3573,1003.56
O03554,P0038,5,6590,623.06
O03554,P0083,4,2776,487.47
O03554,P0035,1,175,46.21
O03555,P0029,2,2812,708.46
O03556,P0025,1,315,74.61
O03556,P0028,2,2360,530.74
O03556,P0100,3,2751,304.76
O03557,P0093,2,1374,377.59
O03557,P0085,4,5412,1391.48
O03557,P0078,1,1236,146.41
O03558,P0011,2,1816,329.5
O03558,P0051,3,621,132.34
O03558,P0073,5,2925,599.3
O03559,P0057,2,2320,345.37
O03560,P0011,4,3632,899.12
O03560,P0020,3,3396,496.78
O03560,P0077,5,7480,1056.57
O03561,P0040,4,1948,484.44
O03562,P0068,5,1835,322.41
O03562,P0003,1,1350,367.02
O03562,P0086,1,635,61.19
O03563,P0058,2,462,41.67
O03564,P0056,1,902,192.22
O03564,P0090,5,3365,287.35
O03565,P0051,4,828,153.48
O03565,P0061,3,3726,558.15
O03565,P0044,3,585,123.23
O03566,P0041,1,1152,287.54
O03566,P0065,4,4660,1089.01
O03566,P0075,2,354,89.07
O03567,P0035,4,700,199.08
O03567,P0038,1,1318,155.23
O03567,P0066,3,3573,739.5
O03568,P0037,2,1376,114.87
O03568,P0025,3,945,274.05
O03568,P0091,2,2886,528.0
O03569,P0030,4,3224,384.58
O03570,P0016,4,5748,959.68
O03570,P0065,1,1165,148.65
O03570,P0041,2,2304,348.55
O03571,P0006,1,792,156.61
O03571,P0063,1,617,73.14
O03572,P0084,3,2115,475.32
O03572,P0001,5,7100,1454.86
O03573,P0036,4,5036,1255.49
O03573,P0087,4,5020,1473.06
O03574,P0083,2,1388,294.76
O03574,P0073,3,1755,517.52
O03574,P0084,5,3525,526.94
O03575,P0089,1,383,78.19
O03575,P0070,2,1138,154.85
O03576,P0052,3,1953,449.35
O03576,P0052,1,651,61.3
O03577,P0072,2,724,215.23
O03577,P0100,4,3668,303.0
O03577,P0004,5,420,72.93
O03578,P0088,4,4004,1164.06
O03578,P0022,4,1548,417.69
O03579,P0084,1,705,81.26
O03580,P0040,3,1461,351.61
O03580,P0058,2,462,57.83
O03580,P0002,1,185,47.22
O03581,P0088,1,1001,159.69
O03581,P0057,2,2320,201.97
O03581,P0067,5,7115,1664.01
O03582,P0081,2,66,14.4
O03582,P0004,5,420,46.47
O03582,P0071,4,1272,164.21
O03583,P0074,1,633,56.12
O03584,P0006,5,3960,773.97
O03584,P0080,1,297,34.98
O03585,P0082,2,1400,332.61
O03585,P0063,3,1851,458.58
O03586,P0074,5,3165,496.16
O03586,P0019,2,2842,229.03
O03587,P0037,1,688,64.74
O03588,P0052,1,651,130.91
O03588,P0020,2,2264,452.46
O03589,P0009,1,1459,256.94
O03589,P0001,2,2840,533.39
O03590,P0059,4,812,201.09
O03590,P0072,2,724,158.14
O03590,P0089,3,1149,108.66
O03591,P0013,3,645,101.76
O03591,P0091,1,1443,332.72
O03591,P0015,1,452,37.98
O03592,P0039,1,942,82.07
O03592,P0029,1,1406,303.78
O03593,P0055,5,990,246.6
O03593,P0084,2,1410,152.76
O03593,P0019,2,2842,357.4
O03594,P0019,1,1421,179.27
O03595,P0008,4,5296,580.55
O03596,P0020,3,3396,300.28
O03597,P0040,5,2435,318.5
O03597,P0036,2,2518,572.41
O03597,P0084,2,1410,384.89
O03598,P0064,3,2442,301.46
O03598,P0082,4,2800,427.83
O03598,P0062,2,1616,333.46
O03599,P0099,5,4825,536.25
O03599,P0036,5,6295,545.34
O03600,P0080,1,297,80.68
O03600,P0052,4,2604,334.99
O03600,P0098,4,5664,1500.12
O03601,P0057,5,5800,955.91
O03601,P0003,5,6750,1239.8
O03602,P0005,3,2550,209.19
O03602,P0044,2,390,104.83
O03602,P0001,3,4260,691.14
O03603,P0072,1,362,104.05
O03603,P0082,4,2800,285.35
O03604,P0036,3,3777,784.34
O03604,P0038,1,1318,114.32
O03605,P0055,3,594,85.44
O03605,P0053,3,2271,457.63
O03605,P0078,1,1236,188.4
O03606,P0016,1,1437,269.81
O03606,P0001,3,4260,474.54
O03606,P0051,4,828,217.46
O03607,P0032,5,5225,422.13
O03608,P0025,3,945,95.54
O03609,P0096,1,1174,176.01
O03609,P0050,1,758,169.73
O03610,P0016,5,7185,1480.77
O03610,P0065,4,4660,474.0
O03611,P0012,2,1396,149.2
O03611,P0016,2,2874,677.79
O03611,P0005,3,2550,293.65
O03612,P0005,2,1700,185.8
O03613,P0014,1,107,16.2
O03613,P0069,5,2850,349.08
O03613,P0062,4,3232,719.26
O03614,P0065,3,3495,460.3
O03614,P0071,3,954,231.67
O03614,P0008,3,3972,752.01
O03615,P0044,2,390,111.72
O03615,P0062,2,1616,341.1
O03616,P0094,1,594,58.88
O03617,P0086,2,1270,329.89
O03617,P0083,3,2082,398.58
O03618,P0066,2,2382,433.19
O03618,P0100,5,4585,923.77
O03619,P0097,4,4928,438.01
O03620,P0068,4,1468,206.69
O03621,P0086,1,635,186.22
O03621,P0003,1,1350,183.65
O03621,P0075,3,531,136.21
O03622,P0058,5,1155,94.18
O03622,P0032,5,5225,959.29
O03622,P0093,5,3435,601.09
O03623,P0087,2,2510,299.14
O03623,P0052,2,1302,209.56
O03624,P0096,3,3522,1025.32
O03624,P0067,3,4269,962.08
O03624,P0006,3,2376,501.76
O03625,P0020,1,1132,171.74
O03626,P0025,5,1575,266.94
O03626,P0055,3,594,105.66
O03627,P0031,5,7155,2119.04
O03627,P0013,1,215,22.26
O03627,P0013,2,430,108.69
O03628,P0092,5,5995,774.37
O03628,P0062,3,2424,598.46
O03628,P0056,4,3608,615.41
O03629,P0050,4,3032,825.59
O03630,P0085,1,1353,134.36
O03630,P0084,4,2820,225.95
O03631,P0084,3,2115,619.6
O03631,P0032,5,5225,952.24
O03631,P0005,1,850,217.22
O03632,P0004,3,252,56.71
O03633,P0018,2,230,24.28
O03634,P0039,2,1884,307.77
O03635,P0092,5,5995,1504.19
O03635,P0067,1,1423,116.27
O03635,P0022,5,1935,238.13
O03636,P0088,4,4004,919.99
O03636,P0047,1,335,36.37
O03637,P0096,5,5870,1616.52
O03637,P0046,5,940,202.88
O03637,P0043,2,2824,230.29
O03638,P0013,3,645,107.0
O03638,P0065,1,1165,282.98
O03639,P0047,2,670,161.28
O03639,P0013,5,1075,228.92
O03639,P0098,4,5664,1172.5
O03640,P0062,2,1616,295.15
O03640,P0015,3,1356,316.09
O03640,P0004,1,84,23.58
O03641,P0064,2,1628,316.8
O03642,P0055,5,990,271.28
O03642,P0098,3,4248,1164.6
O03643,P0073,5,2925,469.2
O03644,P0069,5,2850,767.71
O03644,P0013,5,1075,179.79
O03644,P0035,1,175,35.02
O03645,P0099,2,1930,565.9
O03645,P0089,4,1532,256.0
O03646,P0036,1,1259,297.86
O03647,P0007,1,994,220.58
O03647,P0051,4,828,109.45
O03647,P0095,5,3835,546.89
O03648,P0006,5,3960,1057.02
O03648,P0029,3,4218,1062.95
O03648,P0013,3,645,117.24
O03649,P0084,3,2115,573.8
O03649,P0022,3,1161,163.66
O03649,P0070,1,569,102.09
O03650,P0019,2,2842,692.42
O03650,P0094,2,1188,195.82
O03650,P0097,3,3696,527.26
O03651,P0078,3,3708,923.63
O03652,P0064,5,4070,423.31
O03652,P0041,4,4608,400.06
O03653,P0031,3,4293,579.07
O03653,P0086,5,3175,709.6
O03653,P0041,5,5760,726.02
O03654,P0006,5,3960,603.76
O03654,P0064,5,4070,988.89
O03654,P0026,4,708,183.18
O03655,P0057,5,5800,1696.78
O03655,P0017,3,2979,570.13
O03655,P0097,3,3696,661.94
O03656,P0046,4,752,114.73
O03657,P0094,5,2970,284.67
O03657,P0097,4,4928,964.78
O03657,P0075,2,354,105.5
O03658,P0070,1,569,106.71
O03658,P0065,2,2330,215.51
O03658,P0066,4,4764,1064.63
O03659,P0070,4,2276,415.26
O03660,P0042,1,904,247.37
O03660,P0022,2,774,115.78
O03661,P0069,1,570,107.29
O03662,P0028,2,2360,390.2
O03662,P0012,2,1396,157.32
O03662,P0069,2,1140,270.65
O03663,P0062,3,2424,344.58
O03663,P0019,2,2842,792.7
O03663,P0025,4,1260,262.03
O03664,P0031,3,4293,466.12
O03664,P0096,5,5870,899.68
O03664,P0069,1,570,136.9
O03665,P0086,1,635,157.67
O03666,P0013,4,860,128.41
O03667,P0078,4,4944,654.27
O03668,P0034,3,2745,708.07
O03668,P0079,3,2871,623.22
O03668,P0087,2,2510,345.74
O03669,P0031,1,1431,173.78
O03669,P0025,2,630,84.45
O03669,P0022,4,1548,289.79
O03670,P0017,4,3972,1010.03
O03670,P0059,3,609,167.46
O03671,P0031,2,2862,676.23
O03671,P0004,3,252,40.57
O03671,P0097,4,4928,1463.97
O03672,P0001,2,2840,250.16
O03673,P0079,1,957,175.57
O03673,P0073,1,585,71.84
O03674,P0091,3,4329,1238.72
O03674,P0010,3,567,115.66
O03675,P0026,4,708,73.95
O03675,P0092,2,2398,248.7
O03676,P0043,2,2824,801.95
O03676,P0014,5,535,53.77
O03676,P0035,2,350,64.78
O03677,P0094,1,594,157.65
O03677,P0083,3,2082,180.15
O03677,P0085,4,5412,556.03
O03678,P0025,2,630,170.89
O03679,P0083,2,1388,311.42
O03679,P0073,1,585,93.73
O03679,P0067,3,4269,607.57
O03680,P0085,3,4059,546.48
O03680,P0095,1,767,219.44
O03680,P0047,3,1005,162.14
O03681,P0017,5,4965,760.9
O03681,P0075,2,354,103.83
O03682,P0056,3,2706,471.7
O03683,P0073,4,2340,438.06
O03683,P0077,5,7480,1595.16
O03684,P0098,3,4248,1202.38
O03684,P0032,2,2090,273.91
O03684,P0037,2,1376,257.86
O03685,P0018,5,575,137.48
O03686,P0065,3,3495,801.2
O03687,P0096,1,1174,101.47
O03687,P0006,2,1584,368.66
O03688,P0071,4,1272,260.03
O03689,P0049,2,1634,471.52
O03689,P0032,4,4180,1152.65
O03689,P0015,5,2260,189.44
O03690,P0075,2,354,39.98
O03690,P0053,5,3785,672.62
O03690,P0019,3,4263,975.53
O03691,P0049,1,817,147.67
O03691,P0049,5,4085,360.17
O03692,P0064,4,3256,277.5
O03692,P0029,1,1406,408.25
O03692,P0097,1,1232,145.35
O03693,P0085,2,2706,564.16
O03694,P0064,3,2442,361.55
O03695,P0073,4,2340,411.87
O03696,P0054,2,458,128.57
O03696,P0034,4,3660,439.61
O03697,P0093,5,3435,765.29
O03698,P0086,2,1270,312.52
O03698,P0076,2,1070,224.05
O03698,P0072,1,362,87.94
O03699,P0072,5,1810,511.09
O03700,P0043,5,7060,792.66
O03700,P0067,1,1423,379.97
O03700,P0089,2,766,65.47
O03701,P0003,2,2700,318.96
O03702,P0089,1,383,103.6
O03702,P0066,5,5955,641.37
O03703,P0024,5,2220,291.48
O03704,P0062,4,3232,790.84
O03704,P0004,2,168,30.22
O03705,P0078,3,3708,530.01
O03706,P0009,3,4377,822.96
O03706,P0016,5,7185,1421.18
O03706,P0068,4,1468,372.35
O03707,P0040,2,974,91.24
O03707,P0092,2,2398,271.36
O03707,P0100,5,4585,1204.62
O03708,P0045,1,524,152.59
O03708,P0032,2,2090,360.95
O03708,P0049,5,4085,824.15
O03709,P0042,3,2712,465.14
O03709,P0023,4,2656,426.15
O03710,P0066,3,3573,393.81
O03710,P0018,3,345,64.87
O03710,P0024,1,444,118.02
O03711,P0029,1,1406,312.53
O03711,P0082,3,2100,371.26
O03712,P0022,3,1161,327.05
O03712,P0041,3,3456,410.97
O03712,P0100,4,3668,468.97
O03713,P0010,4,756,176.05
O03713,P0018,4,460,86.88
O03713,P0055,5,990,136.02
O03714,P0033,1,129,33.32
O03714,P0056,5,4510,631.26
O03715,P0095,4,3068,561.39
O03715,P0051,1,207,61.83
O03716,P0062,2,1616,450.98
O03717,P0016,5,7185,1533.75
O03717,P0038,2,2636,527.37
O03717,P0079,2,1914,321.08
O03718,P0026,5,885,97.34
O03719,P0012,4,2792,645.35
O03720,P0098,4,5664,773.56
O03721,P0022,1,387,31.07
O03721,P0081,2,66,17.85
O03722,P0088,5,5005,1437.09
O03723,P0068,3,1101,181.87
O03724,P0075,4,708,141.18
O03724,P0070,1,569,145.03
O03724,P0071,1,318,73.71
O03725,P0046,4,752,122.7
O03725,P0056,4,3608,1058.12
O03725,P0086,5,3175,839.42
O03726,P0037,1,688,76.89
O03726,P0097,5,6160,1202.51
O03726,P0013,1,215,58.83
O03727,P0074,2,1266,256.32
O03727,P0093,3,2061,272.89
O03728,P0074,3,1899,186.68
O03728,P0097,4,4928,1252.68
O03729,P0033,5,645,137.3
O03730,P0058,5,1155,265.42
O03730,P0063,5,3085,260.18
O03730,P0032,4,4180,336.94
O03731,P0031,1,1431,262.85
O03731,P0011,5,4540,1141.71
O03731,P0096,4,4696,877.67
O03732,P0044,3,585,68.75
O03733,P0074,4,2532,564.0
O03733,P0033,1,129,23.7
O03734,P0073,1,585,83.48
O03734,P0067,2,2846,493.56
O03735,P0063,5,3085,499.95
O03735,P0096,4,4696,992.56
O03735,P0004,4,336,78.58
O03736,P0034,3,2745,468.58
O03736,P0045,1,524,79.68
O03736,P0061,1,1242,124.39
O03737,P0048,1,1477,134.81
O03737,P0039,4,3768,343.71
O03737,P0065,1,1165,220.42
O03738,P0086,3,1905,164.17
O03738,P0069,2,1140,94.16
O03738,P0032,1,1045,117.76
O03739,P0065,3,3495,714.29
O03739,P0051,2,414,95.61
O03739,P0059,2,406,95.3
O03740,P0065,2,2330,203.2
O03740,P0026,1,177,52.7
O03740,P0055,2,396,85.7
O03741,P0091,3,4329,1207.72
O03741,P0005,5,4250,782.6
O03742,P0017,4,3972,907.11
O03742,P0043,3,4236,935.31
O03742,P0097,5,6160,1065.05
O03743,P0020,4,4528,1107.53
O03743,P0006,3,2376,624.68
O03743,P0057,2,2320,362.48
O03744,P0100,5,4585,1136.99
O03744,P0046,3,564,128.12
O03745,P0040,1,487,69.1
O03746,P0008,3,3972,416.51
O03746,P0015,2,904,159.99
O03747,P0082,3,2100,210.93
O03748,P0068,2,734,132.77
O03749,P0033,2,258,69.93
O03749,P0092,4,4796,1223.79
O03749,P0079,4,3828,930.75
O03750,P0059,5,1015,181.08
O03750,P0071,5,1590,167.5
O03750,P0055,4,792,197.02
O03751,P0028,5,5900,887.66
O03752,P0060,1,1155,297.8
O03752,P0059,4,812,118.76
O03753,P0089,1,383,98.04
O03753,P0087,5,6275,913.77
O03753,P0045,4,2096,405.72
O03754,P0011,3,2724,381.45
O03755,P0010,1,189,36.55
O03755,P0019,2,2842,825.09
O03755,P0016,3,4311,822.23
O03756,P0066,3,3573,863.18
O03757,P0019,3,4263,757.65
O03757,P0013,3,645,98.53
O03757,P0066,5,5955,1285.0
O03758,P0081,4,132,16.63
O03758,P0064,3,2442,396.23
O03758,P0016,2,2874,430.57
O03759,P0088,5,5005,520.73
O03759,P0094,1,594,59.35
O03760,P0005,5,4250,687.77
O03761,P0029,1,1406,410.1
O03761,P0085,3,4059,691.16
O03761,P0043,4,5648,1566.5
O03762,P0035,5,875,198.65
O03762,P0021,3,4101,866.21
O03762,P0069,2,1140,110.35
O03763,P0023,5,3320,566.56
O03763,P0098,5,7080,1603.77
O03764,P0088,4,4004,957.38
O03765,P0008,3,3972,923.49
O03766,P0067,1,1423,388.58
O03766,P0088,1,1001,274.92
O03766,P0098,2,2832,635.67
O03767,P0058,3,693,79.05
O03767,P0062,5,4040,1183.39
O03768,P0005,2,1700,139.24
O03768,P0073,3,1755,254.88
O03769,P0021,5,6835,1324.28
O03770,P0009,5,7295,1970.98
O03770,P0042,5,4520,501.72
O03771,P0062,3,2424,444.82
O03772,P0021,3,4101,877.4
O03772,P0088,5,5005,708.75
O03772,P0060,3,3465,571.9
O03773,P0003,2,2700,562.82
O03773,P0083,4,2776,807.4
O03774,P0001,5,7100,2003.25
O03774,P0081,4,132,39.21
O03775,P0043,1,1412,194.43
O03776,P0015,4,1808,217.49
O03777,P0014,5,535,48.38
O03777,P0004,3,252,39.24
O03778,P0010,5,945,248.61
O03779,P0087,4,5020,894.18
O03780,P0085,5,6765,1909.67
O03780,P0019,5,7105,1582.93
O03781,P0055,5,990,295.51
O03781,P0016,5,7185,1303.54
O03782,P0086,3,1905,275.28
O03782,P0035,3,525,101.22
O03783,P0016,3,4311,1261.51
O03783,P0064,2,1628,229.68
O03784,P0085,5,6765,1919.67
O03785,P0030,5,4030,1201.13
O03786,P0036,4,5036,1504.95
O03787,P0043,3,4236,1235.91
O03788,P0068,2,734,171.01
O03788,P0060,3,3465,782.98
O03789,P0038,5,6590,829.91
O03790,P0054,2,458,88.63
O03790,P0005,1,850,88.73
O03791,P0100,5,4585,655.63
O03791,P0050,3,2274,421.31
O03792,P0005,4,3400,809.64
O03793,P0086,3,1905,323.03
O03793,P0064,1,814,240.83
O03793,P0083,4,2776,560.65
O03794,P0032,2,2090,491.47
O03794,P0057,2,2320,628.53
O03795,P0039,4,3768,324.84
O03796,P0039,3,2826,607.37
O03796,P0065,5,5825,504.77
O03797,P0013,2,430,44.06
O03797,P0019,1,1421,154.73
O03798,P0092,4,4796,1054.38
O03799,P0016,2,2874,386.77
O03799,P0066,2,2382,629.18
O03800,P0072,2,724,186.69
O03800,P0055,4,792,75.1
O03800,P0087,4,5020,1103.71
O03801,P0071,3,954,138.92
O03802,P0022,4,1548,187.88
O03802,P0093,1,687,175.84
O03803,P0097,2,2464,536.21
O03804,P0038,5,6590,1539.93
O03805,P0017,5,4965,1322.85
O03805,P0098,5,7080,1974.59
O03806,P0034,1,915,255.61
O03806,P0075,4,708,68.72
O03806,P0054,3,687,107.36
O03807,P0084,3,2115,408.18
O03807,P0068,4,1468,192.25
O03807,P0077,4,5984,908.03
O03808,P0038,1,1318,257.06
O03808,P0071,1,318,37.0
O03809,P0042,5,4520,536.63
O03809,P0054,2,458,44.3
O03809,P0026,2,354,99.57
O03810,P0044,5,975,159.77
O03810,P0026,5,885,78.88
O03810,P0095,3,2301,606.36
O03811,P0049,3,2451,406.44
O03811,P0009,5,7295,1427.73
O03811,P0022,3,1161,137.73
O03812,P0086,2,1270,379.19
O03812,P0019,5,7105,2116.1
O03812,P0016,4,5748,1576.99
O03813,P0019,2,2842,255.16
O03813,P0058,1,231,52.52
O03814,P0051,2,414,107.3
O03814,P0032,5,5225,1056.53
O03814,P0024,4,1776,177.7
O03815,P0013,2,430,54.23
O03815,P0009,2,2918,822.74
O03815,P0039,2,1884,510.27
O03816,P0056,5,4510,793.87
O03816,P0005,3,2550,275.12
O03817,P0049,4,3268,653.37
O03817,P0005,2,1700,295.88
O03818,P0041,3,3456,418.02
O03818,P0055,2,396,77.78
O03818,P0022,4,1548,458.12
O03819,P0079,2,1914,216.09
O03819,P0073,5,2925,873.6
O03819,P0097,4,4928,880.85
O03820,P0079,3,2871,506.1
O03821,P0013,1,215,36.44
O03822,P0072,5,1810,235.41
O03822,P0023,2,1328,183.94
O03822,P0031,3,4293,1111.54
O03823,P0100,3,2751,510.79
O03823,P0014,3,321,88.58
O03823,P0074,2,1266,155.0
O03824,P0064,2,1628,437.82
O03824,P0056,4,3608,685.29
O03824,P0063,1,617,56.95
O03825,P0094,2,1188,183.81
O03825,P0030,3,2418,568.85
O03826,P0036,2,2518,235.17
O03826,P0060,2,2310,579.14
O03827,P0080,2,594,69.76
O03828,P0048,4,5908,1672.03
O03828,P0089,1,383,56.94
O03829,P0082,3,2100,187.29
O03830,P0018,2,230,35.15
O03830,P0085,3,4059,584.0
O03830,P0021,4,5468,1064.43
O03831,P0017,2,1986,587.54
O03831,P0032,4,4180,1155.03
O03831,P0054,4,916,204.11
O03832,P0003,1,1350,138.89
O03832,P0097,4,4928,1447.03
O03833,P0079,1,957,152.29
O03833,P0040,5,2435,420.5
O03833,P0051,3,621,104.29
O03834,P0034,4,3660,480.29
O03834,P0055,4,792,209.97
O03834,P0040,3,1461,239.06
O03835,P0057,3,3480,1016.37
O03836,P0019,5,7105,1617.56
O03836,P0037,3,2064,503.92
O03837,P0037,4,2752,671.89
O03837,P0052,2,1302,157.84
O03838,P0023,5,3320,885.08
O03839,P0070,2,1138,162.0
O03839,P0041,5,5760,879.35
O03839,P0036,5,6295,1147.92
O03840,P0044,4,780,67.38
O03840,P0029,4,5624,1552.54
O03840,P0071,2,636,145.66
O03841,P0008,3,3972,826.93
O03841,P0062,5,4040,925.35
O03842,P0055,2,396,68.42
O03842,P0028,1,1180,221.13
O03843,P0058,5,1155,243.5
O03844,P0053,1,757,74.74
O03845,P0047,1,335,43.41
O03845,P0001,2,2840,587.04
O03845,P0052,1,651,151.45
O03846,P0044,5,975,184.99
O03847,P0030,2,1612,321.99
O03847,P0074,2,1266,200.39
O03848,P0023,5,3320,304.56
O03848,P0037,5,3440,861.77
O03848,P0072,1,362,32.0
O03849,P0075,1,177,51.02
O03849,P0006,3,2376,617.98
O03849,P0010,2,378,68.25
O03850,P0087,3,3765,635.58
O03851,P0029,2,2812,618.35
O03852,P0066,4,4764,554.79
O03852,P0045,4,2096,200.36
O03853,P0057,4,4640,744.62
O03853,P0032,4,4180,941.38
O03854,P0001,4,5680,1325.17
O03854,P0003,5,6750,1531.66
O03855,P0040,3,1461,425.67
O03855,P0078,3,3708,760.27
O03856,P0037,5,3440,555.86
O03856,P0072,3,1086,92.95
O03856,P0078,3,3708,561.12
O03857,P0017,2,1986,459.62
O03857,P0001,4,5680,621.85
O03857,P0028,1,1180,209.43
O03858,P0053,5,3785,606.36
O03858,P0055,3,594,164.81
O03859,P0035,2,350,76.07
O03859,P0097,2,2464,570.98
O03859,P0025,2,630,152.83
O03860,P0083,3,2082,232.25
O03860,P0056,1,902,259.17
O03860,P0038,5,6590,1462.67
O03861,P0036,2,2518,630.67
O03861,P0015,1,452,75.37
O03861,P0021,3,4101,414.95
O03862,P0098,5,7080,1546.37
O03863,P0077,1,1496,218.21
O03864,P0069,4,2280,330.57
O03864,P0089,3,1149,172.73
O03865,P0086,2,1270,112.88
O03866,P0062,2,1616,297.65
O03866,P0021,4,5468,1357.75
O03866,P0065,3,3495,635.78
O03867,P0028,5,5900,1420.39
O03868,P0030,2,1612,235.42
O03868,P0031,1,1431,173.84
O03868,P0022,3,1161,267.38
O03869,P0037,2,1376,329.1
O03870,P0040,2,974,236.02
O03871,P0041,3,3456,283.78
O03871,P0009,2,2918,607.54
O03872,P0054,2,458,65.82
O03872,P0082,1,700,144.68
O03873,P0021,2,2734,698.23
O03874,P0005,5,4250,1182.6
O03875,P0094,2,1188,187.45
O03875,P0036,5,6295,942.59
O03876,P0081,1,33,7.78
O03876,P0076,3,1605,455.04
O03876,P0085,4,5412,1156.61
O03877,P0096,1,1174,129.12
O03877,P0009,2,2918,813.92
O03878,P0028,3,3540,599.89
O03878,P0036,1,1259,254.08
O03879,P0088,1,1001,290.35
O03879,P0084,1,705,88.03
O03879,P0078,3,3708,901.13
O03880,P0049,2,1634,224.9
O03880,P0070,5,2845,672.02
O03880,P0033,4,516,49.07
O03881,P0005,5,4250,1057.27
O03882,P0013,4,860,199.71
O03882,P0054,4,916,159.43
O03882,P0058,4,924,91.64
O03883,P0061,2,2484,357.39
O03883,P0064,2,1628,171.78
O03884,P0077,2,2992,256.42
O03885,P0020,5,5660,560.28
O03886,P0092,2,2398,456.94
O03886,P0060,2,2310,204.84
O03886,P0014,3,321,67.49
O03887,P0069,5,2850,249.55
O03887,P0074,5,3165,619.2
O03888,P0053,1,757,153.17
O03888,P0043,5,7060,1669.75
O03888,P0072,5,1810,296.05
O03889,P0020,3,3396,876.53
O03889,P0003,2,2700,327.82
O03890,P0020,1,1132,258.94
O03890,P0020,5,5660,497.75
O03890,P0086,2,1270,121.19
O03891,P0093,2,1374,206.93
O03892,P0072,2,724,72.91
O03892,P0071,2,636,83.55
O03892,P0023,4,2656,727.27
O03893,P0085,4,5412,1015.25
O03893,P0044,3,585,172.13
O03893,P0084,1,705,197.74
O03894,P0053,1,757,203.49
O03895,P0064,5,4070,1133.17
O03896,P0014,5,535,56.35
O03897,P0074,4,2532,364.41
O03897,P0029,3,4218,1092.0
O03897,P0044,1,195,20.41
O03898,P0011,2,1816,457.59
O03898,P0002,1,185,45.87
O03898,P0058,2,462,64.65
O03899,P0078,5,6180,994.57
O03899,P0064,1,814,236.71
O03900,P0076,3,1605,444.2
O03901,P0056,4,3608,562.44
O03901,P0040,4,1948,350.31
O03902,P0007,2,1988,315.66
O03902,P0004,4,336,38.12
O03902,P0019,1,1421,371.75
O03903,P0011,2,1816,192.29
O03903,P0087,1,1255,331.01
O03903,P0002,4,740,215.44
O03904,P0026,1,177,17.77
O03904,P0008,1,1324,197.81
O03904,P0013,4,860,253.56
O03905,P0087,2,2510,620.3
O03906,P0074,5,3165,517.18
O03906,P0091,2,2886,269.25
O03906,P0093,4,2748,745.59
O03907,P0092,1,1199,187.02
O03908,P0048,3,4431,746.94
O03908,P0039,5,4710,1270.69
O03908,P0035,4,700,117.17
O03909,P0085,2,2706,729.23
O03909,P0080,2,594,176.48
O03909,P0036,2,2518,322.31
O03910,P0061,1,1242,107.36
O03910,P0076,1,535,130.16
O03911,P0021,5,6835,1778.02
O03911,P0091,1,1443,299.57
O03912,P0060,3,3465,777.24
O03913,P0089,4,1532,189.26
O03913,P0051,2,414,52.81
O03913,P0012,2,1396,371.01
O03914,P0046,3,564,155.5
O03914,P0056,4,3608,521.33
O03915,P0046,5,940,218.61
O03915,P0088,5,5005,612.58
O03915,P0005,2,1700,227.03
O03916,P0040,5,2435,587.04
O03916,P0055,5,990,186.55
O03917,P0025,5,1575,420.84
O03918,P0024,5,2220,587.11
O03918,P0006,2,1584,365.74
O03919,P0058,3,693,168.67
O03919,P0051,3,621,92.9
O03919,P0057,1,1160,146.79
O03920,P0043,5,7060,2047.82
O03921,P0062,2,1616,456.12
O03922,P0100,2,1834,460.74
O03922,P0097,2,2464,429.33
O03922,P0002,5,925,188.12
O03923,P0079,5,4785,1130.67
O03924,P0009,4,5836,1594.21
O03925,P0073,2,1170,131.02
O03925,P0067,2,2846,560.71
O03925,P0079,1,957,130.9
O03926,P0100,4,3668,499.49
O03927,P0035,5,875,129.91
O03927,P0030,4,3224,895.27
O03928,P0070,5,2845,497.19
O03928,P0081,4,132,37.97
O03929,P0073,1,585,97.37
O03929,P0087,4,5020,1248.37
O03930,P0026,1,177,29.75
O03931,P0096,4,4696,719.62
O03932,P0018,5,575,101.95
O03933,P0050,1,758,80.96
O03933,P0033,3,387,74.67
O03934,P0083,5,3470,356.57
O03935,P0029,3,4218,572.27
O03935,P0021,1,1367,220.6
O03935,P0082,2,1400,279.57
O03936,P0098,3,4248,1004.63
O03936,P0097,4,4928,1360.91
O03936,P0061,1,1242,212.5
O03937,P0018,1,115,11.78
O03937,P0086,4,2540,715.86
O03938,P0009,4,5836,564.62
O03939,P0078,5,6180,720.62
O03939,P0098,1,1416,357.1
O03939,P0003,3,4050,626.75
O03940,P0061,3,3726,608.82
O03940,P0096,3,3522,986.68
O03940,P0072,2,724,176.03
O03941,P0100,2,1834,299.95
O03941,P0009,3,4377,1240.78
O03941,P0057,2,2320,440.71
O03942,P0097,3,3696,951.83
O03943,P0006,3,2376,648.65
O03944,P0039,3,2826,618.93
O03944,P0076,3,1605,227.55
O03944,P0081,3,99,26.38
O03945,P0017,4,3972,1006.28
O03945,P0091,1,1443,118.25
O03946,P0092,1,1199,120.38
O03947,P0046,2,376,42.67
O03947,P0016,2,2874,834.67
O03948,P0069,4,2280,583.61
O03948,P0056,4,3608,1008.66
O03948,P0065,2,2330,540.33
O03949,P0069,4,2280,555.46
O03949,P0098,2,2832,469.91
O03949,P0027,5,1760,230.54
O03950,P0026,1,177,50.85
O03950,P0011,3,2724,719.96
O03951,P0065,4,4660,394.82
O03951,P0019,5,7105,871.14
O03951,P0031,1,1431,360.32
O03952,P0062,5,4040,398.78
O03952,P0081,3,99,8.64
O03952,P0087,1,1255,119.63
O03953,P0035,3,525,140.88
O03953,P0063,1,617,82.01
O03954,P0097,3,3696,752.63
O03954,P0067,2,2846,773.41
O03954,P0013,4,860,222.61
O03955,P0089,1,383,88.87
O03956,P0081,4,132,37.51
O03957,P0006,5,3960,608.99
O03957,P0074,1,633,93.1
O03958,P0057,5,5800,1682.14
O03959,P0094,3,1782,382.9
O03959,P0048,4,5908,1028.61
O03960,P0060,3,3465,382.54
O03960,P0038,1,1318,389.88
O03961,P0024,4,1776,471.29
O03961,P0091,3,4329,1150.83
O03961,P0035,2,350,64.55
O03962,P0093,5,3435,280.66
O03963,P0033,1,129,22.1
O03964,P0099,1,965,214.85
O03964,P0015,4,1808,226.06
O03964,P0025,3,945,171.43
O03965,P0082,3,2100,490.07
O03965,P0080,3,891,185.97
O03965,P0047,2,670,99.74
O03966,P0039,4,3768,891.33
O03967,P0037,2,1376,359.31
O03967,P0081,4,132,18.65
O03967,P0051,5,1035,220.8
O03968,P0010,1,189,43.68
O03968,P0066,1,1191,109.17
O03968,P0087,4,5020,415.69
O03969,P0045,1,524,56.38
O03969,P0076,5,2675,381.06
O03969,P0007,3,2982,532.78
O03970,P0051,2,414,36.85
O03971,P0035,5,875,128.08
O03971,P0058,3,693,69.14
O03972,P0062,2,1616,351.66
O03972,P0099,2,1930,287.46
O03973,P0075,2,354,89.63
O03973,P0053,5,3785,471.0
O03974,P0068,4,1468,172.01
O03975,P0073,4,2340,554.22
O03975,P0041,4,4608,1036.13
O03975,P0068,5,1835,547.89
O03976,P0100,2,1834,166.2
O03977,P0076,4,2140,587.98
O03978,P0089,3,1149,252.99
O03978,P0026,4,708,71.57
O03979,P0033,3,387,75.03
O03980,P0075,1,177,46.71
O03981,P0023,1,664,151.74
O03981,P0026,5,885,224.69
O03982,P0053,1,757,215.84
O03982,P0077,1,1496,280.17
O03983,P0077,1,1496,157.86
O03983,P0098,4,5664,601.73
O03983,P0005,3,2550,727.43
O03984,P0061,3,3726,611.07
O03984,P0073,1,585,171.36
O03985,P0064,5,4070,541.5
O03985,P0043,5,7060,1275.35
O03985,P0065,3,3495,412.21
O03986,P0073,4,2340,296.79
O03986,P0060,5,5775,1627.36
O03987,P0027,3,1056,309.85
O03987,P0089,2,766,101.92
O03987,P0009,4,5836,1712.91
O03988,P0100,4,3668,663.42
O03988,P0048,1,1477,270.48
O03988,P0036,5,6295,1732.5
O03989,P0027,2,704,109.08
O03989,P0098,2,2832,434.86
O03989,P0011,1,908,103.97
O03990,P0052,5,3255,853.55
O03990,P0023,5,3320,973.29
O03990,P0060,2,2310,391.22
O03991,P0058,5,1155,107.75
O03991,P0099,4,3860,874.23
O03991,P0083,4,2776,666.69
O03992,P0020,5,5660,988.71
O03993,P0009,2,2918,586.08
O03993,P0026,2,354,92.88
O03993,P0080,3,891,161.33
O03994,P0092,3,3597,606.28
O03994,P0026,5,885,96.81
O03995,P0076,1,535,140.39
O03996,P0094,4,2376,195.11
O03997,P0038,5,6590,1749.06
O03997,P0017,1,993,177.1
O03997,P0098,2,2832,530.24
O03998,P0051,5,1035,226.6
O03999,P0098,4,5664,1598.33
O03999,P0006,4,3168,777.18
O03999,P0079,5,4785,619.44
O04000,P0001,4,5680,1454.77
O04001,P0017,1,993,204.1
O04001,P0085,5,6765,890.32
O04001,P0028,5,5900,824.17
O04002,P0097,4,4928,927.33
O04003,P0047,5,1675,296.24
O04003,P0004,4,336,95.91
O04004,P0087,5,6275,1067.79
O04005,P0081,4,132,33.75
O04006,P0049,3,2451,633.97
O04006,P0048,4,5908,884.22
O04006,P0026,2,354,61.58
O04007,P0075,3,531,121.57
O04007,P0090,1,673,168.35
O04008,P0066,2,2382,453.7
O04008,P0068,4,1468,439.73
O04008,P0041,3,3456,655.43
O04009,P0096,3,3522,284.47
O04009,P0040,1,487,59.73
O04009,P0053,3,2271,563.75
O04010,P0003,1,1350,163.21
O04011,P0035,4,700,150.16
O04012,P0054,1,229,29.24
O04013,P0028,4,4720,1066.37
O04013,P0010,3,567,88.43
O04013,P0051,3,621,179.8
O04014,P0077,2,2992,246.01
O04015,P0060,1,1155,346.27
O04015,P0030,4,3224,792.35
O04015,P0100,3,2751,689.46
O04016,P0039,4,3768,489.7
O04017,P0100,4,3668,708.98
O04018,P0004,2,168,23.48
O04019,P0011,4,3632,584.68
O04019,P0009,2,2918,453.37
O04020,P0093,2,1374,255.68
O04020,P0081,5,165,34.75
O04020,P0097,1,1232,115.32
O04021,P0005,2,1700,285.39
O04021,P0050,4,3032,643.1
O04022,P0100,2,1834,201.59
O04023,P0097,2,2464,314.81
O04023,P0092,3,3597,390.25
O04024,P0083,3,2082,485.88
O04024,P0005,2,1700,425.23
O04024,P0006,5,3960,517.94
O04025,P0006,2,1584,300.02
O04026,P0100,2,1834,282.7
O04027,P0083,2,1388,142.19
O04027,P0093,2,1374,354.74
O04027,P0084,4,2820,737.15
O04028,P0035,1,175,14.27
O04028,P0084,5,3525,524.11
O04028,P0021,2,2734,369.68
O04029,P0090,2,1346,327.72
O04030,P0035,3,525,64.81
O04031,P0031,2,2862,658.88
O04032,P0040,5,2435,670.09
O04032,P0009,5,7295,921.5
O04032,P0016,3,4311,693.08
O04033,P0077,1,1496,161.77
O04033,P0033,4,516,142.41
O04033,P0053,1,757,105.42
O04034,P0007,4,3976,406.45
O04035,P0093,3,2061,506.19
O04035,P0013,1,215,39.79
O04035,P0011,4,3632,747.1
O04036,P0098,5,7080,592.2
O04036,P0038,4,5272,764.83
O04037,P0060,3,3465,511.35
O04037,P0004,2,168,16.98
O04037,P0012,4,2792,632.25
O04038,P0046,2,376,68.43
O04038,P0048,2,2954,519.07
O04038,P0062,1,808,122.09
O04039,P0061,2,2484,542.59
O04039,P0093,4,2748,339.68
O04039,P0014,5,535,93.26
O04040,P0036,3,3777,814.63
O04040,P0003,3,4050,970.71
O04040,P0055,2,396,77.52
O04041,P0054,2,458,100.69
O04041,P0077,5,7480,660.96
O04041,P0055,5,990,178.69
O04042,P0090,4,2692,756.49
O04042,P0030,5,4030,1087.1
O04042,P0002,2,370,36.14
O04043,P0058,1,231,30.58
O04043,P0081,1,33,6.95
O04044,P0093,5,3435,897.7
O04044,P0030,4,3224,941.63
O04045,P0014,1,107,24.59
O04045,P0033,1,129,13.95
O04046,P0095,4,3068,539.66
O04047,P0088,5,5005,846.11
O04047,P0084,1,705,118.95
O04047,P0085,4,5412,698.66
O04048,P0062,4,3232,555.46
O04048,P0057,1,1160,315.04
O04049,P0024,5,2220,509.0
O04049,P0052,4,2604,349.6
O04049,P0039,5,4710,981.5
O04050,P0004,5,420,41.83
O04050,P0082,1,700,91.59
O04050,P0023,3,1992,240.52
O04051,P0003,4,5400,884.79
O04052,P0052,1,651,98.66
O04053,P0057,4,4640,618.25
O04053,P0011,4,3632,526.24
O04053,P0025,5,1575,360.46
O04054,P0053,2,1514,319.83
O04054,P0053,3,2271,488.99
O04055,P0003,3,4050,330.44
O04055,P0025,5,1575,321.04
O04055,P0001,3,4260,1079.2
O04056,P0089,4,1532,244.67
O04056,P0036,3,3777,467.01
O04057,P0034,1,915,176.58
O04057,P0048,2,2954,256.67
O04058,P0027,1,352,29.38
O04059,P0039,4,3768,1080.67
O04060,P0036,4,5036,648.23
O04060,P0060,2,2310,363.14
O04061,P0001,4,5680,710.43
O04061,P0081,2,66,7.75
O04062,P0031,2,2862,408.46
O04062,P0061,5,6210,1114.35
O04062,P0081,5,165,20.96
O04063,P0009,4,5836,1323.94
O04064,P0071,1,318,66.04
O04065,P0021,5,6835,562.4
O04066,P0018,5,575,100.5
O04066,P0032,1,1045,255.52
O04066,P0092,2,2398,706.82
O04067,P0017,2,1986,339.48
O04067,P0012,3,2094,593.18
O04067,P0088,4,4004,1001.72
O04068,P0040,5,2435,531.19
O04068,P0077,2,2992,676.74
O04068,P0088,5,5005,793.94
O04069,P0057,3,3480,348.35
O04069,P0049,4,3268,832.98
O04070,P0042,1,904,191.54
O04070,P0027,4,1408,142.6
O04070,P0013,4,860,124.17
O04071,P0097,3,3696,814.86
O04071,P0044,5,975,101.05
O04071,P0072,3,1086,170.52
O04072,P0035,2,350,83.11
O04072,P0059,4,812,142.73
O04073,P0094,3,1782,242.51
O04073,P0079,4,3828,973.88
O04073,P0055,2,396,78.69
O04074,P0027,1,352,85.79
O04074,P0030,3,2418,263.0
O04074,P0023,5,3320,287.51
O04075,P0026,4,708,124.67
O04075,P0035,1,175,35.3
O04076,P0034,5,4575,1170.04
O04076,P0005,3,2550,619.22
O04077,P0036,1,1259,265.08
O04077,P0083,5,3470,661.18
O04078,P0017,3,2979,399.22
O04078,P0072,3,1086,171.64
O04079,P0036,4,5036,965.83
O04079,P0089,5,1915,243.49
O04079,P0006,1,792,132.2
O04080,P0085,3,4059,376.3
O04080,P0049,2,1634,146.92
O04080,P0093,5,3435,762.17
O04081,P0026,4,708,100.32
O04081,P0060,5,5775,1671.9
O04081,P0007,2,1988,275.04
O04082,P0080,3,891,223.1
O04083,P0035,3,525,71.01
O04084,P0098,5,7080,1080.37
O04084,P0058,1,231,27.97
O04085,P0048,3,4431,733.56
O04086,P0013,5,1075,192.87
O04087,P0089,5,1915,383.19
O04088,P0058,3,693,187.74
O04089,P0005,5,4250,611.84
O04089,P0047,4,1340,107.4
O04090,P0060,5,5775,1481.43
O04090,P0089,2,766,141.65
O04091,P0099,4,3860,543.35
O04091,P0026,4,708,171.07
O04092,P0012,1,698,156.74
O04092,P0033,1,129,22.41
O04092,P0052,2,1302,154.98
O04093,P0087,1,1255,372.36
O04093,P0044,2,390,93.58
O04094,P0049,4,3268,763.82
O04094,P0067,3,4269,859.24
O04094,P0022,4,1548,365.69
O04095,P0063,1,617,136.03
O04095,P0015,1,452,40.38
O04095,P0007,3,2982,319.01
O04096,P0054,5,1145,147.42
O04096,P0059,2,406,65.78
O04096,P0009,5,7295,1251.21
O04097,P0036,4,5036,404.29
O04097,P0008,2,2648,512.22
O04097,P0048,3,4431,1084.82
O04098,P0014,2,214,44.71
O04099,P0038,2,2636,668.91
O04099,P0092,1,1199,123.86
O04100,P0075,1,177,21.34
O04101,P0032,3,3135,841.29
O04101,P0010,1,189,55.17
O04102,P0073,3,1755,356.21
O04103,P0017,1,993,210.02
O04103,P0092,5,5995,1229.0
O04104,P0068,1,367,44.68
O04104,P0084,4,2820,613.64
O04104,P0032,3,3135,275.75
O04105,P0055,3,594,63.31
O04105,P0066,1,1191,271.32
O04106,P0034,5,4575,590.06
O04106,P0011,5,4540,774.49
O04106,P0055,4,792,77.56
O04107,P0031,4,5724,554.64
O04107,P0048,1,1477,292.41
O04108,P0037,3,2064,442.25
O04108,P0092,2,2398,507.03
O04108,P0024,2,888,209.19
O04109,P0062,3,2424,203.13
O04109,P0057,1,1160,245.96
O04109,P0063,1,617,70.22
O04110,P0054,2,458,57.55
O04110,P0093,2,1374,132.36
O04110,P0076,2,1070,151.38
O04111,P0093,2,1374,400.63
O04111,P0038,1,1318,268.55
O04112,P0011,1,908,205.63
O04112,P0040,2,974,180.35
O04113,P0068,1,367,104.9
O04113,P0086,4,2540,480.38
O04113,P0022,5,1935,391.35
O04114,P0031,2,2862,680.0
O04114,P0044,3,585,116.41
O04115,P0001,4,5680,587.13
O04115,P0012,2,1396,389.66
O04116,P0087,2,2510,598.83
O04116,P0070,2,1138,320.58
O04116,P0036,4,5036,1058.67
O04117,P0015,1,452,78.85
O04117,P0027,4,1408,321.35
O04118,P0074,1,633,67.06
O04119,P0034,1,915,240.57
O04119,P0043,1,1412,281.34
O04120,P0073,2,1170,315.86
O04121,P0087,2,2510,683.87
O04121,P0022,5,1935,513.99
O04121,P0054,2,458,56.36
O04122,P0049,3,2451,388.68
O04123,P0062,5,4040,1006.67
O04123,P0050,5,3790,904.07
O04123,P0033,2,258,24.02
O04124,P0021,2,2734,287.9
O04125,P0010,3,567,120.21
O04125,P0015,5,2260,508.01
O04126,P0093,5,3435,1027.81
O04126,P0079,1,957,254.64
O04126,P0069,5,2850,669.34
O04127,P0028,1,1180,242.56
O04127,P0055,4,792,213.24
O04127,P0089,1,383,112.11
O04128,P0014,1,107,16.65
O04128,P0064,1,814,76.78
O04129,P0031,2,2862,728.02
O04130,P0031,5,7155,765.15
O04131,P0099,1,965,277.06
O04131,P0030,5,4030,1003.91
O04132,P0025,3,945,230.93
O04132,P0052,4,2604,689.44
O04133,P0077,1,1496,347.36
O04133,P0010,4,756,211.34
O04133,P0033,3,387,34.21
O04134,P0020,2,2264,317.18
O04134,P0099,5,4825,731.71
O04134,P0092,3,3597,735.69
O04135,P0085,1,1353,352.39
O04135,P0086,1,635,133.31
O04136,P0066,3,3573,937.2
O04136,P0091,5,7215,632.33
O04136,P0009,2,2918,677.88
O04137,P0092,3,3597,557.2
O04137,P0098,4,5664,1193.44
O04138,P0060,5,5775,1272.17
O04139,P0063,5,3085,690.58
O04139,P0019,4,5684,777.21
O04140,P0055,3,594,57.74
O04140,P0030,2,1612,364.85
O04140,P0071,1,318,45.75
O04141,P0012,4,2792,794.55
O04141,P0079,4,3828,1070.67
O04142,P0074,3,1899,506.19
O04143,P0058,5,1155,165.49
O04143,P0077,4,5984,1469.7
O04143,P0049,5,4085,403.71
O04144,P0024,3,1332,163.78
O04144,P0047,1,335,55.6
O04144,P0072,3,1086,205.23
O04145,P0039,4,3768,403.79
O04145,P0049,3,2451,558.6
O04145,P0011,4,3632,1001.82
O04146,P0066,5,5955,1664.18
O04146,P0088,2,2002,585.66
O04147,P0012,4,2792,302.89
O04147,P0068,4,1468,426.61
O04147,P0064,1,814,86.78
O04148,P0054,4,916,100.91
O04148,P0048,5,7385,1239.08
O04149,P0068,2,734,108.53
O04150,P0003,2,2700,376.42
O04150,P0003,4,5400,1472.84
O04150,P0003,5,6750,1902.47
O04151,P0035,4,700,130.4
O04151,P0057,1,1160,124.68
O04151,P0075,3,531,86.69
O04152,P0051,4,828,215.89
O04152,P0100,3,2751,247.2
O04153,P0010,3,567,147.88
O04154,P0028,2,2360,295.9
O04154,P0007,2,1988,300.0
O04155,P0032,2,2090,609.08
O04155,P0027,3,1056,119.65
O04156,P0098,4,5664,1488.79
O04156,P0042,1,904,175.94
O04156,P0064,5,4070,1075.66
O04157,P0020,5,5660,939.02
O04157,P0089,1,383,68.78
O04158,P0065,3,3495,1014.51
O04159,P0021,3,4101,1025.24
O04160,P0091,3,4329,1211.26
O04161,P0062,3,2424,300.16
O04162,P0074,2,1266,301.53
O04163,P0015,3,1356,219.3
O04163,P0024,4,1776,148.59
O04163,P0076,5,2675,779.36
O04164,P0022,2,774,110.99
O04164,P0080,2,594,79.17
O04164,P0069,2,1140,273.18
O04165,P0079,1,957,77.96
O04165,P0039,1,942,258.39
O04165,P0060,5,5775,806.14
O04166,P0009,2,2918,699.21
O04166,P0100,3,2751,770.09
O04167,P0096,1,1174,166.51
O04167,P0056,1,902,232.39
O04167,P0025,5,1575,446.94
O04168,P0018,5,575,74.14
O04168,P0011,2,1816,417.32
O04169,P0010,4,756,206.17
O04169,P0087,4,5020,1055.12
O04169,P0080,5,1485,168.17
O04170,P0024,1,444,109.4
O04170,P0011,1,908,258.01
O04171,P0072,5,1810,203.44
O04171,P0069,1,570,72.81
O04172,P0040,5,2435,658.45
O04172,P0096,5,5870,573.96
O04172,P0053,1,757,169.33
O04173,P0069,5,2850,468.06
O04174,P0041,2,2304,677.73
O04174,P0062,3,2424,723.67
O04175,P0070,5,2845,700.04
O04175,P0013,4,860,222.2
O04175,P0016,3,4311,687.85
O04176,P0044,4,780,229.26
O04176,P0067,3,4269,1155.64
O04177,P0099,2,1930,480.17
O04177,P0005,3,2550,485.77
O04178,P0054,2,458,56.33
O04178,P0065,4,4660,1217.53
O04178,P0098,2,2832,422.55
O04179,P0073,2,1170,126.61
O04179,P0092,3,3597,448.08
O04180,P0010,1,189,52.5
O04181,P0084,5,3525,869.23
O04181,P0086,5,3175,271.63
O04181,P0011,1,908,269.38
O04182,P0087,3,3765,603.96
O04182,P0014,5,535,129.45
O04183,P0044,5,975,284.39
O04184,P0100,1,917,272.48
O04185,P0075,4,708,130.29
O04185,P0068,4,1468,412.97
O04186,P0008,1,1324,260.96
O04186,P0087,5,6275,1255.73
O04186,P0079,4,3828,558.24
O04187,P0060,5,5775,1029.59
O04187,P0029,2,2812,259.37
O04187,P0046,4,752,112.01
O04188,P0075,2,354,84.14
O04189,P0075,5,885,140.87
O04189,P0047,2,670,68.74
O04190,P0044,2,390,65.19
O04190,P0098,1,1416,317.84
O04190,P0037,1,688,127.81
O04191,P0056,1,902,123.14
O04191,P0063,3,1851,237.61
O04192,P0067,1,1423,118.61
O04192,P0017,4,3972,389.08
O04192,P0099,3,2895,458.0
O04193,P0093,5,3435,563.44
O04193,P0072,3,1086,171.11
O04193,P0100,4,3668,545.12
O04194,P0046,2,376,35.8
O04195,P0003,4,5400,546.86
O04195,P0051,1,207,47.69
O04195,P0064,3,2442,317.2
O04196,P0035,3,525,132.72
O04197,P0015,2,904,196.07
O04197,P0064,5,4070,744.11
O04198,P0080,1,297,72.77
O04199,P0051,2,414,105.24
O04199,P0086,3,1905,247.24
O04199,P0067,3,4269,904.8
O04200,P0041,3,3456,838.28
O04200,P0040,5,2435,570.33
O04201,P0005,4,3400,740.92
O04201,P0018,5,575,112.22
O04201,P0056,1,902,238.43
O04202,P0017,5,4965,837.91
O04202,P0034,2,1830,192.94
O04203,P0021,5,6835,777.54
O04203,P0011,5,4540,618.02
O04203,P0071,4,1272,224.08
O04204,P0022,5,1935,209.1
O04205,P0045,5,2620,709.62
O04205,P0034,2,1830,232.71
O04206,P0011,2,1816,219.68
O04207,P0037,3,2064,285.01
O04207,P0040,1,487,138.53
O04207,P0047,4,1340,111.26
O04208,P0018,2,230,53.1
O04208,P0069,3,1710,412.12
O04209,P0048,5,7385,945.54
O04209,P0034,4,3660,740.15
O04209,P0008,3,3972,719.58
O04210,P0057,4,4640,632.36
O04210,P0066,4,4764,399.98
O04210,P0050,4,3032,499.37
O04211,P0085,4,5412,447.87
O04211,P0073,4,2340,381.6
O04212,P0044,2,390,45.1
O04212,P0035,5,875,234.11
O04212,P0047,1,335,90.58
O04213,P0045,5,2620,282.84
O04214,P0003,2,2700,726.08
O04214,P0073,5,2925,501.27
O04214,P0078,5,6180,718.78
O04215,P0009,3,4377,1084.46
O04215,P0034,2,1830,318.17
O04215,P0033,2,258,54.62
O04216,P0017,1,993,277.43
O04217,P0050,3,2274,504.02
O04217,P0002,4,740,151.98
O04217,P0088,1,1001,278.31
O04218,P0049,4,3268,284.78
O04218,P0079,3,2871,572.7
O04219,P0073,1,585,70.19
O04220,P0016,3,4311,539.86
O04220,P0031,3,4293,835.55
O04221,P0087,3,3765,780.19
O04221,P0098,5,7080,709.03
O04221,P0077,5,7480,1680.91
O04222,P0071,3,954,96.9
O04222,P0049,3,2451,293.85
O04223,P0018,4,460,112.64
O04224,P0095,5,3835,882.38
O04224,P0047,4,1340,330.41
O04225,P0052,3,1953,396.47
O04226,P0100,2,1834,465.18
O04226,P0009,3,4377,952.88
O04226,P0049,5,4085,412.04
O04227,P0067,4,5692,1365.25
O04227,P0079,5,4785,750.84
O04227,P0019,3,4263,1033.29
O04228,P0037,3,2064,425.18
O04228,P0053,3,2271,265.08
O04228,P0049,5,4085,548.55
O04229,P0087,2,2510,709.59
O04229,P0010,2,378,93.7
O04229,P0061,4,4968,608.84
O04230,P0064,4,3256,501.49
O04230,P0055,4,792,94.25
O04230,P0006,4,3168,574.89
O04231,P0048,4,5908,1091.64
O04231,P0057,3,3480,713.23
O04231,P0010,3,567,143.69
O04232,P0080,1,297,37.39
O04232,P0014,3,321,31.99
O04233,P0053,5,3785,363.57
O04233,P0037,3,2064,265.04
O04234,P0044,1,195,56.78
O04234,P0063,5,3085,789.38
O04234,P0021,2,2734,478.77
O04235,P0043,2,2824,345.2
O04235,P0049,5,4085,872.25
O04236,P0091,4,5772,1540.52
O04236,P0002,1,185,29.59
O04236,P0039,1,942,82.23
O04237,P0028,1,1180,152.54
O04238,P0087,3,3765,556.27
O04239,P0065,3,3495,497.24
O04240,P0067,2,2846,486.08
O04240,P0056,3,2706,513.78
O04240,P0083,2,1388,342.55
O04241,P0062,5,4040,859.78
O04241,P0046,1,188,15.14
O04242,P0050,5,3790,1095.94
O04242,P0006,1,792,202.79
O04242,P0060,4,4620,1159.69
O04243,P0045,4,2096,492.32
O04243,P0047,1,335,49.78
O04244,P0006,5,3960,813.98
O04244,P0038,1,1318,204.79
O04244,P0028,4,4720,610.38
O04245,P0059,1,203,33.27
O04245,P0092,5,5995,1717.53
O04245,P0081,4,132,23.97
O04246,P0082,4,2800,502.49
O04247,P0079,5,4785,1093.99
O04248,P0003,1,1350,345.89
O04249,P0068,4,1468,175.96
O04250,P0097,2,2464,562.82
O04250,P0021,1,1367,218.78
O04251,P0091,5,7215,1475.46
O04251,P0008,2,2648,733.7
O04252,P0040,5,2435,722.02
O04252,P0100,1,917,207.43
O04253,P0047,3,1005,160.42
O04253,P0002,4,740,159.82
O04253,P0021,2,2734,680.79
O04254,P0069,4,2280,185.97
O04254,P0094,1,594,136.55
O04255,P0040,5,2435,246.16
O04255,P0027,4,1408,322.02
O04256,P0082,2,1400,336.89
O04257,P0010,1,189,49.1
O04257,P0054,5,1145,198.41
O04258,P0001,4,5680,1089.68
O04258,P0058,5,1155,312.83
O04259,P0028,5,5900,1017.29
O04259,P0096,1,1174,102.94
O04259,P0076,5,2675,415.87
O04260,P0039,4,3768,467.62
O04260,P0048,3,4431,842.82
O04260,P0062,4,3232,871.47
O04261,P0023,3,1992,522.78
O04261,P0050,2,1516,452.42
O04261,P0089,4,1532,214.84
O04262,P0079,1,957,111.98
O04262,P0091,2,2886,326.36
O04263,P0041,4,4608,1035.54
O04263,P0012,3,2094,441.41
O04264,P0036,3,3777,732.79
O04264,P0026,4,708,116.61
O04265,P0025,5,1575,345.34
O04265,P0008,4,5296,1291.21
O04266,P0011,3,2724,722.49
O04266,P0032,2,2090,293.68
O04267,P0035,3,525,141.74
O04267,P0007,1,994,236.29
O04268,P0064,3,2442,207.99
O04269,P0096,2,2348,416.51
O04269,P0009,2,2918,618.95
O04270,P0043,5,7060,1690.83
O04271,P0033,5,645,138.32
O04271,P0096,3,3522,962.45
O04271,P0039,5,4710,644.86
O04272,P0020,2,2264,400.74
O04273,P0076,3,1605,324.01
O04273,P0049,1,817,204.27
O04274,P0035,5,875,71.4
O04274,P0037,2,1376,271.16
O04275,P0067,5,7115,1151.29
O04276,P0046,5,940,114.18
O04276,P0041,5,5760,613.96
O04277,P0099,5,4825,789.13
O04277,P0097,5,6160,550.94
O04278,P0075,1,177,32.65
O04278,P0039,4,3768,474.72
O04279,P0010,1,189,29.75
O04279,P0096,4,4696,601.34
O04280,P0062,3,2424,641.04
O04280,P0036,3,3777,388.05
O04280,P0023,2,1328,225.33
O04281,P0012,2,1396,378.67
O04281,P0069,4,2280,499.23
O04281,P0057,4,4640,581.46
O04282,P0029,4,5624,1028.08
O04282,P0013,4,860,119.22
O04283,P0088,4,4004,977.08
O04283,P0032,2,2090,267.63
O04284,P0072,4,1448,178.46
O04285,P0016,5,7185,1324.9
O04285,P0019,1,1421,218.62
O04285,P0079,2,1914,482.64
O04286,P0045,5,2620,373.11
O04286,P0040,1,487,44.68
O04286,P0013,1,215,18.2
O04287,P0041,4,4608,810.85
O04287,P0072,4,1448,372.02
O04287,P0043,1,1412,324.84
O04288,P0082,3,2100,221.12
O04288,P0037,3,2064,608.64
O04288,P0095,3,2301,483.71
O04289,P0051,4,828,169.3
O04289,P0088,4,4004,498.42
O04290,P0069,2,1140,307.65
O04291,P0056,4,3608,357.85
O04292,P0060,2,2310,636.82
O04292,P0001,4,5680,1531.82
O04293,P0090,3,2019,475.03
O04293,P0008,4,5296,1038.99
O04294,P0017,3,2979,253.35
O04295,P0081,2,66,11.23
O04295,P0093,2,1374,339.81
O04296,P0078,4,4944,1331.71
O04297,P0021,3,4101,718.48
O04297,P0081,4,132,12.32
O04298,P0002,5,925,212.42
O04299,P0088,2,2002,424.3
O04300,P0004,4,336,95.07
O04301,P0086,5,3175,330.69
O04302,P0087,4,5020,911.52
O04303,P0052,5,3255,722.0
O04303,P0014,5,535,156.43
O04304,P0061,1,1242,290.6
O04304,P0060,2,2310,646.87
O04304,P0005,2,1700,322.34
O04305,P0092,4,4796,393.16
O04305,P0068,5,1835,461.08
O04305,P0051,1,207,38.84
O04306,P0026,1,177,38.61
O04307,P0081,3,99,10.51
O04307,P0090,1,673,175.05
O04308,P0083,1,694,131.24
O04308,P0023,4,2656,520.83
O04309,P0070,3,1707,302.31
O04309,P0062,3,2424,467.11
O04309,P0018,2,230,59.16
O04310,P0013,3,645,125.04
O04311,P0026,4,708,89.83
O04311,P0065,3,3495,787.02
O04312,P0059,1,203,55.0
O04312,P0055,3,594,128.57
O04312,P0047,4,1340,161.65
O04313,P0017,5,4965,408.0
O04314,P0078,4,4944,998.18
O04315,P0034,2,1830,465.2
O04315,P0055,4,792,203.38
O04315,P0051,3,621,83.25
O04316,P0012,4,2792,525.84
O04317,P0045,3,1572,383.8
O04317,P0060,5,5775,1514.77
O04317,P0008,3,3972,1186.22
O04318,P0032,5,5225,1063.98
O04319,P0029,3,4218,1262.17
O04319,P0070,5,2845,362.55
O04319,P0038,2,2636,788.39
O04320,P0008,1,1324,240.25
O04320,P0017,3,2979,523.88
O04320,P0095,3,2301,262.3
O04321,P0072,5,1810,455.89
O04321,P0033,1,129,31.41
O04321,P0046,2,376,47.18
O04322,P0021,1,1367,379.71
O04322,P0090,5,3365,970.69
O04322,P0052,5,3255,548.42
O04323,P0066,2,2382,201.74
O04324,P0077,2,2992,838.53
O04324,P0078,3,3708,989.78
O04324,P0036,4,5036,793.56
O04325,P0044,2,390,33.72
O04326,P0059,5,1015,107.4
O04326,P0032,3,3135,440.59
O04326,P0045,1,524,134.64
O04327,P0033,4,516,64.95
O04327,P0019,2,2842,243.46
O04327,P0012,2,1396,377.76
O04328,P0023,5,3320,526.56
O04328,P0058,1,231,46.86
O04328,P0054,3,687,55.62
O04329,P0041,2,2304,285.94
O04329,P0062,5,4040,447.66
O04330,P0081,4,132,37.66
O04331,P0006,1,792,115.8
O04332,P0068,1,367,75.11
O04333,P0094,3,1782,259.12
O04334,P0001,4,5680,726.21
O04334,P0048,5,7385,1173.93
O04335,P0035,5,875,156.06
O04335,P0086,2,1270,265.58
O04336,P0088,2,2002,279.47
O04336,P0022,3,1161,255.86
O04336,P0055,3,594,78.45
O04337,P0096,3,3522,946.59
O04338,P0005,2,1700,317.77
O04338,P0072,2,724,179.72
O04338,P0008,2,2648,466.18
O04339,P0002,2,370,77.37
O04339,P0071,1,318,60.73
O04340,P0012,3,2094,335.73
O04341,P0002,4,740,185.21
O04341,P0099,5,4825,1088.06
O04342,P0090,3,2019,563.62
O04343,P0067,1,1423,190.13
O04343,P0004,5,420,45.05
O04343,P0077,4,5984,1437.03
O04344,P0056,3,2706,719.51
O04344,P0015,3,1356,329.76
O04344,P0006,4,3168,523.64
O04345,P0048,3,4431,369.0
O04345,P0010,3,567,109.29
O04345,P0055,3,594,123.99
O04346,P0090,3,2019,488.92
O04347,P0097,5,6160,677.42
O04347,P0067,3,4269,612.1
O04347,P0062,3,2424,215.82
O04348,P0033,1,129,22.91
O04348,P0044,4,780,164.62
O04349,P0063,3,1851,467.28
O04349,P0062,5,4040,943.38
O04350,P0042,3,2712,730.63
O04351,P0047,5,1675,162.67
O04351,P0090,1,673,129.02
O04351,P0086,2,1270,287.13
O04352,P0050,4,3032,760.16
O04352,P0008,3,3972,708.39
O04353,P0100,4,3668,1046.96
O04353,P0031,3,4293,694.88
O04354,P0047,3,1005,143.16
O04355,P0073,1,585,63.04
O04355,P0099,5,4825,860.89
O04355,P0097,3,3696,894.67
O04356,P0089,4,1532,323.48
O04357,P0098,1,1416,118.58
O04357,P0012,1,698,164.97
O04357,P0052,3,1953,539.8
O04358,P0090,3,2019,404.67
O04358,P0057,3,3480,714.17
O04358,P0074,4,2532,459.83
O04359,P0098,1,1416,249.22
O04359,P0067,2,2846,351.32
O04360,P0017,3,2979,754.82
O04360,P0065,4,4660,493.17
O04360,P0030,3,2418,387.08
O04361,P0002,3,555,154.49
O04362,P0034,4,3660,639.78
O04363,P0095,5,3835,926.28
O04363,P0091,1,1443,234.68
O04364,P0053,2,1514,424.64
O04365,P0064,4,3256,366.16
O04366,P0032,4,4180,665.87
O04366,P0081,1,33,9.48
O04367,P0092,1,1199,278.83
O04367,P0076,2,1070,150.64
O04368,P0076,1,535,49.38
O04368,P0053,3,2271,661.51
O04369,P0030,5,4030,535.77
O04369,P0013,3,645,101.72
O04370,P0077,3,4488,1235.55
O04370,P0061,3,3726,1055.2
O04370,P0020,2,2264,658.39
O04371,P0037,5,3440,998.94
O04371,P0044,2,390,48.66
O04372,P0075,4,708,165.57
O04372,P0040,4,1948,333.59
O04372,P0007,1,994,202.09
O04373,P0075,3,531,131.1
O04373,P0085,3,4059,1207.44
O04373,P0057,5,5800,580.96
O04374,P0004,4,336,83.0
O04374,P0073,1,585,84.6
O04374,P0018,1,115,21.18
O04375,P0099,3,2895,665.01
O04375,P0001,5,7100,1069.5
O04376,P0015,1,452,98.38
O04377,P0033,4,516,107.47
O04377,P0063,2,1234,204.86
O04377,P0025,4,1260,346.72
O04378,P0082,2,1400,380.06
O04378,P0097,4,4928,433.32
O04378,P0083,5,3470,1007.15
O04379,P0033,5,645,129.12
O04379,P0094,1,594,175.52
O04379,P0066,1,1191,191.85
O04380,P0042,2,1808,382.19
O04380,P0046,1,188,19.51
O04380,P0079,2,1914,226.06
O04381,P0057,4,4640,662.16
O04382,P0080,5,1485,350.16
O04383,P0007,2,1988,468.52
O04383,P0043,5,7060,1238.0
O04383,P0042,4,3616,756.6
O04384,P0024,1,444,100.54
O04385,P0004,5,420,85.39
O04386,P0088,5,5005,587.1
O04386,P0071,1,318,64.59
O04387,P0020,2,2264,444.21
O04387,P0035,3,525,152.02
O04387,P0048,4,5908,1148.17
O04388,P0072,4,1448,253.55
O04388,P0049,2,1634,399.51
O04389,P0024,2,888,215.44
O04389,P0085,5,6765,887.36
O04390,P0018,1,115,13.9
O04390,P0016,2,2874,699.61
O04390,P0099,4,3860,678.17
O04391,P0018,3,345,38.9
O04391,P0098,4,5664,835.61
O04392,P0065,3,3495,635.68
O04393,P0091,2,2886,717.54
O04393,P0092,2,2398,593.64
O04393,P0076,5,2675,696.82
O04394,P0010,2,378,67.03
O04394,P0026,3,531,103.03
O04395,P0039,5,4710,868.34
O04395,P0065,3,3495,489.22
O04395,P0016,5,7185,841.57
O04396,P0099,5,4825,859.28
O04396,P0054,1,229,33.73
O04397,P0031,4,5724,1484.8
O04397,P0040,2,974,288.51
O04398,P0062,5,4040,948.15
O04398,P0007,2,1988,199.21
O04398,P0018,3,345,52.67
O04399,P0055,4,792,117.54
O04399,P0078,2,2472,304.34
O04400,P0004,1,84,24.12
O04400,P0062,4,3232,821.87
O04401,P0052,1,651,173.37
O04401,P0065,5,5825,1497.87
O04401,P0046,3,564,140.12
O04402,P0094,4,2376,394.19
O04402,P0001,5,7100,667.77
O04402,P0027,1,352,79.37
O04403,P0088,2,2002,530.03
O04403,P0076,5,2675,673.91
O04403,P0079,2,1914,255.44
O04404,P0027,2,704,97.56
O04404,P0024,5,2220,417.23
O04404,P0042,2,1808,503.94
O04405,P0078,4,4944,621.53
O04406,P0042,5,4520,1130.81
O04406,P0080,1,297,87.87
O04407,P0051,1,207,25.84
O04407,P0070,4,2276,428.4
O04407,P0025,3,945,222.55
O04408,P0020,3,3396,642.08
O04408,P0010,2,378,34.52
O04408,P0026,3,531,134.44
O04409,P0078,5,6180,1017.9
O04409,P0100,3,2751,629.08
O04410,P0049,4,3268,730.01
O04410,P0007,3,2982,780.24
O04411,P0061,5,6210,1023.3
O04411,P0075,1,177,16.27
O04412,P0082,3,2100,199.0
O04412,P0055,2,396,111.53
O04413,P0071,4,1272,284.12
O04413,P0059,3,609,134.35
O04413,P0019,5,7105,981.01
O04414,P0021,2,2734,318.33
O04414,P0068,1,367,59.04
O04415,P0076,3,1605,468.13
O04416,P0007,2,1988,545.15
O04416,P0025,3,945,112.52
O04417,P0036,3,3777,427.57
O04418,P0069,5,2850,498.42
O04418,P0077,3,4488,809.19
O04418,P0050,1,758,204.96
O04419,P0033,1,129,17.4
O04420,P0051,5,1035,103.91
O04421,P0030,3,2418,550.21
O04421,P0091,1,1443,370.83
O04421,P0006,4,3168,514.15
O04422,P0086,2,1270,164.13
O04423,P0028,3,3540,321.88
O04423,P0089,1,383,83.38
O04423,P0041,2,2304,646.82
O04424,P0035,5,875,166.39
O04425,P0060,4,4620,787.09
O04425,P0024,2,888,107.41
O04426,P0082,5,3500,812.72
O04426,P0018,1,115,28.92
O04427,P0037,2,1376,171.97
O04428,P0080,1,297,50.04
O04429,P0003,5,6750,1454.17
O04429,P0019,1,1421,343.98
O04429,P0059,4,812,72.68
O04430,P0047,2,670,72.31
O04430,P0063,1,617,121.13
O04431,P0012,4,2792,776.29
O04431,P0095,3,2301,477.88
O04432,P0020,3,3396,733.5
O04432,P0096,1,1174,180.12
O04433,P0036,4,5036,423.87
O04434,P0006,3,2376,512.3
O04435,P0021,1,1367,397.31
O04435,P0080,3,891,113.54
O04436,P0012,2,1396,125.42
O04436,P0011,1,908,197.99
O04436,P0008,4,5296,1276.05
O04437,P0038,3,3954,423.75
O04437,P0061,1,1242,216.34
O04437,P0044,1,195,41.14
O04438,P0017,2,1986,206.39
O04439,P0030,5,4030,726.49
O04439,P0038,3,3954,1015.33
O04439,P0068,2,734,191.64
O04440,P0028,3,3540,1060.71
O04441,P0002,2,370,33.16
O04442,P0095,1,767,164.22
O04443,P0022,3,1161,156.46
O04443,P0057,1,1160,138.64
O04444,P0049,4,3268,514.08
O04444,P0011,1,908,107.7
O04445,P0015,4,1808,179.03
O04446,P0044,3,585,90.53
O04446,P0004,1,84,14.45
O04447,P0053,3,2271,408.35
O04448,P0053,3,2271,256.52
O04448,P0076,4,2140,613.84
O04449,P0089,2,766,129.56
O04450,P0040,1,487,54.39
O04450,P0039,3,2826,296.17
O04451,P0089,3,1149,320.29
O04452,P0069,4,2280,458.21
O04452,P0023,1,664,115.39
O04452,P0037,1,688,103.36
O04453,P0065,1,1165,342.19
O04454,P0052,5,3255,325.79
O04455,P0001,4,5680,1540.93
O04455,P0044,5,975,121.46
O04456,P0088,2,2002,320.91
O04457,P0025,5,1575,404.4
O04458,P0007,2,1988,166.34
O04458,P0088,3,3003,420.36
O04458,P0052,3,1953,471.64
O04459,P0022,3,1161,340.21
O04459,P0067,4,5692,869.66
O04459,P0063,1,617,171.04
O04460,P0059,3,609,73.95
O04460,P0089,1,383,90.15
O04460,P0018,2,230,20.02
O04461,P0025,2,630,105.28
O04461,P0031,3,4293,732.81
O04462,P0010,3,567,123.71
O04462,P0087,3,3765,913.49
O04462,P0051,5,1035,88.39
O04463,P0007,1,994,146.13
O04463,P0080,1,297,44.86
O04463,P0032,3,3135,626.25
O04464,P0080,3,891,90.59
O04465,P0086,2,1270,154.79
O04465,P0008,4,5296,1326.29
O04465,P0055,2,396,51.22
O04466,P0051,2,414,102.7
O04466,P0050,1,758,113.29
O04467,P0031,3,4293,1004.47
O04467,P0050,2,1516,276.52
O04467,P0081,1,33,2.66
O04468,P0066,3,3573,379.79
O04468,P0030,3,2418,317.54
O04468,P0012,4,2792,243.63
O04469,P0021,2,2734,276.4
O04469,P0054,4,916,75.44
O04469,P0009,3,4377,774.66
O04470,P0024,2,888,137.66
O04471,P0016,5,7185,842.91
O04471,P0092,2,2398,646.92
O04471,P0009,5,7295,1779.01
O04472,P0099,4,3860,853.94
O04473,P0022,3,1161,190.11
O04473,P0077,1,1496,269.1
O04473,P0078,5,6180,1098.67
O04474,P0076,3,1605,341.78
O04475,P0064,2,1628,476.89
O04475,P0091,5,7215,956.53
O04476,P0013,1,215,63.6
O04476,P0050,3,2274,542.68
O04476,P0022,5,1935,190.54
O04477,P0072,5,1810,451.05
O04477,P0041,2,2304,309.7
O04478,P0020,1,1132,212.12
O04478,P0054,2,458,136.9
O04478,P0059,4,812,116.32
O04479,P0002,1,185,35.93
O04479,P0084,3,2115,505.46
O04480,P0078,4,4944,776.63
O04481,P0007,3,2982,847.42
O04481,P0021,3,4101,1075.15
O04481,P0016,3,4311,886.37
O04482,P0066,4,4764,403.61
O04482,P0065,4,4660,1246.77
O04483,P0033,3,387,31.53
O04483,P0054,3,687,114.2
O04484,P0074,4,2532,502.24
O04485,P0084,3,2115,367.13
O04485,P0038,2,2636,471.94
O04485,P0017,5,4965,1119.91
O04486,P0015,4,1808,155.01
O04487,P0082,4,2800,709.18
O04488,P0058,1,231,47.0
O04489,P0022,1,387,93.92
O04489,P0094,1,594,176.87
O04489,P0002,2,370,65.09
O04490,P0067,5,7115,1585.63
O04491,P0033,3,387,102.85
O04491,P0056,1,902,233.81
O04491,P0092,1,1199,268.35
O04492,P0011,1,908,246.9
O04493,P0024,4,1776,411.79
O04494,P0016,2,2874,563.37
O04494,P0035,3,525,149.31
O04494,P0028,5,5900,1071.46
O04495,P0003,4,5400,1364.45
O04495,P0049,1,817,115.24
O04496,P0060,4,4620,505.93
O04496,P0086,4,2540,486.24
O04496,P0038,1,1318,135.94
O04497,P0070,4,2276,506.29
O04497,P0031,5,7155,2002.88
O04498,P0003,4,5400,465.47
O04498,P0072,4,1448,259.06
O04499,P0044,3,585,170.58
O04499,P0045,3,1572,260.76
O04499,P0042,5,4520,1043.61
O04500,P0065,2,2330,262.93
O04500,P0050,3,2274,614.82
O04500,P0012,1,698,204.94
O04501,P0097,4,4928,654.61
O04501,P0029,5,7030,2006.54
O04502,P0029,4,5624,1436.13
O04502,P0098,5,7080,1785.12
O04502,P0013,5,1075,127.32
O04503,P0019,1,1421,268.74
O04504,P0070,4,2276,415.9
O04505,P0058,5,1155,198.12
O04505,P0093,4,2748,334.18
O04506,P0019,1,1421,285.93
O04506,P0042,1,904,169.78
O04506,P0034,4,3660,503.88
O04507,P0014,3,321,60.93
O04507,P0053,5,3785,501.61
O04508,P0072,5,1810,410.27
O04508,P0035,3,525,117.61
O04508,P0068,3,1101,140.44
O04509,P0092,3,3597,593.71
O04510,P0005,5,4250,779.15
O04510,P0043,1,1412,168.08
O04510,P0080,2,594,148.54
O04511,P0032,5,5225,648.07
O04512,P0007,4,3976,1098.38
O04512,P0057,4,4640,1024.93
O04512,P0059,1,203,22.88
O04513,P0070,1,569,117.79
O04513,P0060,5,5775,995.9
O04514,P0048,5,7385,898.11
O04514,P0045,3,1572,208.41
O04514,P0099,1,965,122.4
O04515,P0051,2,414,102.76
O04516,P0009,5,7295,931.46
O04516,P0078,3,3708,819.86
O04517,P0010,2,378,73.12
O04517,P0003,4,5400,876.21
O04517,P0079,2,1914,291.83
O04518,P0019,2,2842,492.17
O04518,P0055,2,396,36.32
O04519,P0030,3,2418,606.0
O04519,P0070,4,2276,309.05
O04519,P0047,5,1675,179.65
O04520,P0016,5,7185,823.99
O04521,P0054,5,1145,141.22
O04521,P0031,3,4293,458.87
O04521,P0008,2,2648,544.24
O04522,P0068,2,734,80.91
O04523,P0056,1,902,159.57
O04524,P0073,5,2925,511.67
O04524,P0028,1,1180,300.32
O04525,P0001,3,4260,983.4
O04525,P0047,4,1340,217.31
O04525,P0030,1,806,120.56
O04526,P0025,4,1260,301.71
O04526,P0092,5,5995,583.63
O04527,P0066,2,2382,229.42
O04527,P0084,2,1410,320.42
O04528,P0033,3,387,85.51
O04529,P0036,3,3777,507.93
O04530,P0045,1,524,49.84
O04530,P0046,3,564,106.53
O04530,P0033,1,129,34.64
O04531,P0030,4,3224,369.93
O04532,P0051,3,621,120.12
O04532,P0088,2,2002,327.76
O04532,P0074,3,1899,340.22
O04533,P0047,4,1340,162.17
O04533,P0049,5,4085,557.39
O04534,P0075,5,885,90.35
O04535,P0028,4,4720,1301.68
O04535,P0012,4,2792,823.15
O04535,P0082,5,3500,693.57
O04536,P0018,1,115,19.31
O04536,P0047,3,1005,130.77
O04537,P0016,3,4311,597.18
O04537,P0091,1,1443,134.63
O04537,P0054,1,229,19.11
O04538,P0031,4,5724,1439.56
O04539,P0003,4,5400,741.41
O04539,P0049,2,1634,256.11
O04539,P0073,5,2925,330.69
O04540,P0100,1,917,245.0
O04541,P0012,5,3490,698.19
O04542,P0072,5,1810,310.32
O04542,P0016,5,7185,1588.82
O04542,P0084,2,1410,410.4
O04543,P0027,5,1760,235.83
O04543,P0040,4,1948,572.03
O04543,P0027,3,1056,133.3
O04544,P0013,5,1075,295.95
O04544,P0048,1,1477,150.9
O04545,P0085,4,5412,477.71
O04545,P0015,2,904,131.9
O04546,P0076,4,2140,196.25
O04546,P0077,1,1496,406.23
O04547,P0069,3,1710,453.4
O04547,P0035,2,350,57.59
O04548,P0071,3,954,267.02
O04548,P0049,3,2451,420.52
O04549,P0040,1,487,136.68
O04550,P0050,2,1516,235.24
O04551,P0033,4,516,112.0
O04551,P0019,2,2842,317.45
O04552,P0076,5,2675,381.42
O04553,P0096,1,1174,287.82
O04553,P0041,2,2304,522.11
O04554,P0096,3,3522,580.01
O04555,P0064,5,4070,1154.67
O04556,P0082,4,2800,646.07
O04556,P0051,1,207,35.56
O04557,P0043,5,7060,1380.99
O04558,P0028,1,1180,209.01
O04559,P0041,1,1152,191.3
O04559,P0017,3,2979,325.79
O04560,P0004,1,84,20.4
O04560,P0036,1,1259,353.5
O04561,P0013,3,645,141.44
O04562,P0067,3,4269,716.59
O04562,P0066,4,4764,920.46
O04563,P0058,3,693,121.93
O04563,P0044,1,195,38.28
O04563,P0005,3,2550,355.36
O04564,P0001,2,2840,648.38
O04565,P0064,4,3256,518.11
O04565,P0003,1,1350,149.72
O04566,P0064,5,4070,1042.03
O04566,P0048,1,1477,224.98
O04567,P0086,3,1905,383.71
O04567,P0066,4,4764,1059.02
O04568,P0033,3,387,92.86
O04569,P0012,2,1396,285.45
O04569,P0069,3,1710,203.64
O04569,P0060,3,3465,728.98
O04570,P0093,1,687,178.05
O04571,P0038,1,1318,294.03
O04572,P0083,5,3470,722.58
O04573,P0006,3,2376,453.41
O04573,P0008,3,3972,414.02
O04573,P0091,1,1443,353.88
O04574,P0001,5,7100,2069.83
O04575,P0062,4,3232,899.41
O04575,P0020,5,5660,688.84
O04575,P0077,1,1496,213.32
O04576,P0070,4,2276,343.04
O04577,P0023,1,664,174.2
O04578,P0029,1,1406,145.91
O04578,P0055,3,594,163.83
O04578,P0056,2,1804,164.82
O04579,P0042,3,2712,635.71
O04579,P0065,4,4660,1006.65
O04579,P0096,5,5870,1132.72
O04580,P0064,4,3256,549.33
O04580,P0045,5,2620,380.96
O04580,P0096,1,1174,272.4
O04581,P0041,4,4608,557.83
O04582,P0079,1,957,128.63
O04582,P0011,4,3632,655.77
O04582,P0076,3,1605,463.64
O04583,P0027,4,1408,209.34
O04584,P0022,5,1935,207.48
O04584,P0077,3,4488,548.01
O04585,P0013,1,215,43.68
O04586,P0033,1,129,13.11
O04587,P0029,5,7030,1049.03
O04588,P0089,2,766,78.53
O04589,P0084,5,3525,877.2
O04589,P0018,2,230,33.06
O04590,P0095,3,2301,656.93
O04590,P0090,1,673,161.52
O04590,P0006,2,1584,433.87
O04591,P0047,3,1005,167.63
O04591,P0009,4,5836,1078.81
O04591,P0049,1,817,178.55
O04592,P0019,1,1421,424.73
O04593,P0035,2,350,100.17
O04593,P0054,3,687,78.98
O04594,P0066,4,4764,843.34
O04594,P0008,1,1324,342.89
O04594,P0029,4,5624,926.11
O04595,P0008,2,2648,572.49
O04595,P0020,2,2264,505.77
O04596,P0038,5,6590,1616.43
O04596,P0052,4,2604,574.84
O04596,P0023,4,2656,626.37
O04597,P0068,3,1101,100.63
O04597,P0071,5,1590,372.34
O04598,P0083,4,2776,749.29
O04598,P0077,1,1496,132.75
O04599,P0002,3,555,66.19
O04599,P0042,3,2712,719.83
O04599,P0039,1,942,79.6
O04600,P0045,1,524,143.65
O04601,P0058,1,231,19.43
O04601,P0077,5,7480,1774.49
O04602,P0015,2,904,128.73
O04602,P0089,4,1532,393.65
O04603,P0026,3,531,74.78
O04604,P0069,3,1710,245.65
O04604,P0065,1,1165,205.17
O04605,P0077,5,7480,1573.6
O04605,P0070,2,1138,239.64
O04605,P0033,4,516,154.58
O04606,P0015,2,904,187.86
O04606,P0066,3,3573,835.54
O04607,P0003,5,6750,1516.48
O04608,P0004,2,168,42.82
O04608,P0050,5,3790,783.93
O04608,P0024,4,1776,395.31
O04609,P0017,2,1986,498.4
O04609,P0087,4,5020,1008.23
O04609,P0055,4,792,153.26
O04610,P0003,1,1350,189.44
O04610,P0060,2,2310,363.83
O04611,P0080,2,594,57.85
O04611,P0016,5,7185,1526.52
O04612,P0077,2,2992,285.95
O04612,P0012,1,698,167.24
O04612,P0093,5,3435,723.06
O04613,P0084,1,705,157.34
O04613,P0032,3,3135,422.84
O04613,P0017,4,3972,946.85
O04614,P0029,1,1406,364.61
O04614,P0039,1,942,178.07
O04615,P0089,1,383,91.58
O04615,P0002,5,925,260.98
O04616,P0077,5,7480,1063.37
O04616,P0090,5,3365,720.35
O04617,P0069,2,1140,287.39
O04617,P0020,4,4528,738.67
O04618,P0061,4,4968,534.33
O04618,P0011,1,908,120.12
O04619,P0092,3,3597,1009.42
O04620,P0020,1,1132,242.7
O04620,P0037,3,2064,415.97
O04621,P0019,3,4263,601.68
O04621,P0006,2,1584,183.48
O04621,P0095,3,2301,479.05
O04622,P0038,1,1318,162.31
O04622,P0070,2,1138,268.29
O04623,P0028,3,3540,760.09
O04623,P0048,3,4431,641.22
O04623,P0082,5,3500,598.37
O04624,P0051,3,621,64.67
O04624,P0040,1,487,41.74
O04624,P0027,4,1408,266.86
O04625,P0071,1,318,72.49
O04625,P0007,4,3976,518.72
O04626,P0077,5,7480,614.55
O04626,P0076,3,1605,387.57
O04627,P0074,1,633,119.05
O04627,P0053,4,3028,830.39
O04628,P0100,2,1834,242.45
O04629,P0087,4,5020,1358.2
O04630,P0030,5,4030,1020.02
O04630,P0084,4,2820,764.34
O04631,P0022,2,774,212.37
O04632,P0067,2,2846,363.22
O04632,P0091,5,7215,755.04
O04632,P0039,5,4710,459.88
O04633,P0035,5,875,227.08
O04634,P0005,5,4250,1041.36
O04634,P0015,3,1356,390.25
O04634,P0093,3,2061,470.82
O04635,P0091,3,4329,1181.87
O04635,P0035,1,175,16.72
O04635,P0081,2,66,11.69
O04636,P0097,5,6160,1066.2
O04636,P0061,4,4968,1371.43
O04637,P0049,1,817,81.12
O04638,P0091,2,2886,382.38
O04638,P0064,1,814,225.87
O04638,P0083,5,3470,662.25
O04639,P0008,2,2648,243.2
O04640,P0092,3,3597,906.17
O04640,P0022,5,1935,533.09
O04641,P0049,1,817,70.17
O04641,P0073,5,2925,295.47
O04641,P0034,1,915,122.21
O04642,P0094,3,1782,357.06
O04642,P0052,3,1953,463.56
O04643,P0098,1,1416,399.16
O04643,P0046,2,376,35.68
O04643,P0032,2,2090,307.23
O04644,P0056,3,2706,230.61
O04644,P0080,1,297,53.02
O04644,P0030,2,1612,312.59
O04645,P0068,1,367,63.64
O04645,P0071,5,1590,291.81
O04646,P0024,2,888,106.93
O04646,P0064,1,814,115.54
O04647,P0012,5,3490,646.4
O04647,P0029,1,1406,177.32
O04647,P0055,2,396,115.55
O04648,P0088,2,2002,443.9
O04648,P0040,4,1948,265.47
O04649,P0088,2,2002,295.28
O04649,P0043,2,2824,290.83
O04649,P0081,4,132,21.05
O04650,P0040,1,487,70.48
O04651,P0075,1,177,16.72
O04651,P0057,3,3480,363.02
O04652,P0011,2,1816,279.61
O04653,P0049,4,3268,672.13
O04653,P0088,2,2002,181.0
O04654,P0013,2,430,99.17
O04654,P0021,2,2734,627.13
O04655,P0016,3,4311,746.31
O04655,P0078,4,4944,537.44
O04655,P0009,1,1459,273.72
O04656,P0061,5,6210,1590.77
O04657,P0049,5,4085,1172.43
O04657,P0097,5,6160,1166.09
O04657,P0023,5,3320,927.51
O04658,P0009,4,5836,1010.64
O04658,P0022,4,1548,436.41
O04659,P0063,2,1234,234.49
O04660,P0057,1,1160,125.67
O04660,P0042,2,1808,385.87
O04661,P0049,5,4085,1199.4
O04662,P0010,5,945,170.5
O04663,P0047,2,670,59.75
O04663,P0035,5,875,161.74
O04663,P0023,1,664,93.28
O04664,P0056,5,4510,611.74
O04665,P0041,5,5760,980.21
O04665,P0039,5,4710,1214.56
O04666,P0042,4,3616,948.21
O04667,P0020,3,3396,356.46
O04668,P0097,1,1232,233.71
O04668,P0086,5,3175,713.14
O04668,P0072,3,1086,260.79
O04669,P0008,2,2648,576.74
O04670,P0002,3,555,151.41
O04671,P0091,5,7215,1103.31
O04671,P0002,2,370,103.44
O04672,P0055,5,990,218.06
O04673,P0005,4,3400,810.78
O04674,P0085,3,4059,1128.87
O04675,P0076,5,2675,326.53
O04675,P0090,2,1346,280.47
O04676,P0067,1,1423,324.93
O04676,P0047,3,1005,136.04
O04677,P0060,2,2310,447.32
O04677,P0070,4,2276,630.93
O04678,P0063,2,1234,363.99
O04679,P0055,4,792,231.25
O04679,P0033,1,129,32.11
O04679,P0014,2,214,38.71
O04680,P0014,3,321,38.81
O04680,P0014,3,321,51.04
O04680,P0015,3,1356,322.97
O04681,P0028,3,3540,491.12
O04682,P0088,4,4004,988.77
O04683,P0091,5,7215,1652.64
O04683,P0090,4,2692,492.52
O04683,P0020,5,5660,1541.76
O04684,P0030,5,4030,1144.39
O04684,P0091,2,2886,639.99
O04684,P0062,2,1616,475.9
O04685,P0013,1,215,52.21
O04686,P0059,2,406,93.14
O04686,P0033,1,129,36.59
O04687,P0005,5,4250,630.18
O04688,P0009,1,1459,367.82
O04689,P0052,4,2604,268.84
O04689,P0006,4,3168,509.27
O04690,P0067,5,7115,1653.72
O04690,P0023,3,1992,200.9
O04691,P0066,3,3573,719.71
O04692,P0068,4,1468,143.86
O04692,P0065,4,4660,636.39
O04693,P0073,2,1170,340.69
O04693,P0072,2,724,180.5
O04694,P0036,4,5036,468.57
O04694,P0008,3,3972,809.69
O04695,P0091,4,5772,566.1
O04695,P0076,1,535,158.11
O04696,P0030,4,3224,588.59
O04696,P0008,1,1324,173.19
O04696,P0028,2,2360,358.21
O04697,P0061,3,3726,838.78
O04698,P0066,1,1191,216.75
O04699,P0056,3,2706,716.61
O04700,P0098,4,5664,1415.94
O04700,P0074,5,3165,943.84
O04700,P0011,4,3632,815.74
O04701,P0037,5,3440,889.18
O04701,P0013,1,215,52.9
O04702,P0094,1,594,81.6
O04702,P0077,2,2992,577.32
O04702,P0042,1,904,231.98
O04703,P0013,5,1075,226.67
O04703,P0087,5,6275,1790.69
O04704,P0100,2,1834,252.08
O04704,P0067,5,7115,820.97
O04704,P0040,4,1948,165.41
O04705,P0098,1,1416,146.08
O04705,P0043,2,2824,262.69
O04705,P0073,5,2925,508.13
O04706,P0078,2,2472,271.67
O04706,P0074,1,633,164.01
O04707,P0012,4,2792,724.33
O04707,P0096,1,1174,225.67
O04708,P0077,2,2992,544.6
O04709,P0008,1,1324,367.35
O04709,P0074,4,2532,234.24
O04709,P0079,2,1914,267.33
O04710,P0081,3,99,12.23
O04710,P0033,2,258,40.74
O04711,P0070,4,2276,330.3
O04711,P0097,3,3696,466.42
O04712,P0053,3,2271,227.35
O04713,P0005,2,1700,212.86
O04713,P0044,1,195,50.85
O04713,P0100,3,2751,286.18
O04714,P0060,1,1155,242.79
O04715,P0008,2,2648,228.02
O04716,P0032,4,4180,428.62
O04717,P0100,4,3668,817.65
O04717,P0066,2,2382,218.21
O04717,P0065,1,1165,185.59
O04718,P0086,2,1270,122.66
O04719,P0025,3,945,130.65
O04719,P0082,4,2800,707.05
O04719,P0027,4,1408,315.22
O04720,P0064,3,2442,633.91
O04721,P0082,3,2100,477.44
O04721,P0093,3,2061,516.26
O04721,P0040,1,487,52.21
O04722,P0050,1,758,221.28
O04722,P0036,3,3777,857.29
O04723,P0083,5,3470,823.75
O04723,P0039,3,2826,394.03
O04723,P0044,2,390,66.64
O04724,P0081,1,33,6.52
O04724,P0031,3,4293,640.55
O04724,P0063,4,2468,611.82
O04725,P0093,5,3435,1008.76
O04725,P0023,4,2656,522.15
O04726,P0019,5,7105,1144.78
O04726,P0066,5,5955,615.88
O04726,P0087,5,6275,1303.42
O04727,P0051,3,621,181.86
O04727,P0016,2,2874,735.16
O04727,P0079,2,1914,235.17
O04728,P0077,3,4488,944.7
O04728,P0092,3,3597,692.27
O04728,P0080,2,594,171.54
O04729,P0093,3,2061,562.03
O04729,P0098,2,2832,543.05
O04729,P0023,1,664,102.21
O04730,P0008,3,3972,357.58
O04730,P0051,4,828,196.68
O04731,P0054,1,229,47.84
O04731,P0037,4,2752,709.53
O04731,P0059,3,609,83.45
O04732,P0024,2,888,141.0
O04732,P0040,3,1461,343.08
O04733,P0018,4,460,86.25
O04733,P0008,3,3972,567.04
O04734,P0083,5,3470,575.72
O04734,P0039,5,4710,630.96
O04735,P0049,4,3268,464.41
O04735,P0070,1,569,51.63
O04736,P0026,4,708,145.16
O04737,P0029,2,2812,466.34
O04737,P0032,5,5225,917.33
O04737,P0026,4,708,113.36
O04738,P0055,2,396,74.96
O04738,P0046,5,940,122.32
O04739,P0088,3,3003,836.96
O04739,P0063,3,1851,414.09
O04739,P0099,4,3860,326.38
O04740,P0045,2,1048,111.8
O04741,P0011,1,908,166.09
O04741,P0031,3,4293,582.65
O04742,P0015,2,904,192.26
O04742,P0061,1,1242,124.66
O04743,P0069,1,570,117.52
O04743,P0013,5,1075,288.07
O04744,P0064,2,1628,431.96
O04745,P0074,3,1899,347.75
O04745,P0034,4,3660,746.66
O04745,P0008,4,5296,1533.11
O04746,P0046,1,188,44.27
O04746,P0006,3,2376,295.3
O04747,P0006,4,3168,792.78
O04747,P0010,2,378,41.19
O04747,P0085,1,1353,301.45
O04748,P0070,5,2845,413.58
O04749,P0033,5,645,123.76
O04749,P0052,5,3255,445.62
O04749,P0010,3,567,162.35
O04750,P0052,5,3255,670.87
O04750,P0015,2,904,208.69
O04751,P0019,4,5684,568.27
O04752,P0079,5,4785,1341.1
O04752,P0029,5,7030,1202.91
O04753,P0072,3,1086,308.23
O04753,P0098,3,4248,904.78
O04754,P0029,3,4218,997.46
O04754,P0038,3,3954,1049.39
O04754,P0069,5,2850,777.16
O04755,P0060,4,4620,1106.63
O04756,P0080,1,297,55.97
O04756,P0076,3,1605,368.88
O04756,P0095,2,1534,271.03
O04757,P0024,5,2220,289.24
O04758,P0017,3,2979,829.63
O04759,P0063,2,1234,261.53
O04760,P0057,4,4640,1251.64
O04761,P0072,4,1448,239.27
O04762,P0090,4,2692,759.11
O04762,P0044,3,585,138.24
O04763,P0088,3,3003,886.69
O04763,P0066,3,3573,858.41
O04763,P0091,4,5772,888.88
O04764,P0004,1,84,8.21
O04764,P0026,5,885,144.35
O04765,P0079,1,957,278.05
O04765,P0069,1,570,89.52
O04765,P0096,2,2348,553.23
O04766,P0064,5,4070,968.91
O04767,P0076,1,535,98.92
O04768,P0041,3,3456,792.87
O04768,P0019,3,4263,892.19
O04768,P0031,2,2862,728.35
O04769,P0080,2,594,105.33
O04769,P0029,4,5624,1056.64
O04769,P0028,3,3540,425.38
O04770,P0021,2,2734,410.2
O04770,P0024,3,1332,170.16
O04770,P0042,2,1808,470.77
O04771,P0070,2,1138,274.16
O04771,P0026,2,354,84.04
O04772,P0040,2,974,208.18
O04772,P0025,5,1575,190.83
O04772,P0062,3,2424,257.75
O04773,P0006,2,1584,258.92
O04774,P0077,4,5984,1474.76
O04774,P0007,1,994,135.82
O04775,P0018,3,345,99.99
O04775,P0043,5,7060,1163.35
O04775,P0088,5,5005,1134.26
O04776,P0047,3,1005,128.28
O04776,P0063,4,2468,234.52
O04777,P0083,4,2776,373.92
O04777,P0008,1,1324,209.64
O04778,P0082,5,3500,717.2
O04779,P0021,1,1367,276.61
O04780,P0015,1,452,102.31
O04781,P0010,3,567,51.81
O04781,P0025,5,1575,198.62
O04781,P0058,2,462,84.43
O04782,P0088,1,1001,296.43
O04783,P0093,4,2748,817.69
O04783,P0055,3,594,170.53
O04783,P0086,3,1905,369.16
O04784,P0023,2,1328,306.18
O04785,P0086,3,1905,406.6
O04785,P0065,1,1165,227.88
O04786,P0085,5,6765,1607.09
O04786,P0086,1,635,135.67
O04787,P0100,2,1834,216.45
O04787,P0047,5,1675,375.44
O04788,P0075,1,177,48.09
O04788,P0085,1,1353,263.75
O04789,P0028,3,3540,423.37
O04789,P0026,5,885,264.71
O04790,P0001,3,4260,875.22
O04790,P0012,1,698,76.02
O04790,P0077,2,2992,288.98
O04791,P0027,5,1760,491.96
O04791,P0093,5,3435,664.81
O04792,P0025,3,945,99.51
O04792,P0092,3,3597,640.29
O04793,P0048,1,1477,182.4
O04793,P0074,2,1266,105.11
O04793,P0055,5,990,193.71
O04794,P0089,4,1532,413.67
O04795,P0038,3,3954,1133.1
O04795,P0084,4,2820,434.19
O04795,P0028,2,2360,684.5
O04796,P0014,3,321,34.28
O04796,P0067,2,2846,811.7
O04796,P0086,1,635,112.79
O04797,P0015,5,2260,391.21
O04797,P0073,3,1755,339.5
O04797,P0022,4,1548,234.37
O04798,P0079,5,4785,738.7
O04798,P0008,1,1324,277.11
O04798,P0015,5,2260,555.22
O04799,P0055,3,594,53.15
O04799,P0014,5,535,140.36
O04800,P0009,2,2918,812.01
O04800,P0017,4,3972,678.05
O04801,P0079,4,3828,413.98
O04801,P0051,2,414,78.82
O04802,P0033,1,129,25.65
O04802,P0081,1,33,4.73
O04803,P0071,2,636,56.39
O04803,P0055,2,396,88.42
O04803,P0051,3,621,154.25
O04804,P0059,1,203,46.7
O04804,P0098,3,4248,1187.17
O04805,P0046,1,188,35.18
O04806,P0075,3,531,119.86
O04806,P0076,3,1605,341.95
O04807,P0085,5,6765,1887.0
O04808,P0086,4,2540,641.36
O04809,P0052,4,2604,465.62
O04809,P0032,1,1045,185.13
O04809,P0068,5,1835,418.09
O04810,P0024,4,1776,362.31
O04810,P0053,3,2271,447.93
O04810,P0002,4,740,103.28
O04811,P0097,1,1232,113.36
O04812,P0044,4,780,140.95
O04812,P0079,2,1914,565.08
O04812,P0002,3,555,160.35
O04813,P0015,4,1808,393.17
O04813,P0063,5,3085,552.23
O04813,P0002,5,925,255.68
O04814,P0076,4,2140,393.75
O04815,P0081,2,66,9.33
O04816,P0033,1,129,22.56
O04817,P0002,3,555,126.91
O04817,P0080,5,1485,289.19
O04818,P0064,3,2442,723.02
O04819,P0069,5,2850,237.15
O04819,P0066,4,4764,383.99
O04820,P0022,4,1548,337.8
O04821,P0021,4,5468,851.93
O04822,P0092,4,4796,777.52
O04822,P0068,5,1835,218.83
O04822,P0071,4,1272,353.6
O04823,P0061,2,2484,612.32
O04823,P0008,2,2648,601.12
O04823,P0091,2,2886,529.05
O04824,P0009,3,4377,1097.7
O04825,P0048,2,2954,473.01
O04826,P0011,2,1816,540.41
O04826,P0035,2,350,93.65
O04827,P0045,1,524,105.62
O04828,P0062,4,3232,727.66
O04828,P0074,5,3165,496.16
O04829,P0046,1,188,30.24
O04829,P0059,2,406,95.51
O04829,P0012,2,1396,216.23
O04830,P0070,4,2276,191.95
O04830,P0068,5,1835,364.66
O04831,P0075,1,177,48.25
O04831,P0082,3,2100,591.6
O04831,P0026,5,885,112.24
O04832,P0051,5,1035,93.31
O04832,P0009,2,2918,253.23
O04832,P0001,3,4260,409.38
O04833,P0021,4,5468,844.49
O04834,P0022,2,774,162.1
O04835,P0030,4,3224,777.31
O04835,P0027,5,1760,244.17
O04836,P0011,5,4540,1359.97
O04836,P0018,4,460,124.41
O04836,P0041,4,4608,1196.24
O04837,P0019,4,5684,1456.69
O04838,P0045,1,524,44.79
O04838,P0007,3,2982,854.35
O04839,P0009,3,4377,1108.17
O04840,P0089,4,1532,133.14
O04841,P0007,3,2982,719.61
O04842,P0052,4,2604,776.52
O04843,P0024,2,888,146.75
O04843,P0030,4,3224,316.4
O04844,P0004,4,336,44.5
O04844,P0091,4,5772,1016.25
O04844,P0041,1,1152,321.91
O04845,P0087,4,5020,1285.11
O04845,P0043,1,1412,342.54
O04846,P0073,3,1755,462.15
O04846,P0053,4,3028,528.08
O04847,P0042,2,1808,260.18
O04847,P0019,5,7105,1700.76
O04847,P0097,3,3696,350.21
O04848,P0094,4,2376,454.53
O04849,P0029,1,1406,190.02
O04850,P0082,5,3500,667.4
O04850,P0082,4,2800,330.64
O04850,P0091,2,2886,680.91
O04851,P0070,5,2845,335.27
O04851,P0095,2,1534,168.74
O04851,P0048,2,2954,610.81
O04852,P0037,5,3440,954.09
O04852,P0002,2,370,39.59
O04852,P0089,5,1915,484.12
O04853,P0083,4,2776,648.78
O04854,P0028,2,2360,635.92
O04855,P0094,1,594,85.35
O04856,P0031,5,7155,979.41
O04856,P0018,3,345,59.47
O04857,P0046,1,188,30.07
O04857,P0072,3,1086,113.27
O04858,P0044,4,780,129.42
O04858,P0040,3,1461,218.34
O04859,P0092,5,5995,1584.61
O04859,P0024,5,2220,218.88
O04859,P0090,1,673,113.34
O04860,P0041,3,3456,558.24
O04860,P0065,4,4660,876.74
O04860,P0019,4,5684,1394.88
O04861,P0095,3,2301,597.37
O04861,P0100,4,3668,604.01
O04862,P0024,4,1776,522.12
O04862,P0057,1,1160,236.26
O04863,P0053,1,757,143.85
O04864,P0052,3,1953,521.39
O04864,P0010,2,378,78.98
O04864,P0060,3,3465,528.4
O04865,P0051,2,414,39.55
O04865,P0097,3,3696,346.11
O04866,P0075,5,885,175.41
O04866,P0079,4,3828,751.93
O04866,P0072,5,1810,367.12
O04867,P0046,2,376,68.79
O04867,P0071,3,954,231.72
O04868,P0019,2,2842,230.45
O04869,P0072,5,1810,288.87
O04870,P0069,4,2280,629.03
O04871,P0051,5,1035,271.08
O04872,P0068,2,734,162.93
O04872,P0082,4,2800,707.64
O04873,P0035,1,175,16.38
O04873,P0060,4,4620,511.58
O04874,P0098,4,5664,705.04
O04874,P0049,1,817,109.53
O04875,P0061,3,3726,500.69
O04876,P0029,1,1406,280.75
O04877,P0021,5,6835,1780.98
O04878,P0085,2,2706,705.12
O04879,P0031,1,1431,404.67
O04880,P0079,3,2871,651.97
O04880,P0074,4,2532,399.55
O04880,P0036,5,6295,1240.06
O04881,P0008,5,6620,1255.11
O04881,P0006,3,2376,259.83
O04882,P0039,3,2826,321.5
O04882,P0010,4,756,77.83
O04883,P0061,3,3726,456.17
O04884,P0070,4,2276,650.96
O04884,P0003,3,4050,729.25
O04884,P0084,5,3525,445.72
O04885,P0072,4,1448,420.91
O04886,P0069,2,1140,254.26
O04886,P0052,4,2604,616.57
O04886,P0081,1,33,7.41
O04887,P0047,3,1005,294.62
O04887,P0012,4,2792,784.69
O04888,P0012,2,1396,313.47
O04888,P0006,2,1584,408.25
O04889,P0062,5,4040,639.08
O04889,P0096,5,5870,1034.41
O04889,P0002,3,555,52.74
O04890,P0050,5,3790,1073.15
O04890,P0023,3,1992,573.3
O04890,P0062,4,3232,901.31
O04891,P0086,1,635,134.62
O04891,P0041,5,5760,1719.37
O04891,P0076,4,2140,231.89
O04892,P0056,5,4510,664.93
O04892,P0089,4,1532,264.42
O04893,P0018,5,575,70.78
O04894,P0080,5,1485,211.57
O04894,P0069,4,2280,445.85
O04894,P0052,3,1953,515.65
O04895,P0061,5,6210,1121.94
O04895,P0021,4,5468,1016.53
O04896,P0010,5,945,259.89
O04896,P0062,1,808,80.72
O04896,P0042,1,904,98.4
O04897,P0084,1,705,150.5
O04897,P0014,1,107,24.56
O04898,P0027,3,1056,283.36
O04898,P0022,2,774,204.39
O04898,P0024,2,888,176.54
O04899,P0019,4,5684,653.35
O04899,P0073,2,1170,125.57
O04899,P0052,3,1953,429.91
O04900,P0018,1,115,25.24
O04900,P0031,3,4293,1033.85
O04900,P0009,4,5836,687.1
O04901,P0080,3,891,153.03
O04901,P0025,2,630,71.26
O04902,P0031,4,5724,881.77
O04903,P0066,2,2382,521.84
O04903,P0032,2,2090,443.83
O04904,P0002,3,555,48.85
O04904,P0003,2,2700,387.04
O04904,P0005,2,1700,279.34
O04905,P0075,2,354,80.78
O04905,P0020,1,1132,328.25
O04906,P0096,2,2348,215.56
O04907,P0003,3,4050,603.21
O04907,P0017,5,4965,1223.76
O04908,P0042,1,904,206.08
O04908,P0097,2,2464,230.34
O04909,P0077,5,7480,1088.01
O04909,P0017,3,2979,270.61
O04910,P0052,3,1953,162.46
O04910,P0093,5,3435,435.28
O04911,P0064,2,1628,314.87
O04912,P0059,5,1015,216.99
O04912,P0043,4,5648,482.21
O04912,P0090,3,2019,281.37
O04913,P0084,2,1410,139.49
O04913,P0076,5,2675,221.08
O04914,P0060,1,1155,262.46
O04914,P0072,2,724,95.45
O04915,P0033,2,258,73.92
O04915,P0009,2,2918,719.08
O04916,P0046,4,752,164.32
O04916,P0085,2,2706,507.9
O04917,P0017,3,2979,406.92
O04917,P0004,4,336,31.68
O04918,P0085,4,5412,857.98
O04919,P0003,3,4050,609.56
O04920,P0083,1,694,99.51
O04920,P0026,1,177,21.16
O04920,P0013,4,860,145.67
O04921,P0064,3,2442,674.21
O04922,P0056,5,4510,576.26
O04923,P0059,2,406,86.72
O04923,P0094,2,1188,215.96
O04923,P0003,1,1350,355.18
O04924,P0048,3,4431,411.87
O04925,P0059,1,203,25.52
O04925,P0050,3,2274,597.41
O04925,P0047,2,670,147.43
O04926,P0053,1,757,133.28
O04926,P0010,4,756,163.39
O04926,P0071,5,1590,467.36
O04927,P0021,3,4101,783.02
O04927,P0021,3,4101,1061.0
O04927,P0013,4,860,104.55
O04928,P0026,5,885,84.4
O04928,P0080,2,594,126.32
O04928,P0038,5,6590,1780.62
O04929,P0057,4,4640,1309.27
O04930,P0084,5,3525,367.03
O04930,P0035,4,700,109.38
O04930,P0010,2,378,77.42
O04931,P0008,3,3972,721.44
O04931,P0067,1,1423,410.91
O04932,P0030,1,806,204.52
O04933,P0100,4,3668,1052.32
O04934,P0006,2,1584,138.43
O04935,P0028,4,4720,1266.86
O04935,P0054,3,687,145.35
O04935,P0088,1,1001,80.93
O04936,P0096,3,3522,428.66
O04936,P0034,3,2745,748.95
O04937,P0090,3,2019,290.38
O04937,P0085,2,2706,706.85
O04938,P0038,5,6590,1699.17
O04938,P0036,4,5036,1054.6
O04938,P0041,3,3456,388.52
O04939,P0009,1,1459,319.43
O04939,P0050,4,3032,662.3
O04939,P0052,2,1302,367.64
O04940,P0078,4,4944,1176.26
O04940,P0045,2,1048,157.42
O04941,P0019,5,7105,641.8
O04941,P0021,5,6835,1903.83
O04942,P0020,5,5660,850.78
O04942,P0052,4,2604,269.29
O04943,P0047,2,670,81.36
O04943,P0078,3,3708,474.51
O04943,P0030,1,806,72.21
O04944,P0097,1,1232,278.96
O04945,P0095,2,1534,238.17
O04946,P0032,4,4180,927.9
O04946,P0008,4,5296,1509.37
O04946,P0038,3,3954,563.09
O04947,P0085,5,6765,1156.15
O04947,P0058,4,924,107.6
O04948,P0090,3,2019,589.68
O04948,P0089,1,383,50.97
O04948,P0046,3,564,144.81
O04949,P0034,2,1830,235.06
O04949,P0048,3,4431,1153.88
O04949,P0031,3,4293,955.93
O04950,P0022,4,1548,415.25
O04950,P0072,5,1810,258.31
O04950,P0019,1,1421,218.15
O04951,P0061,4,4968,1200.6
O04951,P0047,3,1005,107.17
O04951,P0079,3,2871,542.38
O04952,P0055,1,198,51.46
O04952,P0038,5,6590,1058.48
O04953,P0002,4,740,123.65
O04953,P0025,4,1260,200.31
O04953,P0069,5,2850,454.3
O04954,P0039,4,3768,572.68
O04954,P0055,4,792,65.56
O04954,P0033,2,258,60.68
O04955,P0008,3,3972,451.85
O04955,P0057,5,5800,1539.68
O04956,P0001,3,4260,824.24
O04956,P0076,2,1070,106.38
O04956,P0072,5,1810,208.41
O04957,P0047,3,1005,100.87
O04958,P0077,3,4488,707.7
O04958,P0019,5,7105,1559.25
O04959,P0040,2,974,175.02
O04959,P0060,2,2310,301.61
O04959,P0073,4,2340,399.92
O04960,P0072,1,362,51.64
O04960,P0005,4,3400,501.55
O04961,P0024,2,888,191.93
O04962,P0079,1,957,191.33
O04962,P0011,2,1816,460.93
O04963,P0025,2,630,132.22
O04964,P0081,1,33,2.76
O04965,P0076,3,1605,353.81
O04966,P0013,3,645,178.24
O04967,P0050,2,1516,323.43
O04967,P0053,2,1514,323.42
O04967,P0076,3,1605,140.03
O04968,P0049,3,2451,502.23
O04968,P0054,2,458,92.76
O04968,P0042,1,904,163.98
O04969,P0002,5,925,238.83
O04969,P0042,2,1808,384.67
O04970,P0015,4,1808,358.83
O04970,P0012,2,1396,314.14
O04970,P0031,3,4293,1053.22
O04971,P0025,4,1260,291.25
O04971,P0097,1,1232,112.19
O04972,P0094,5,2970,339.42
O04972,P0033,3,387,64.95
O04973,P0002,4,740,158.11
O04973,P0042,5,4520,582.34
O04974,P0077,1,1496,343.48
O04974,P0019,5,7105,1559.07
O04974,P0005,2,1700,329.75
O04975,P0085,2,2706,739.65
O04975,P0013,3,645,180.08
O04975,P0096,1,1174,230.65
O04976,P0033,5,645,77.25
O04976,P0059,4,812,94.47
O04977,P0055,2,396,64.52
O04977,P0093,5,3435,842.17
O04978,P0022,2,774,199.37
O04979,P0081,3,99,17.68
O04980,P0090,4,2692,360.49
O04981,P0011,4,3632,1027.12
O04981,P0046,5,940,222.36
O04982,P0065,1,1165,279.7
O04982,P0001,3,4260,778.96
O04983,P0011,2,1816,246.48
O04984,P0065,4,4660,799.48
O04984,P0036,1,1259,113.45
O04985,P0026,3,531,112.51
O04986,P0001,4,5680,563.03
O04986,P0046,1,188,55.59
O04986,P0098,5,7080,1182.98
O04987,P0087,5,6275,1035.03
O04987,P0066,5,5955,1387.44
O04987,P0036,4,5036,1447.26
O04988,P0092,2,2398,335.25
O04988,P0089,3,1149,244.62
O04988,P0057,3,3480,959.4
O04989,P0096,5,5870,934.8
O04990,P0008,4,5296,1147.9
O04990,P0056,3,2706,464.78
O04990,P0027,1,352,45.94
O04991,P0061,3,3726,336.65
O04991,P0059,5,1015,298.92
O04992,P0055,2,396,107.37
O04993,P0018,2,230,45.95
O04993,P0011,1,908,151.55
O04993,P0005,2,1700,236.18
O04994,P0027,5,1760,167.17
O04994,P0029,2,2812,624.23
O04995,P0080,4,1188,347.4
O04996,P0036,2,2518,551.34
O04996,P0043,5,7060,1420.67
O04996,P0057,1,1160,116.04
O04997,P0069,2,1140,131.31
O04997,P0093,1,687,66.56
O04997,P0041,2,2304,232.88
O04998,P0091,2,2886,250.61
O04998,P0025,2,630,83.73
O04999,P0068,3,1101,124.87
O05000,P0087,2,2510,334.63
